4.3260808 0.264826477
3.85974693 -0.0288449991
-2.98222399 2.90841651
2.4416573 -2.9114809
3.09265637 -2.97292376
2.72133303 -2.82054877
3.68142152 0.174840838
-0.345908195 4.03595114
-0.0295529775 -4.04814148
-3.65921664 0.24602294
-0.428019136 4.04536057
-2.79856896 -2.62324667
-0.144443452 4.06848526
-0.209683508 4.00883436
-0.45698297 -4.02188253
-0.408722579 4.24004984
2.29681826 3.10583496
4.09018946 0.316796929
4.08433342 -0.277203411
2.75430989 -2.71415448
-3.89711332 -0.302629679
-3.02185106 3.04472256
-3.98042917 0.0205766372
-0.197936162 4.25737619
4.09797668 -0.116758935
-2.9513042 2.97956181
2.77821445 2.66209531
-2.77713108 -3.53203559
0.159422383 -3.93640113
0.0745985582 4.18461657
-2.57578182 3.68910265
-3.8789556 -0.047694739
-4.31411839 0.229274258
2.74633503 -2.53912401
3.06402206 2.93923974
-2.99870372 -2.83353162
-2.94434381 -3.03545332
-2.98411679 2.71098971
-3.79862094 -0.0696576685
-3.69065499 0.0141174505
-2.88920522 3.09779215
-2.94286728 2.91181159
-2.97580051 2.84854198
3.13647175 -2.88443017
2.49255896 2.48295736
3.22509336 -2.9519763
2.40186548 2.47440457
-2.88928199 -2.85471416
0.397905588 -3.92516923
2.99352217 -2.94642425
2.65255833 -2.84478426
-2.87940168 2.64519453
3.69716096 -0.0734751374
-0.160749733 4.38623428
2.46903896 3.10328627
2.56186581 3.00135779
-0.190893769 -3.80074573
-3.3775599 2.29759932
0.306411237 3.87925816
2.21336699 -3.02591491
-2.93203568 -2.99813867
-2.98107147 2.9935627
4.26049185 0.640369475
-0.0978638902 -4.26930046
2.7218926 2.60268474
-0.0213740245 -3.60860372
3.80489612 -0.382388443
2.67111588 -2.71130633
2.97796369 -2.39884329
-3.06984925 -2.96337724
0.0193938836 -4.01117325
-4.61514187 -0.400140136
0.646654069 3.71468854
4.06525183 -0.116369434
3.93437219 0.125645712
-0.0673289895 4.06786776
-2.68149233 -2.82559395
0.167344719 3.75719643
2.73063612 2.83415437
4.11525059 -0.17859292
-2.87034273 -2.75988889
-0.257614672 3.90076852
-0.0632777959 -4.09170198
2.70840621 2.8912456
-2.88021922 -2.69838142
-4.24007893 -0.771098077
-0.134165093 4.09459496
4.04681826 0.57055676
-2.56692624 2.53145766
-2.63650036 2.79141283
-3.6168282 2.69561648
-2.68095851 -2.78374076
-0.497526675 -4.23688221
3.61254048 0.823683202
-2.71194887 -3.029526
2.7697041 2.54324198
-3.86441875 -0.18315731
0.168957844 3.99056292
-2.78539705 2.78027105
-0.205606505 -4.37172937
-3.00805831 2.87431097
-3.84186125 -0.22590749
2.91915464 -2.5023737
0.569702506 3.72471261
2.89667773 -2.77805519
-0.0780716687 -3.91054487
2.55150604 -2.78790951
-3.92092085 -0.253820866
-3.16607213 2.79675698
3.19948101 2.85173321
3.70315146 0.0495269075
-3.98402023 -0.211960211
-2.82186484 2.88890648
-3.89696026 -0.345905036
-2.74930263 -3.18210483
2.71464539 -2.4123745
0.238016114 -4.01569653
-0.165103927 -4.28682566
0.0863272175 -3.81881404
-0.100735828 3.88295698
-0.188710257 3.87479591
-3.46264315 0.16671294
2.86586118 -3.10991597
0.0601816103 4.42874813
-2.61432481 -2.57802248
2.40824175 -2.77153754
-4.00774193 -0.076093711
3.63047457 2.78208733
0.13247709 3.48832846
0.0143863298 -4.21905708
0.197262421 4.19029331
-0.602967203 -4.15531826
4.03118229 0.280854404
0.161515623 3.8229847
2.56111622 -2.9177568
0.250747979 4.1097641
-2.90478468 2.66019917
-2.81447077 -2.75282192
-4.382514 -0.0171424374
0.0280972496 -3.41223764
0.136377588 4.12657785
-4.07040882 0.380639702
-2.96779823 2.98224568
2.50915909 -2.48115921
-2.43913603 -2.61683655
2.8809731 3.05607653
4.32708025 0.141917586
3.99367952 -0.174211383
-2.77188253 -3.06029749
2.9813242 2.88101006
-0.0247263201 -3.82621956
0.349262148 -4.25272417
-3.20794392 -3.08080482
-0.0272387937 -3.65447378
-0.339258522 3.8279438
-3.56414127 0.0723196492
0.367817879 3.92714024
3.19209838 -2.52408195
-2.63337827 2.45255399
-0.205492094 -3.62863231
-2.64154887 2.77649808
0.0990644097 -3.91649318
2.88505101 2.75728559
0.12583603 4.16792631
-2.62143135 2.55490613
4.279037 0.368316621
3.06602287 -2.71442366
2.99114466 2.85422873
-3.10677266 -3.02291417
2.98833036 -2.53007579
-3.34289789 -3.10702753
2.30494308 2.93569303
-2.45322847 -2.66767836
-3.1667428 2.96604776
4.10236931 -0.110380404
-3.76836061 0.195581168
-0.173772722 -3.99951267
0.0434781089 3.99629641
-2.44685292 -2.78276539
-4.03265333 0.120699108
-3.13993979 3.02622628
-3.99876428 -0.0865992606
2.9703927 -2.90306044
-3.52627158 -0.50464803
0.231570095 4.12729597
4.01562929 -0.0252277665
2.69701338 2.95356822
3.80660963 0.042904418
-0.0816750526 -3.94225669
-3.87757635 -0.303593516
-2.9104991 -2.86586881
0.560696185 4.04681778
-2.83373237 -2.94578743
3.11713648 -2.80044842
-4.23456717 0.340311289
-3.9122684 -0.138006851
-2.66409945 -2.51828265
2.77005267 2.82657361
2.94200039 -2.50615287
3.91664457 0.0625168532
2.39588022 2.76962566
4.0463109 -0.188640133
0.432446271 -3.69187665
-3.75496292 -0.182807639
-0.21342352 3.51690149
4.00879812 0.200599462
-2.66489863 -2.96442127
-2.86880326 3.15041208
0.0133860623 4.07257748
0.099297516 3.86655855
-2.61507845 2.53083849
-0.384235263 -3.93161201
-0.0194732025 -3.77602482
-0.0467864871 -3.70026422
-2.4024837 -3.02970719
-3.57636571 -0.132897049
3.24914384 2.4224
0.0285961404 -3.86565948
-2.19216061 2.57234454
2.34264231 2.90991807
-4.24972773 -0.110917151
4.23953962 -0.306108981
3.89988518 -0.160304919
-2.77208948 -3.31718016
0.0593804568 3.96339655
-3.66896868 0.222670987
0.392858505 3.80564046
0.263372898 3.93114781
2.99156308 -3.29485011
0.0540196449 -3.86006021
0.132433012 3.92732596
3.20407772 -3.14897776
2.71573234 3.0979867
0.39142698 4.27056932
2.68435359 -3.12789774
3.00877714 3.24905443
-2.74077892 -2.98528457
-0.238450333 4.14377451
-0.0615598336 3.94816422
-2.87651944 -3.41459298
4.30202055 0.0515092276
-0.0282941367 4.24113846
-2.53076386 -2.83999777
-0.366618454 -3.84621143
-2.82244706 2.35728216
-3.99714851 0.0756880194
-2.17904663 -2.83239388
-0.26114136 3.89284492
0.280923545 -4.07371092
2.34481907 2.13373041
0.895923555 4.14282846
-2.75826144 -3.09232712
2.88220525 3.06674504
-2.76201344 -2.46273375
2.78528666 3.13341188
-0.0272265822 4.11069107
3.06203413 -2.94369245
-4.23562765 -0.546751618
0.315200329 4.30040359
-2.59572244 2.61404824
-3.13949394 -2.62353635
-3.86221671 0.543312192
0.0808127224 -4.13101387
-3.82822537 -0.30095008
-0.396001458 -4.19978237
2.84140515 -2.76250434
2.82857752 2.61178279
3.3109684 -2.94002485
-2.56879973 2.9789784
4.12023926 0.159097433
0.0165555589 3.88126373
-2.52363658 -2.47469425
-0.027784422 4.4776721
-2.85960698 -3.06126404
2.47058177 2.81376839
2.78036094 2.65680313
0.130266175 4.09090853
-3.1786294 -2.79900718
-4.2946291 -0.199155986
2.96321726 -2.55150223
3.7318356 0.173883572
-2.57564282 2.76302314
-0.22279565 -3.85372877
2.78934145 -2.78074741
-3.00467014 2.74977994
0.341846138 -4.23992252
-3.78531814 -0.0883559138
-0.0894973576 3.73079753
-3.17728209 -3.06510377
3.99742222 0.406877846
0.102878861 -3.82309818
-2.72813177 -2.30831623
4.02040291 0.0524089485
4.17337322 -0.158896744
-2.6452291 -2.56847453
3.08085084 3.05181408
-3.32504702 2.7191031
-0.273743808 3.94461775
0.246670604 -3.82993793
-2.86751866 2.54433489
3.23018646 2.30594945
3.962497 0.0194978043
0.225317568 -3.65102673
-2.96841097 -2.63316059
0.173062176 3.95066524
3.85363889 -0.0702151656
2.78792334 -2.68562651
4.20303011 0.391528189
3.16508126 2.85623074
2.82784653 2.91996479
-2.5652411 -2.44554925
3.11307073 -2.80215454
0.29964447 4.22363377
-3.0519762 2.83538485
-0.267696053 -4.31634903
-3.11330914 2.38908434
3.06898761 2.85766697
-3.23520565 -2.86421418
-3.83392739 0.14220579
-2.43447971 -2.64048767
-2.60310388 2.97170186
0.152534217 3.91000152
2.96806383 2.90322614
-4.48100471 -0.240387246
-4.42220259 0.0168252327
2.93647909 2.73554301
3.03819442 -2.66532326
-2.58478975 -3.17212844
-0.0697257668 -3.69607472
-4.51199532 -0.0694903359
-2.70408273 3.09234738
0.438526511 -4.03298998
-3.96717072 0.121422462
-2.50813031 2.64719892
2.63268375 -2.67703438
2.54402971 -2.66272855
-2.70035982 -2.8053863
-3.46235108 -1.9640801
0.021824142 3.99608803
-4.24442339 0.383859754
-2.51360703 2.74674368
-0.166564435 3.64057803
-3.12686658 -2.84569001
4.55329561 -0.0325383283
-0.0715157539 3.47820449
4.20764589 -0.32650435
0.171210378 -4.11738014
3.84752417 0.179089144
3.01353097 2.44252348
-3.04570174 -2.55992532
-2.32085514 -3.05882215
0.0206445511 -4.28154373
0.425360918 -4.09909153
-4.19108582 0.193258032
0.139859676 -3.92492223
-2.80692029 -2.74035668
4.41319132 -0.263407648
3.9225018 0.158672541
-3.06142354 3.60545349
4.09925222 0.148545474
-2.7769711 -3.23685026
2.35776186 2.47666144
-3.94586992 0.152230397
-2.9184444 2.66065645
-3.83310056 -0.275405705
0.171156302 3.85775089
-2.72993731 -3.12276459
4.35793781 -0.154377624
2.46807313 -2.88483834
2.32895088 2.36593366
-3.82903552 0.432054341
-0.156067342 -3.98970723
3.89991903 0.261377156
2.25792861 -2.86745667
-3.03325105 2.50661325
0.111418791 4.06171274
2.89250875 3.0430882
2.91910887 2.82691669
-0.28235516 4.02626133
3.02410412 -2.92792702
-4.23779011 0.106556058
2.82002854 -2.53167129
-0.450406015 -3.79411077
-3.98014879 0.507768273
-2.60536385 2.63109636
-2.37326741 3.10278416
-0.00812903419 4.10747433
-2.59349585 2.77178264
-4.06921244 0.096901454
2.43283701 -2.61640811
2.6711278 -2.44685221
-0.0426044203 3.82568908
2.78312373 -2.44823718
-4.18079138 -0.0200258531
-4.30166721 0.238749415
-3.25838614 0.0422617607
-2.64348888 -2.96427846
2.95619106 2.67186451
2.90205264 -2.73009539
2.39523053 2.93554974
4.24433899 -0.25623697
2.5473907 -3.0560813
0.271932065 3.67260981
-2.83933806 2.76536751
4.12396145 0.204899296
3.98665237 0.112903386
4.09969568 -0.44911173
-3.15591049 -2.81773925
2.61400557 -2.47050667
2.82122779 -2.92385864
-2.73204875 -3.08792663
3.11383533 3.13361931
3.31848335 -0.218935505
2.73402953 -2.41012073
-0.19329831 4.16865969
0.305853188 -4.32986784
3.88302851 0.192962959
2.90649462 -2.80720782
-3.66186428 -0.526704609
-2.71265888 -3.25465178
-3.4561162 0.12081743
2.82432961 2.70431423
2.75752521 -2.692909
-2.9595952 -2.89613461
-2.51084495 -2.7141552
-2.65114069 3.02137876
-4.04136038 -0.261261582
-2.63200283 2.81508613
0.309197754 -4.04261589
-2.4905045 -2.67723227
0.0378341414 3.9914856
-2.76937175 2.56440902
-3.27047992 2.79320264
3.29996872 -0.112840533
3.92767501 0.285781562
0.12360777 -4.33913088
-0.22486271 3.98899889
2.59828043 3.00083542
2.34883261 2.94537616
-3.81831241 -0.348425865
-0.101641819 3.17657113
3.90257049 -0.254861265
-2.7384994 2.62232947
4.30813122 -0.0307089966
-2.74599743 2.97543168
2.67234898 3.10280561
-2.6628294 2.50639129
-0.676996589 -3.69565701
-0.253712595 -4.01330376
-0.364524245 4.36874723
-2.92294788 3.28577018
-0.34959054 3.74764991
-0.412774622 -3.93411565
-3.2270062 -2.76709557
-3.94333529 -0.0420907922
-2.28903675 -2.95727253
2.64452934 -2.74758053
-2.78678679 2.38250399
4.16641521 0.18368119
-2.62908697 -2.49799562
2.79486299 -2.74406385
4.23649931 0.717165887
-0.0260575544 4.28409672
0.24568446 -3.96718931
-4.1410284 0.0201439783
4.58073997 0.170541868
-2.47762656 -3.11002183
3.9562788 -0.146155193
2.72148871 2.73835468
0.123907678 3.93255973
3.4144392 2.93515825
0.0411102064 -4.64956284
3.63395357 -0.214638948
2.38765883 -2.81351328
2.50014353 -3.08826542
-2.94923735 2.62909818
2.9087925 -2.74893522
-2.86443138 2.31682205
-3.9223547 0.295369714
2.74673438 2.95047522
-2.38213325 -3.03859591
-0.0205536801 4.22977829
4.07206011 -0.112224087
-2.49830604 -2.74707365
-2.97348928 2.9283998
2.62113094 2.64204216
-4.35696363 0.48851344
-2.87101388 -2.98743963
-2.83633637 2.98044086
-0.0849629864 -4.02819252
2.91698456 -2.41225052
-0.0861843601 -3.94717789
-0.00902153645 3.91512394
-4.05190563 0.527674317
3.16753435 -2.71898413
-2.93329954 -2.82648492
-2.79329395 2.6334753
2.98484015 2.79169083
4.18487358 0.14654623
-2.99342179 -2.76157975
3.05361342 2.82249761
-3.72363281 0.0192479882
2.82363939 -2.57919288
-3.5994978 0.0845528692
-0.281043768 -3.82810831
-2.89860702 -2.84791422
3.98810649 0.216095284
-2.64510107 2.74595666
-3.32832789 2.9684937
-2.77583432 -2.92248464
4.03994226 -0.101750791
3.22974873 2.90466404
-2.71860838 -2.71348047
2.8296001 2.39573956
-4.0372448 -0.732539654
-2.81235647 3.25716972
2.58579469 2.60843301
3.64958262 0.0704773441
-0.0586308204 -3.99831271
2.8112998 2.57911658
-0.541175723 4.09782743
2.64084911 3.09896994
-3.15077806 3.03500724
-0.0714967027 -3.96506023
-3.92241502 -0.357084125
-0.062301781 -3.62365174
0.420527458 -4.11787939
-3.39994979 3.19029999
-4.20110798 -0.427095532
-2.62276673 2.73487973
3.31697297 -2.51013112
-2.64113522 2.70654416
3.10955477 -2.55494738
-0.32755509 4.18229151
-3.99233675 -0.214479282
2.64462781 2.45942688
-0.430137902 4.45248127
0.191689119 -4.21440983
0.449319035 4.15170288
0.05424181 -3.51563764
2.5617125 -2.95983219
3.00824451 2.45287967
0.217740372 3.82474399
4.25409126 -0.509618044
-3.06065798 -2.31003952
0.0854766667 4.24683809
-4.02423573 -0.382686973
-3.17925286 2.97508907
0.128988013 4.075984
2.71688271 2.73637199
-3.04447269 2.35383248
-2.83109784 -2.34167624
-3.97330594 -0.0489109494
-0.018782055 4.05665064
-3.29423666 2.51900387
0.35997659 4.60303259
3.22527862 -3.10581565
3.89827514 -0.177845418
2.8763907 -3.00729585
-0.370512128 -4.25964689
3.01126337 3.2926681
0.0036248113 -3.98109579
2.80332613 -2.768466
-2.31197023 3.14935303
4.18307781 -0.150902972
-0.0900315791 3.92912817
-0.0352834351 3.96509576
-4.36342335 -0.106410414
-3.97214842 -0.48222509
2.7130084 2.69867253
2.75514078 3.13112164
0.186317399 3.89418221
-2.60384345 3.01293063
-0.334784329 -4.04207087
0.536424935 3.75042152
-0.388132006 -4.24971962
-4.44940186 -0.274991781
0.425160646 3.92296624
-4.02501631 0.671595812
-2.62565994 -2.99324107
2.74085879 2.78639984
2.54477906 -3.62614536
-2.30959773 -3.04080296
-4.09416342 -0.177331001
4.00032043 -0.307814568
0.575504243 -4.38102722
3.09293127 2.96965361
2.88947535 -2.8404932
-2.86352921 -3.0064497
-2.8522625 -2.45816517
3.04595351 2.28596401
-0.198987871 -3.35741091
-4.15831995 0.21247755
4.28063631 0.257492959
2.97606111 2.34665346
4.27619457 0.0654349104
-4.10798359 0.214807957
-2.86359358 2.70829606
-0.0689499527 4.12287855
2.89589596 -3.07428384
-0.0369029082 3.95718765
0.109085865 -4.30231428
-2.98170066 2.60119748
2.88191938 -2.57396555
-2.98450327 -2.75195003
2.7332201 -2.74311113
-0.0193896294 4.34741497
-2.92236876 2.70661712
3.06830215 -3.06997561
-3.86827612 -0.52973491
-2.61466408 2.83307695
4.1972537 0.0804976821
-2.92729926 -2.85499239
2.79731774 2.2457056
-2.58026052 3.1488893
-0.169558927 3.68649483
-0.0281854942 -3.80229449
-3.76746321 0.0596825518
-3.26049423 2.73722839
2.77001023 2.75175166
-0.166498855 -3.77893853
-2.64209747 -3.55184793
4.09532928 -0.259786814
2.89577413 2.76531267
3.07426167 -2.73113418
-2.92884183 2.0473659
2.74399948 2.98057508
0.226472586 4.08324385
-3.40260243 -3.03261089
0.0642093942 4.39908266
-0.0485690013 -4.00608683
-0.190867916 4.38402176
2.7043097 -2.75363374
2.41025352 2.96361661
-0.227753624 -3.99950242
-0.0595409237 3.84484267
2.63754058 2.37180138
2.78521729 -2.5850966
2.96159744 -2.98809242
4.00649452 0.0934754014
2.93074346 -3.05086422
2.82704115 2.98510742
3.95441699 0.488079369
0.165326983 3.81610584
2.60963988 2.70849419
2.70104814 2.69213724
0.0122615211 4.24035978
-0.115367524 3.9829886
3.7787385 0.294203043
-2.99746561 3.12176132
-2.7698791 2.76849294
3.25995564 -2.65896654
-0.194373891 3.52949238
-3.7474761 -0.0787471607
2.93818903 -2.89796853
2.81535482 -2.60464883
-0.665447056 3.81785607
4.53052282 -0.308791518
2.75093198 2.52811909
-2.71679783 2.41301537
-4.62420225 -0.355029106
0.195607007 3.90635228
2.76671267 3.01228523
-0.0414341912 -4.51202869
-3.06840014 -2.71432924
-3.751894 0.344144195
4.42450094 -0.0273204427
-4.14694834 0.272739649
-2.91428971 -2.82339644
3.11327982 2.67591596
-2.92932105 2.47020483
-2.9529531 -2.89311934
-2.70798779 2.50668573
3.03408742 -3.23704314
4.01105452 -0.0317371674
3.94692206 0.016622344
3.66376543 0.326299429
0.0319588482 -4.29590797
3.86897469 -0.125534907
-4.00560617 0.0533586666
4.30927181 0.259481251
-0.360262841 -3.79686928
-0.00432941178 -4.11640596
2.84506273 2.91577864
2.78587246 3.32795334
-2.7363503 -2.74625421
-2.86004543 2.70672488
2.59208488 -3.02567267
-2.90847921 -2.79608059
-3.8092885 -0.111744925
-3.18366146 3.10913086
3.45168018 -0.5012905
-0.109681711 -3.77278209
-3.05050611 -2.27781439
3.86093712 -0.221125275
2.79537201 -3.04401135
4.09156036 -0.0583729185
-3.0127728 2.73423862
2.53262925 2.54509974
-0.113308139 -3.69588327
-0.402391434 -3.86838293
-0.013367869 3.93112946
-3.9061954 0.0105452221
-2.89900208 -3.02118659
2.63904667 2.93263483
2.63467622 -3.1456151
-3.42069769 -0.0623057671
-2.55492616 -3.04783297
2.17042303 2.73696542
-0.216447324 4.15705395
0.147080138 -3.68969321
-0.0777522475 -4.21145964
-2.5045259 -2.86709833
2.98720026 -2.49101329
-4.38462925 -0.132766291
2.98268986 -2.80385017
0.0642687082 3.65100718
-2.57108283 3.01963091
-0.148491457 -3.55862713
-0.37223345 4.33645773
-0.113420874 4.15043783
-4.39758062 0.0375262685
-2.92962003 2.66215062
-3.98732162 -0.0489241332
-2.85485077 2.66172791
-3.13162136 -3.09991074
2.74889898 -2.84910727
-3.01091909 3.38911963
2.72659516 2.68912673
2.91567135 2.87933159
-2.51657033 2.83919525
0.145915776 -3.98313498
-3.21336794 -2.88689876
3.08685708 2.64926767
-2.63129044 2.59190965
0.172269642 3.80583763
3.13852072 -2.29096293
-2.73874807 2.56869626
-3.2138207 -2.93713498
-2.97329664 -2.87839556
3.81535101 -0.0144400513
2.90102386 2.78204966
-4.27992392 -0.0722102523
2.58609819 -2.46691561
0.195691094 3.87017274
-2.63461232 2.38819551
2.94081426 3.09404302
-2.78313565 -3.27591372
2.96762991 2.60826969
-2.38537908 -2.84431124
0.126740456 -3.86889982
3.8801446 -0.187641397
0.266085804 -4.52054167
0.303707808 -3.71942782
-0.368635029 3.55904865
0.059590131 3.85195732
2.43937182 -2.68394852
0.029072864 -3.70249701
-3.13044167 2.89858866
-3.76815677 -0.00866258144
2.52937078 3.03543854
2.72484303 -2.69103622
-4.03216743 0.0631589592
-2.87750864 -2.80267596
2.44682598 2.41938353
2.97027493 -3.08031559
-2.75338125 -2.67419958
2.987221 2.52875805
-0.17058593 3.99047709
0.127949029 -4.03309584
-2.8087678 -2.58579803
-2.85942602 2.6418879
-3.21201968 -2.72704029
-0.243819714 -3.80411983
2.71455574 -2.84378147
-0.148743838 -3.64565992
2.63478518 2.79281425
-2.84956074 -2.66483402
0.477066576 -4.2470088
-4.06430197 0.289242536
-4.38055897 -0.0757787675
4.05530787 -0.253367215
-2.66697121 -2.8616302
2.75023222 -3.1387198
-2.89906001 -2.35589981
-3.74861217 0.176420957
4.02833605 0.357098788
2.91502714 -2.78007317
-0.0728394613 4.03760576
-4.00693798 -0.120760351
-4.15914822 -0.36364615
4.14845181 -0.268930167
-0.134529769 3.90333748
-2.95358396 -2.747401
-2.87744331 2.31858778
4.19001913 -0.407019317
2.2932291 -3.25689912
-0.425097138 4.48591948
-4.43756104 0.331279337
-2.89947152 -2.9449029
2.91178036 -2.50722075
-2.99365783 3.22840071
2.81604671 -2.90873384
-3.95871997 0.0208086632
2.98712564 -2.70714688
2.71701717 2.74241877
3.11613822 -2.45148873
3.10981202 -2.98797727
4.14207983 0.357221276
3.92097139 0.129813164
-3.01640558 3.2425189
2.88887978 -3.16128516
0.1829402 4.05392265
-0.496816218 -3.96466279
-2.95239449 2.57228255
4.15629292 0.348363221
3.93488407 0.0685446188
-0.26517415 4.01191044
2.45794868 -2.65824795
-3.01099086 3.00674486
0.0872290209 4.22972918
-0.15856576 3.755059
-2.9254961 2.74125457
-4.31197834 0.120157875
-3.98248601 -0.344380111
0.394415706 -4.04487181
-2.5490818 2.84728003
3.28421569 -3.00526643
-3.82732058 -0.471459597
-2.82971644 3.16829324
0.178358704 3.85629749
2.48212767 2.39742708
-2.64978814 -2.97738314
-2.34832907 -2.94813991
-2.90530014 2.26221442
0.151961178 -3.78859162
2.54932928 -2.95784903
-0.172886014 -4.16336107
2.65347505 3.04226899
0.218096703 -4.0879302
-0.00109705247 -3.70977521
-2.97903943 2.53659749
2.92543268 -3.26205516
-0.131826416 4.34012842
2.90569258 -2.49169874
-4.14363909 -0.183239996
3.12313914 -3.16961813
-2.95913053 3.12179446
-0.10417565 -4.30652094
0.15546453 3.9337213
2.64760351 -3.20977139
-3.89246011 -0.374580532
4.29532433 0.311052561
2.99298239 2.86641073
-0.133230895 3.77899289
-3.72490287 -0.45530647
4.16150045 -0.13202773
0.438263714 -3.98419595
-2.79020238 3.05849886
3.85289311 0.22339645
-2.7365582 3.08671689
-4.07391405 0.137761623
-2.81796265 2.99652624
3.32197523 -2.9642086
-4.42543459 -0.341387063
-2.77805257 -2.78244996
3.95249295 0.210003331
0.284721106 4.12542105
-3.20907187 2.90841031
-2.89803338 2.78581285
2.79490995 -2.42672729
-3.96027899 0.131503478
2.83156848 -2.91133809
0.045512259 -4.84444141
-0.0795568079 -3.9934423
-2.88494372 2.55206442
-2.84809327 2.73081613
0.335775822 -3.96191859
-3.04911232 3.11720395
2.65078783 2.74034429
2.9516356 -2.85947275
0.179872304 -3.95498586
-0.0675115883 3.96983171
-4.0502944 0.173068225
-2.86143875 2.63598132
-4.27341843 -0.29179883
-2.6952877 -2.99340582
4.07977009 0.0613204613
-0.302377939 -3.65135002
3.08077812 2.74955678
2.8643415 -3.48702502
2.68491125 -3.18810558
-2.85087919 2.79158878
-3.01475167 2.81266809
0.0439230911 3.89028931
-2.80073404 3.22345567
2.88395929 -2.91891932
-0.327128798 -4.02779341
2.66178393 2.83012366
4.25096941 0.0996181071
-0.285829902 -4.00024748
-4.25562191 0.00793110393
3.92861986 0.268304616
-3.12119484 2.65434146
-2.64545894 2.85971045
-0.334921896 3.99985433
-4.13703918 0.19791989
4.51338387 -0.0587084219
-2.65123916 -2.403795
2.94121385 2.46758032
2.81107187 -2.56241679
-2.72554183 2.87248182
3.8104744 -0.0898951665
-0.21777463 -4.2589097
4.01344633 0.123440638
3.71927691 -0.0123079671
-3.95714307 0.317696542
4.00837183 -0.0438596904
3.28758526 -3.11198759
-0.644360662 -4.01539516
-0.576785922 -4.14532709
3.98068666 -0.0446776897
-3.39194298 -2.87267566
-2.28522062 2.85248494
2.64789748 2.76011825
-0.0352089182 4.03009987
-0.3246167 3.48825502
-2.88554454 2.9761045
3.9548111 0.198603809
-4.07323217 0.12449114
0.768238068 -4.09899187
-3.21329284 2.66189361
-2.90244412 -2.82236362
-4.04034519 0.0792465061
2.61257839 2.88746142
2.75493956 -2.78468299
-2.92120337 -2.79287863
-3.06234765 -3.02432513
-4.00701237 0.177041516
-3.93877411 0.0105718225
-4.14612246 0.0702396557
-2.95565724 3.41160631
-3.94188619 -0.484802246
-0.196043789 3.81601119
0.066091314 -3.67196417
2.43388367 -2.93533301
2.61896634 2.69412756
3.04192543 2.53285027
2.72510505 -2.4747684
-2.50035596 2.83905768
-2.56428337 2.25087476
2.74746752 -3.02575612
-2.54976249 2.57244802
-3.00788713 2.66343737
-0.135155827 3.88527489
3.07727933 -2.17776704
-0.0118032135 -3.95088005
0.143134013 3.69205546
-4.27808475 -0.17115432
3.92339492 -0.46892029
2.86212277 -2.92687917
-2.84510422 -3.33022022
2.64195371 2.76189446
2.90047359 2.77886128
-2.68713641 -2.67522359
2.52959919 2.7906189
-2.98171902 2.59709597
-3.86993361 -0.150424942
-0.0514462478 -4.13588047
0.141208231 -3.75371122
2.64632821 -2.69353437
3.08335543 2.96943569
2.64794278 2.44782233
-3.02183485 2.83768034
-2.71624017 3.15287256
-0.056143187 -4.10717535
3.004529 3.14897895
-2.86578798 -2.75720072
0.0407003574 4.27656603
-3.90476036 -0.357901692
-0.206487805 4.34831285
0.227597848 4.04208994
-4.15107679 -0.030017212
-3.04682827 2.7482307
-0.06349314 -4.08760262
2.78391099 -2.65446949
0.107428052 -4.24722433
3.00458503 -3.07033229
-2.70947766 -2.59864378
-3.84651756 0.0216251034
-0.492941141 -4.13507414
-2.37787104 3.13638783
4.17475271 -0.102115825
3.99938703 0.0389015637
-3.02447176 2.4726994
-4.19097996 0.292700231
-0.114161871 4.13345909
0.246137321 -3.62608004
-2.87185764 3.35878134
0.193126678 4.43099546
-3.88645196 -0.0858367011
3.12959695 -2.69454145
-3.13534307 -2.62822556
4.30099297 -0.0177599248
4.03968573 -0.0359429754
3.88914442 -0.471432984
0.240189865 -4.10515308
2.72176027 2.91018748
-2.94763231 2.39711952
2.69507599 3.27062154
-3.38231325 2.65040302
3.44503021 2.82087183
-4.01411247 -0.0334847197
2.8844533 -2.36321568
-3.97509122 -0.385849506
3.07000327 -2.48852134
3.15150476 2.40053058
2.46398759 2.55051494
-2.28921294 -2.85973597
3.73963094 0.341477245
2.98146033 -3.00932765
2.81379819 3.08869576
-2.77304316 -2.93838286
-2.63302517 -2.72521019
2.50100565 -2.99870157
3.03769207 2.84762335
-2.85561609 2.89352822
2.88253117 2.47198009
-0.0583832003 -3.97164083
2.78859663 2.87903094
-3.05347109 2.77341771
-3.18118525 -2.47732401
-2.68204594 3.43489122
-3.94332361 -0.0164529327
0.0396512188 -4.50790548
-3.13009405 3.21279693
3.97152591 -0.111960486
-2.80177069 2.81519461
-2.99988794 2.84022021
-2.91682959 2.5951395
-3.07215714 -2.31867456
4.16303492 0.00172923703
-0.139038607 -4.24935198
-3.76165915 -0.140271336
3.95264721 0.304643691
-3.52245235 -0.0839031339
-4.05954838 0.0728477463
0.0982568637 3.96940732
-0.479522079 4.27311993
-4.06132078 -0.332807541
-2.75036144 2.45865059
-2.74351192 2.75279617
-0.216345206 3.93792391
-4.16654491 0.163637236
2.79552412 -2.8523469
-3.84840465 0.0096213771
3.95379639 0.040674191
0.461638361 3.75791836
-2.42944908 2.89559817
2.31069756 -2.66970658
-3.49623418 -0.271899939
2.84157538 -2.33029771
-0.361518085 4.49172878
-0.295271546 3.75494361
-4.14268446 -0.311692357
-0.0656786412 -4.08225012
0.0687076449 -3.47457266
0.0320260003 -3.88192654
2.67237997 2.31993794
2.34461045 -2.6922338
4.1744113 -0.463817358
2.65022063 -2.65649867
2.73982453 2.32416296
-3.9276526 0.125843883
4.01293182 -0.175548613
4.00334835 -0.066026397
3.1012969 3.19153428
-4.29438782 -0.0526601449
-2.40695763 3.2984271
-3.84093571 -0.115157761
-2.85152769 -2.66499925
2.70470381 -2.96206808
3.09981179 2.80653691
3.28758216 3.24977374
2.6328032 -3.00507164
-0.0665840805 -3.98760009
-4.11997414 0.083404921
2.95575047 3.20141554
0.12293458 -4.33679867
0.134159446 -3.66728091
0.0189057719 -3.6486342
-2.5930934 -2.7293818
-2.83895731 -3.01776981
-3.99430728 -0.159131125
2.65176249 3.04673028
-0.14876917 3.61611485
2.56277227 2.51879907
0.515314102 4.30791569
-2.7970469 -2.52422071
3.04973149 -2.82848954
0.0135967433 -4.46471214
-3.47681522 0.00957770273
2.82524204 -3.27038097
3.64986539 0.238960624
-3.05906034 -2.73302341
2.94230771 2.86215615
0.479443043 3.48776412
2.5458281 -3.12105227
0.431064188 -4.16649151
2.83512878 2.59463406
3.35817719 -3.03994966
-3.11920071 2.41386151
4.1223917 0.205740288
-0.0940313116 -3.80847621
3.2448163 -2.93548441
-4.36046648 0.58815968
0.278430969 3.83528852
3.91476512 0.000821709982
3.99253845 -0.101905152
-4.14189577 0.273729503
0.317772239 -4.22668552
4.44086266 0.306410134
-3.9959836 0.085516192
-2.54189181 -2.68796349
2.89781213 2.99950027
4.36437368 0.15784426
0.37085253 3.70605016
4.23828936 -0.204731509
2.99207711 -2.83045125
-3.99406242 0.273189664
-0.223900199 4.04739428
0.27329886 3.75687599
2.53956199 2.79873037
3.56914139 0.00428781565
0.0547736548 3.80284071
2.65060067 -2.40842223
-0.000343837892 4.42568874
-4.28764057 0.428126484
3.03776741 3.08848214
2.76435471 2.86590123
0.281277239 3.91220951
-0.251495093 4.37675571
-2.8689785 2.09147668
-3.01057982 2.53276396
0.27268225 -4.12400246
2.59710479 -2.8689425
2.63688421 2.86088419
-2.5370028 2.91641808
-0.413161278 -3.73311806
4.23064041 0.152469844
3.08419108 -2.58484817
2.98900366 2.91747832
-0.198824793 -4.11097336
-2.81795263 -2.8753438
-3.90563536 -0.317960143
-2.66153336 -3.5504272
-0.182499677 4.26170206
-4.39869165 -0.0871389657
3.82610369 0.0759484917
3.08760786 2.84206223
-2.94912314 2.74809575
-4.28385925 -0.474382877
2.73814511 -2.74988866
2.67721677 -2.74805474
-2.49818134 2.77447391
-3.97443533 0.0772191286
2.95753264 -2.7962234
2.98761082 2.35492301
-2.73225594 -2.89356518
-4.04189253 -0.233356491
-0.0338550173 3.9468646
-0.221154884 3.83829927
-3.28318262 2.93464351
-3.13109922 -2.39425135
-0.218904465 -4.17808056
-0.0263870806 4.10323095
4.53033638 0.107686669
2.78912163 -2.57896924
-2.54522514 2.59522223
-2.63310695 -2.05367422
2.97236967 3.20635319
3.78047895 -0.0101562301
2.77790403 -3.12347937
-2.59233713 -3.28079128
2.6917851 3.01134276
-0.00849665981 -3.81661868
-0.201328546 3.87785363
-2.77559876 2.7258985
-4.28803444 0.423523426
-0.0322881788 -4.12129307
2.93287349 -3.2613728
3.62119579 0.0214156508
0.067217961 -3.94964528
-0.115906745 4.23863602
3.75680184 0.128014684
-4.33979654 0.463198006
2.52310681 -2.65852523
2.91827297 2.67069411
3.5944643 -2.81973839
2.72986317 2.74573112
-2.91380763 2.72575808
2.5348866 3.16916347
-2.84263921 2.82222557
0.0336772092 -4.01413536
-0.238251418 -3.58481264
-4.11176252 0.293168426
0.0634580031 -3.6808753
2.37363935 -2.78911543
2.85642028 2.83388329
-3.32547593 -2.82749391
-3.92665267 0.381464452
0.192416787 3.86507034
-2.61664915 -2.89962196
-3.22846031 3.47969103
-2.93762279 -2.97064257
-3.7368207 -0.0154068805
2.90962338 3.13285804
0.13465029 -4.36991215
-2.9767921 2.86997104
3.53449082 0.500088394
-0.626342833 -3.92445445
3.07481718 -2.9614315
-3.94064808 -0.559395373
-2.71187449 -2.85205269
2.55222225 -3.03080559
4.378088 -0.222585887
-2.75778723 -2.96909285
-3.09897566 -2.47177863
-0.333704501 -3.87874532
2.64366341 3.05071044
4.0082674 0.114864767
-2.52551484 2.93715453
0.0233774986 -3.43422198
4.09536791 0.0556446426
2.93534064 -3.07266498
-3.08751917 -2.66600323
2.83198357 2.97793126
-2.69856238 2.64942479
2.71017814 -2.50190473
-0.102374665 4.12580633
-2.90440702 -2.36036277
-0.0192610454 -4.06268597
-4.35941696 0.266114116
2.38332963 2.64669991
2.817307 -3.07765293
-2.84333181 -2.57515717
-4.11719656 0.357150108
2.84464622 -2.87134767
-2.6748724 2.53552055
-3.24645877 2.67628193
2.99628782 -2.68819666
-3.9827745 -0.239863127
3.24134851 -2.77002978
2.86301661 2.96828413
0.248299465 3.86243749
2.76173949 2.97101593
-4.28876734 0.012142322
-2.90429235 -2.4787941
-0.131677777 4.15301561
0.104242705 4.17458773
4.05880833 0.112861559
0.223172382 4.04499674
-3.90988159 -0.386312038
4.51917982 0.0958776325
-3.91834521 0.0482418723
-0.0873228386 4.383883
0.211141035 -4.12531471
2.4310627 2.91421771
2.74157906 -2.82178736
-2.7890234 3.01939344
-2.76908755 -2.56316447
0.0107152751 -4.62385321
-3.82180357 -0.617937028
-4.05585814 -0.434800506
-2.69401956 3.00029802
3.03918147 2.33271837
-0.35758093 4.29020262
2.75913882 3.04337382
-2.52036047 2.18772936
-3.12307501 2.44952965
-0.216123253 3.86406994
3.84348774 -0.0313836187
-0.190147713 3.62353301
-4.17192173 0.21673125
0.129911348 3.71267128
-3.15069222 2.85838056
-0.307720125 3.53763819
4.01796961 0.0576636121
-4.49627399 0.328045338
-0.201079801 -3.8669889
-2.80732918 -2.95632362
0.262147248 -3.65862346
-4.20018768 0.147683084
2.70411825 3.01786041
-3.88856244 0.0869491175
-3.57048106 -0.0584705584
-2.73452806 -2.65068436
2.50822473 -2.91514921
-4.05382633 -0.0185611174
-2.58423901 3.1310966
3.02524686 3.09547019
4.07035017 -0.0644270927
-0.500454485 -3.36828566
4.54457617 -0.0750592351
-3.85437512 0.113293089
-3.14344001 -3.00836158
3.81969547 0.157459468
-3.08890295 -2.67334962
4.18664169 -0.0592067167
-2.81208372 2.6982789
4.1967802 0.0998188779
-2.55323553 2.74854898
-0.119702451 -4.29095364
-4.55968618 -0.217832372
3.83554459 0.405721605
4.01517677 0.188497737
2.87558913 -3.02417111
2.70344043 -2.98182631
-2.99757004 -2.3411324
-2.86443806 2.90651703
4.2539835 -0.236607626
-0.130297914 -3.83991122
-0.323254704 3.97741032
0.329628289 4.03684759
3.88508892 0.0053532864
-2.94214725 -2.92061949
-0.234170407 -3.46466541
2.90064621 -3.18425345
-2.84574962 3.16898251
3.01632929 2.82449913
-2.75412655 2.55553746
-2.91453719 -2.23051786
2.682199 2.99818254
0.212634623 3.64109778
-4.14829922 -0.185196251
0.0107127065 4.1080513
-2.41994929 2.73521304
-3.17896295 -3.31616497
-3.9363668 -0.570674479
-0.0231043827 3.94272614
2.83210826 2.61033463
-2.75200677 2.91575527
0.0156627297 -3.91921258
-4.1798048 0.266452283
3.89490151 -0.331277817
-0.188591525 -3.83648753
2.99596834 2.59544945
-3.50494075 -0.532573581
-2.52469134 -2.60578847
-4.03007078 0.00410720194
-0.0303238649 3.9051187
-0.288286537 4.04681683
-2.77274132 2.89762354
-2.93385673 2.12880278
-2.93504858 -2.80176711
-0.210724249 -4.26951885
-2.78526616 -2.45982718
4.35759974 -0.333170176
2.81091237 -2.81936359
-2.90129662 -3.37737823
3.8649919 0.211369067
-2.63493943 2.25097156
4.02076817 0.0970092863
-3.63317895 0.230379224
2.8398447 2.51659131
2.63514638 3.10981488
-0.350638717 -4.47336054
4.55578136 0.49684003
3.0314703 -2.64435792
-4.51988506 0.281981617
0.246060759 3.53979301
3.04916477 -2.83682275
-2.68268442 -2.72538662
4.35797071 -0.445379227
-2.84366202 -2.83146572
0.0890074745 -4.12593317
-0.0540210418 4.36992455
-2.55025721 -2.9496417
-0.780972123 -4.1690073
-4.03779745 -0.370587081
2.72674561 2.63042808
-2.63073754 2.69857502
-0.0136116082 -3.84942293
-2.98884058 2.86135507
2.44605112 -2.65379763
2.57613039 -3.13574338
3.77152205 -0.569676697
-3.8425808 -0.149767682
3.8062284 -0.311672688
0.0183734801 3.78903389
3.06240225 2.7630384
-0.129910618 3.71589923
-2.95046687 -2.44329858
-0.327618599 3.97262263
4.07496262 0.153877854
-3.42760515 -0.0447734036
4.26122904 0.339940995
3.73608875 -0.390823007
-2.82409811 2.92274809
-4.03803015 0.100434519
-3.11190677 -3.17562556
2.81034589 2.62676406
-2.81381989 3.10530567
3.26888132 -2.95724177
0.0554394163 -3.97657728
-2.49358368 2.6947732
-3.35509753 0.356024444
-4.42426062 0.151012987
3.01604795 2.58842564
3.4268055 -0.336505175
0.561486959 -3.78937149
4.00733089 0.0819476694
-2.65047359 3.04410076
2.58974576 -2.79563904
-0.226193637 3.84148145
-0.135686278 -4.26033735
3.49725389 0.225661308
-3.02834392 -3.07516932
-3.64703774 0.326262742
-0.237237871 -4.31539869
-4.26818657 0.00366644212
-2.63220167 -2.6481719
3.00269675 2.59118295
-3.06345558 3.05683565
-0.180233791 4.0109086
-3.96973276 -0.0994418338
2.65610909 -2.94531703
2.77075577 2.63685846
4.14460135 0.0897511244
2.69058657 3.08276749
-3.84264827 0.194731414
2.70263267 -2.89024544
-0.149586722 4.33085632
2.954669 -2.53716111
4.23575258 -0.367877841
-4.23342609 0.176713496
2.91890669 -2.91386127
2.5607779 -2.88764715
-0.274682611 4.11557817
-0.0991757065 -3.80961704
-2.29661822 -3.02157283
-4.27343559 0.639739394
-2.90289164 2.76758075
-4.39007616 0.491393447
-0.418214887 -4.13619041
-0.0206451863 -3.77021623
-0.116638392 -3.74588704
-3.60593438 0.282351971
2.4388485 -2.25937605
-0.025923647 -4.02538967
-4.15135574 0.294567525
3.83883429 0.315124184
2.87951946 2.69840646
4.99782467 0.243098795
2.98564291 3.01174378
3.18206954 2.96604371
-0.105103105 3.89038396
2.77746534 2.60171103
-0.046933718 3.90760088
-2.80735493 2.92312574
-4.1171937 0.538091481
-2.98373652 3.22873664
-2.9057653 2.87689018
3.12799835 2.8301177
2.77926087 -2.77624464
-3.74634933 0.613048851
-3.05334783 -3.16898322
2.89742446 -2.8173995
2.68233204 2.62485504
-2.7409215 2.83122158
3.91877007 0.221055001
-2.50994921 2.4003768
0.180361912 -3.72925282
4.00660133 -0.126219079
-3.81302023 -0.235712394
-4.2128129 -0.16459851
-2.70573282 -2.80223322
4.56830263 0.373855591
2.58929896 3.09537196
3.81049371 -0.0162790809
4.03238344 -0.200117409
2.81536555 -2.59899068
-2.25615931 -3.06674385
-3.60208297 0.0805648044
-2.53500938 -3.10431576
2.87811422 -3.00152779
2.66315532 -3.15220165
0.0838912725 -3.6355772
-0.273380876 -3.86878419
4.18647861 -0.379340023
-3.09804749 -2.47442269
-3.17987323 -2.57535958
-2.74100256 2.48494005
-2.8199501 2.7980082
0.0642014295 -4.27106047
-2.2227869 -3.08640242
2.69713402 -2.69900203
-0.0187399723 3.84231997
-2.93680739 2.89702868
4.39960861 0.154153094
2.91201901 -3.27012825
3.02648306 3.18136644
-2.75260377 -3.03210378
0.0652910098 4.54164171
2.60378146 -3.57695913
2.94767094 2.98141432
3.50753188 0.0918229818
0.49455595 3.75106478
0.262067139 4.38337088
-4.14457035 -0.329577774
3.1538856 -3.05287647
0.363990128 -3.80598378
2.81724119 2.7996006
3.23972344 2.77917719
0.321184933 3.97743011
-2.9110558 -2.99114823
-0.515167356 4.30132961
3.96525383 -0.113827758
0.372966558 -4.23837519
-2.95731711 2.95065784
-3.11467195 3.09741354
-4.48722506 -0.127953708
2.72338247 -2.57268047
-2.74458504 -2.86046553
-3.05495858 -3.24685121
4.31086922 0.00684809592
4.05010843 0.0862512887
-4.40698671 -0.0370185748
-0.279695541 -3.75077105
-0.324743241 3.74803472
-2.26461148 3.22696495
0.705180883 -3.94096494
-2.6775229 -3.21522856
-3.78645802 0.280845761
-2.47663808 -2.7131927
-2.69671893 3.16274381
-2.04003596 3.04556227
-3.79196858 0.215541452
-2.80531549 -3.13181663
2.66981649 -3.18104601
-3.66607642 0.134163633
-3.02325273 2.39512658
3.80282187 0.315088749
2.41777515 2.94028664
3.23295045 2.82030344
0.370150328 -4.15030289
2.95321965 2.11389399
4.0819931 0.340572685
-3.99748993 -0.202886224
-2.90155149 -3.07730508
4.37724113 -0.0366418846
-0.07650657 3.81737494
-0.0856470093 -4.17817688
-2.65520048 2.35547781
0.173508421 -4.07596254
-3.01053333 2.88276625
-0.258599252 -4.26726484
-3.95741487 0.106368423
4.08604193 -0.0937943757
0.0230568312 -3.9418211
4.04257393 0.0762146041
-0.00444965437 -3.89140725
-2.7678926 -2.67562294
-0.201818824 3.83874321
2.96893597 -2.63552189
-0.154285371 -4.09224796
-0.22920239 4.02918434
-0.213701457 3.83516979
-2.85235429 2.89340615
0.250741243 4.14628172
2.55200577 -2.81462049
-0.349507004 4.17452383
-4.24197006 -0.169302016
-2.44579434 3.13423109
-0.0364110284 4.18711853
3.92924857 0.166833207
-2.65143824 -2.68795109
3.87081504 -0.165579453
-4.0824151 -0.0328383297
2.91903687 -2.41694856
3.98909259 -0.370223999
2.88202929 2.99977088
-2.63841796 2.76330566
4.39106274 0.0021229228
4.05661297 0.0564196445
-0.0556561723 4.0195632
-2.5458405 2.30754161
0.486774027 4.06824875
-3.63005996 -0.378782392
2.93009806 2.64776564
2.57181334 2.15321398
-3.04890037 -2.50495172
4.0718441 -0.34734875
0.072955355 -3.90287685
3.63448811 -0.0994580016
0.0958467945 -4.2501812
3.63594675 -0.253651381
0.1414233 3.87091923
-3.82360721 0.313786387
2.64435625 -2.50306678
2.82109928 2.72924066
0.280048966 -4.42325211
-0.124810494 4.08459902
2.63632107 -3.45359349
2.56103826 2.63736272
0.00170883606 3.80253243
-2.88681746 2.71987009
-2.79465771 -2.56498098
-2.59673429 -2.9194653
2.96618533 -2.6979866
-3.24321365 -3.05679035
2.75599289 -2.78042054
-0.0134850675 3.96922827
3.00894666 -2.87797785
3.06853318 -2.95327067
2.5311904 -3.0634408
2.76066589 -3.31269407
3.39749527 0.303266615
-0.0914282724 -3.75713158
3.88289428 -0.0759137943
2.90449524 2.92636013
0.0968036279 4.29325819
2.88712931 -2.52809596
2.75555301 2.6076715
3.09946513 2.75587726
0.312310636 -4.01233339
2.77400136 -2.61241031
-3.64400983 0.183634996
2.64861012 -2.81410527
2.87197399 -2.5585959
-3.21853089 -2.89888859
0.0618598349 4.1677165
-3.00933552 -2.74955726
-3.1137464 2.67845607
0.307736456 3.90701509
-2.69901919 2.87048173
-3.24795508 -2.59750509
-3.77642536 0.225741416
-0.419079036 3.93073344
3.36719799 2.63286996
2.75451207 2.62824583
-4.05831289 -0.0650557503
0.00227728207 3.83813453
3.92712736 -0.290896207
-2.65017867 -2.80009317
-3.73298287 -0.53996253
4.35103703 -0.101762965
-0.215383753 -3.67091107
3.0556457 3.33027172
3.93022418 -0.236251637
-3.98056054 0.350656688
-2.75674915 3.16119289
4.03916311 0.39491564
-2.70876026 2.87776446
-0.100213788 -4.00533772
4.32671976 -0.218886465
-3.77511239 0.113537058
-2.74028111 2.83808303
0.0390679985 -4.26623726
-3.9584136 -0.0778283924
-3.12953424 3.14882684
0.172566116 -4.35702801
-2.514189 -2.57423401
0.182935253 4.27998924
-2.75444961 -2.89472532
-0.116817929 3.97897172
-2.79655242 -2.60468411
-4.25016308 0.332427233
2.80635548 2.9738636
2.23177457 2.56506205
-3.90501046 0.0795484707
3.12833142 -2.97316647
-2.65035105 3.07907581
-0.283179134 -4.08413982
-4.62294912 0.0484911799
-4.11697578 -0.100989945
-0.175270617 4.23360968
-3.02516961 2.76349974
-0.0132942544 3.96225572
3.54322767 0.200968266
2.57766056 2.51437306
2.70391178 2.67803311
-2.71768475 3.03926849
-0.110780217 -3.61261749
-0.201095194 -3.86935258
0.0992209688 4.06728172
2.52321458 -3.1128583
-4.14635754 0.128252447
3.82508588 -0.0358438082
2.85204792 2.48990655
-3.93896413 -0.279910505
-3.22477198 -3.03320813
-2.90932322 -2.75111985
-0.052594725 4.03532219
-2.88374424 2.63171601
0.156623334 -3.74615121
-2.96729136 2.94635153
-2.86010981 -2.93815756
0.0186138637 -4.23211527
-3.55659246 0.0118762422
-3.8325913 -0.364520997
2.91558361 -2.56404543
0.116836838 4.03040552
0.264072299 3.7497046
4.18481922 0.0782758445
2.85815096 2.91527343
0.183673248 -4.10361004
2.64967632 2.92138338
-2.92086959 2.29995108
3.88913989 0.148170277
-0.0479888842 3.80829668
2.40655041 -3.04021668
-3.93445182 0.0909894034
0.180678949 -3.93450928
4.12420511 0.165476128
-4.02661896 -0.247186214
-4.09954977 0.157163709
-2.88815522 -2.34839249
-0.0860458538 4.49654102
0.572847486 -4.10218954
0.174389705 3.57874894
-3.72705007 -0.0315648057
2.63949227 -2.64987755
2.73426843 2.73819447
-3.07195449 -2.72060585
0.375010371 3.81498647
-2.70486569 2.78069019
-0.22536996 -3.80983257
2.68713713 3.12222505
0.104081981 -4.33564615
-2.93545246 -2.62634158
2.68949103 2.81196809
-4.13564873 0.0137101384
2.58665037 -2.69676423
-4.22187042 -0.0020078274
2.72560191 2.34946585
3.9203639 0.414304584
-4.08673763 0.512815952
3.06154394 -2.56073594
-0.0768665597 -4.21197414
4.44263172 -0.000856333296
0.150930434 -4.25077772
-2.81883025 2.51341248
3.16648698 -2.91307235
-0.0344926231 3.79444599
2.28436303 2.96339488
0.0276134703 3.81286192
-2.80216956 -2.72754717
-3.62014937 2.73833299
-2.43521976 -2.56942487
-2.25286603 2.90603566
0.0296096243 -3.52685165
-4.13072014 -0.0880816504
0.0085477028 -3.72269511
-3.14097309 -2.66611338
-0.668105602 3.80115223
-3.43340063 -0.00647010282
-2.56860042 2.88942695
-2.89380264 -2.76912904
-0.223316476 4.28459597
0.0744562149 4.15625858
4.04944277 -0.0298721194
-0.128000334 3.67998981
-2.95168447 2.8910358
-4.10783386 0.311700732
-0.123919383 3.55756831
-0.073792018 4.28544807
4.04277229 0.197178841
-0.0836609751 3.87226367
3.0643096 2.92871618
4.42439127 -0.0188438725
-2.59371829 -2.90660763
-0.0126473801 4.06175041
2.87958431 -3.04948688
-2.89537287 -3.16499662
-2.27748585 -3.31798768
2.82243514 2.97147632
4.34760046 -0.0243536979
-0.136810154 -3.85862708
3.12263536 -3.0024116
-0.195115656 -4.07913542
-2.82442451 2.51967311
4.22151899 0.00522939395
-2.51584578 3.16054106
3.1618104 2.28595734
2.93076229 2.82054734
-0.127258122 -3.90567803
2.72033453 3.05695152
-3.8013351 0.0471291617
2.65277791 3.11139083
-2.99938297 2.69794536
3.0134201 -2.52262616
0.0573585741 -4.35589123
-2.89715099 2.85480237
3.58077431 -0.428166807
-4.17360401 -0.140846938
3.31998038 3.02444673
-0.29189676 3.97820997
-3.02090287 2.99912763
-2.99957085 2.99269891
-2.80148864 2.61551094
-2.88264418 -2.79680943
-2.94766307 2.42947626
-2.75229049 -2.23311329
-2.64369273 -3.10421276
-0.557682633 -4.48431158
-3.44805789 -0.130966619
-4.24926519 -0.0335564576
-4.29224014 0.0734782889
-4.16976213 0.238817677
-2.55016184 2.98383498
-2.87107325 2.93878508
2.8777523 2.63375449
0.241408721 4.1268158
-3.11464953 2.4937315
3.84015441 -0.112042889
0.0300078187 4.05843592
3.71039963 0.481819719
-0.22304292 -4.15702677
2.84812737 2.5739758
-3.18026233 2.44435024
-2.61813807 2.83195066
-2.25562334 2.7638731
-0.237442896 3.89731622
2.46107912 2.80990577
-2.85600996 2.87531304
-3.92172384 -0.279494464
-2.53875756 -2.76046991
-0.0631006062 3.63923812
3.95842695 0.148036197
4.00575876 0.0863125995
4.27428913 -0.45046252
2.64122987 -2.73000026
2.49163103 -3.23841095
-3.90085268 0.0217125062
0.101606183 -3.88467932
-2.89674163 3.15177774
-0.662314057 -4.07724142
-4.01284075 0.133885503
-0.0905255079 -3.76286507
-3.13862181 -2.50222635
4.03205872 0.0452987887
2.73511267 3.27915049
-2.48983574 2.47461653
3.18130279 2.6593864
-2.99038553 -2.77160883
-4.27453518 0.0780806392
0.437410951 -4.36128712
-4.02178526 -0.189081371
-2.35834908 2.70759988
-0.133267567 -3.95349884
2.95930243 -2.85931206
-0.462256402 3.66883731
3.02035165 -3.26041794
2.72440624 2.84803939
-0.231822461 4.40931225
0.409757286 -3.53290033
-3.70962119 0.106070772
2.92461538 2.59471989
4.03037405 -0.09161634
2.63294697 -3.10706806
-3.12504697 2.74283576
3.894665 0.16713874
2.82095575 2.56679845
-2.80435586 3.31228518
-2.4387126 2.5278933
3.801193 0.562282085
0.194606736 -4.44361973
0.11687018 -4.12197399
-0.124663867 4.01922464
4.23723269 -0.25439024
-2.89072943 2.82883382
-2.57398367 2.72065115
2.36564589 -2.58888388
0.274382055 -3.59231591
-2.50972295 -2.95128465
2.86629438 -3.13398504
-3.86183548 0.390858263
-2.44337344 -3.07610393
0.180914462 3.97544694
0.0108884564 -4.10020161
3.67599177 0.309342057
0.11763043 4.0463829
-0.388549924 -3.84375381
-4.6068058 0.00622335635
4.10238552 0.125773087
-3.18033242 2.66570759
0.157153621 3.71939325
-2.85527921 2.95189309
3.10507464 2.62554216
-3.01622891 3.09721994
-2.82077384 2.9007318
3.95091581 0.0351046063
-3.07490182 2.6429615
4.11706257 0.136129364
0.043415539 3.99245
-2.74689531 -2.57385826
-4.36063194 0.1847969
4.33609629 0.534276783
3.78456688 0.351909012
-4.26410675 -0.141545326
-0.203335062 4.07019043
-3.79923368 -0.14999564
3.20648479 0.4435381
-3.18255258 2.87888002
-2.70918322 -2.43541574
3.80250072 0.0650411174
-3.05906677 2.98892999
2.84268498 -2.67866111
0.226215363 3.98141813
4.20935249 -0.0738697201
-3.40068865 2.69761229
-2.93540835 2.86539984
0.292279005 -4.07483149
2.40470004 -2.29740667
-2.69337225 -2.90652871
-0.0738213137 -4.14678335
2.87477946 3.06807709
-2.84130406 -2.76036501
-2.93389511 2.94709849
3.0971632 3.08349991
0.0824225098 -3.97759151
0.0288695283 -3.97191978
-3.71781421 -0.0518722236
-2.70200014 -2.66510057
-0.104535483 -3.79285359
3.93985701 0.0920865387
2.47308898 -2.67320108
-0.125919104 -4.02234173
0.169965565 4.28827047
-0.199240625 3.57358027
-0.224157393 4.14283276
4.14252329 0.0369589664
0.155150011 3.99046993
0.206210032 -4.07373381
2.84886694 -2.97276258
3.28091836 2.71245527
-4.24231291 0.0451518334
2.55498743 3.15007329
0.272075564 -4.41136742
-4.31701517 0.649098456
2.60348082 -2.77671885
-3.72325468 0.0408291556
-2.95072412 2.71586752
-2.41090989 3.63595438
3.96617985 0.0646082312
3.36506462 -3.08337903
-2.99762106 3.0507586
2.91155863 2.34510779
2.72548985 3.26202011
-4.37236786 0.0820525736
3.41734529 -2.6140604
2.57434559 3.11575031
-2.95045829 2.88871288
3.02534008 2.84588194
2.85158539 -2.96682
4.52446842 0.418336749
-0.0058555766 -4.15993881
-3.30004573 -2.8990798
-3.75790548 -0.125771686
2.78098488 2.77681231
-0.0709861591 -3.99062181
4.11705065 -0.62305069
-0.0551424213 -3.64673853
2.80233145 2.77506733
2.62045717 -2.87758327
2.58992815 2.52426696
-0.415687352 -3.5966711
-2.95434165 -2.34392357
3.76704502 -0.378376484
-4.57848215 -0.141046733
2.77333689 2.60126424
-3.62438035 0.00471458025
4.39738178 0.0755401701
0.245443463 -3.65829968
0.240077108 4.01936626
4.02276468 -0.153613955
4.13262653 -0.274932176
3.54562426 0.831859052
3.19080734 3.04221368
3.13064909 -2.84275222
-3.09602356 -2.72428775
3.83440852 0.642487884
-4.11550903 -0.38534528
-2.73835635 2.74348497
0.398626477 4.49838018
0.384278268 3.69985056
3.11866188 3.10080719
-3.13835001 2.98901176
-0.159656107 -3.86528921
-3.92252016 0.316955835
2.92965317 2.65469694
-2.77442718 -2.79282594
4.52950716 -0.269755334
0.0192172527 -4.28993464
3.0267117 -3.15675473
2.81638169 -2.8235507
-3.99477673 0.410637915
2.94937396 -2.63235307
4.43806553 0.124953471
2.92958426 2.59915924
-0.53913945 3.51135111
3.75415325 -0.09558893
-4.06450748 0.0182766449
3.48023701 -0.27564168
3.11668515 -2.87941599
-0.0169013087 3.99645996
-0.182439804 4.03987503
-2.81095815 3.18199039
0.298813432 -4.31174612
2.30286026 -2.9636867
-2.65475297 -2.55598831
-0.0942029059 -4.32628822
-0.16564852 4.04769564
-0.359327674 4.47736549
2.85327625 2.77142382
0.462664634 3.90403318
-0.00305838371 -4.59579945
2.69847202 -3.31741476
-3.00444436 -2.66243029
4.09668827 0.0251968633
0.0705642179 -4.44149494
2.78765726 -2.83562422
2.65180779 2.8036437
2.61446214 -2.50186205
4.16837645 -0.169641122
0.401047707 3.68098593
-3.71733332 -0.0669132397
-0.279598445 -3.99335909
-3.03648424 2.84549117
0.146325946 -4.28523922
-3.05074739 2.82432079
0.264942586 4.54298735
3.89385843 0.434508264
0.233989254 4.35465431
0.0291339494 3.80753994
-3.7013936 -0.00508802151
-2.63550854 2.36328006
0.0760428533 3.94935393
0.208442867 -3.83881974
3.20501184 3.04422355
2.45130134 -2.93579292
0.257588536 3.90442419
-2.78909612 -2.27357769
-2.71144795 -2.34713125
0.230574802 3.78325486
-2.3336544 2.72592044
0.199564084 -4.40116262
-0.155389756 3.56545877
-0.26911062 3.74001336
-3.79501772 0.285075843
0.00477390038 -4.0722456
-0.00311730057 -3.46387601
-4.36653137 -0.277479023
-3.09253025 3.35078168
3.93921709 0.131747842
0.284422278 -3.90657067
0.175961748 -3.7073431
2.84542751 2.6888566
-2.82212901 -2.75506854
2.73967624 3.04570913
0.0775739476 -4.12319708
-3.07631254 -2.98835039
-4.09887266 -0.136120647
2.83291698 2.75459099
3.29492307 -2.73949099
-0.171045393 -4.10935402
-2.70004034 -2.87287807
-3.09358335 2.7477634
-2.65930343 -3.08362889
-0.201661721 -4.58719826
2.68492031 2.3869853
3.06909752 2.65213728
2.81321931 2.56572175
-4.16965199 0.0550696366
3.95587778 0.0890699029
-3.38625479 2.56712461
0.128524914 -4.12767839
2.45071054 -2.728019
2.84888053 2.52200198
-0.100310132 4.22451591
-0.202366337 -3.9701283
-4.15112638 -0.362577021
-2.47777104 -3.09639335
0.150125057 -4.33283663
-0.357394606 4.42064857
0.230027139 4.36379528
-3.20554066 -2.68091273
-4.20629978 0.0853133649
2.46172523 3.03074288
-2.88032246 2.78634238
0.0409605652 -3.88381672
-0.436353713 -3.86075449
3.95325613 -0.202020764
3.89358997 0.00448812498
-3.79451227 0.48443076
-3.02863574 -2.90166593
-2.67363524 -2.66911006
-0.294828951 3.73544574
-2.44750977 2.67288756
0.217142925 -3.85622096
-0.0842900574 4.04897118
3.96614647 -0.11601387
2.86425352 2.74389744
0.169061199 4.52908897
-3.16928101 3.01855731
2.84559274 -2.3826685
3.65995288 -0.159866184
0.0483203679 -3.78894973
2.67546439 3.16458082
-3.03306818 3.1162827
4.09480524 0.146628365
0.0604749545 4.02875233
-4.264606 0.275064081
-3.92007136 -0.162843585
-2.83365226 2.86927819
-2.54135513 3.09111381
-2.52664948 -2.63368583
-2.93730211 3.3090322
-2.67583394 -2.51494241
0.175970674 -3.84620047
-4.00237131 0.209823251
2.85804296 2.66511536
0.088016808 3.72807813
2.82825089 -2.79545712
-0.189127237 4.17336226
-0.104810499 4.01549387
3.64633179 0.0182713587
2.59135532 2.92575455
0.0617792085 3.55977988
-0.0229089651 -4.04403973
3.804847 0.389344901
-2.76796865 -2.55325437
-3.06281471 2.75152779
-3.71581197 -0.279851884
-4.31502485 -0.220527723
2.72417521 -2.5929215
-2.63375092 -2.50763679
-0.0163152684 -3.94625187
0.0512622222 -4.111763
-3.06733966 -2.43745661
4.35643911 -0.293209791
-0.663873315 -3.87590361
-3.24952841 -3.17833161
2.61218572 2.90474868
-0.0945213065 4.14377594
-3.87943578 0.671607256
-0.204745024 3.87355304
2.97942114 -2.75718713
-2.94393468 -2.88391328
-2.6705606 -2.57581758
-2.38531351 2.93558502
-2.86702847 2.84057903
0.0372029282 -4.13719654
-3.77791691 -0.0562704317
2.59878135 -3.1550734
2.85289931 -3.29877996
-4.11984205 0.56759268
3.18206811 -2.71239924
2.86532378 2.85040045
2.6201582 3.14194703
4.3030653 -0.108062692
-0.194880649 3.58548856
0.482231021 4.7098484
2.10472584 -2.55203414
2.8150382 -2.69206405
0.280496806 -3.72741413
2.6087172 -3.1289196
3.95963693 -0.476124942
-3.30432749 3.07629538
-2.71030712 -2.94373012
-2.86727095 -3.08712578
3.51001787 0.191398486
2.33608127 2.80459666
-2.65202069 3.11740518
2.81786609 2.94293308
-2.67974257 3.02608109
0.0748994499 3.92697287
4.11084127 -0.483779132
2.74265337 -2.73830986
-3.82780266 0.160141647
3.04936457 -2.93006635
-3.0183475 2.56694221
3.8613739 0.166957334
-3.66885066 0.0382318161
-3.86307001 0.102757744
-3.78867197 -0.168064699
4.20588064 0.019028319
-3.75837684 0.0180860702
4.64640951 -0.390274435
2.56335139 2.55143785
-0.0379138961 4.13520765
0.264544666 4.15987253
2.94781256 -2.62497854
2.9346056 2.51770449
2.85254455 2.66537333
3.02856684 -2.48863411
3.8870852 0.120028265
0.234636486 -3.963763
-2.70125103 2.50453663
-2.73315597 -3.26432014
2.82711029 2.76691008
4.07691717 -0.103873886
2.59517598 3.00503826
-0.13016203 3.92118907
-0.228635848 3.62705183
-2.60934186 2.73328853
-2.84972739 -3.08869171
3.96667457 -0.112306751
-2.37171483 -2.57307673
0.045455873 -3.63990688
-3.96570373 -0.37670505
3.55528641 -0.172172695
2.90506792 -2.76188898
2.6295104 2.27538776
0.0820513591 -4.04232693
-4.02012062 -0.110125244
0.109412797 -4.08372164
3.93591976 0.11968109
4.12200403 -0.0173597056
2.98643899 -2.86894655
3.97973847 -0.346871704
0.294312537 -4.21784401
-0.0452003703 4.43633747
-2.85376501 -2.71784878
3.10361457 -2.62999153
-3.02450943 -2.8378346
-3.62058449 0.156992272
-2.76874256 -2.78263712
-2.34435225 2.62484002
0.0320152864 3.94363189
3.58170319 0.146532565
-3.00190687 -2.4040184
3.84216547 0.256120652
3.66673136 -0.0490702242
-2.71937513 -2.91190839
-4.16767263 -0.229830891
-2.39805245 -2.5375092
-0.15504092 -3.65399456
3.04619312 2.60898542
-2.71567345 -2.32690334
-0.0325059406 4.59735537
0.0627028644 -4.09232903
-2.89116645 -2.83797646
0.124634862 3.89435625
2.3613658 -2.87376666
-2.58018494 -2.75710702
-3.76151276 -0.163786069
0.0436186492 3.97623801
2.62435579 -2.63612247
-3.80201483 -0.566267192
-3.89524889 -0.498407245
2.83201194 -3.178159
3.00507116 -2.75202489
-2.75153017 -2.62610698
-0.218005583 -4.52854252
-2.926898 -2.6300602
-0.154656708 -3.84955692
2.84005046 -2.85791063
-2.84247422 -2.90719342
-3.69650984 0.228261232
3.40221858 2.47912121
2.77958846 -2.736166
2.66620898 2.37525034
-3.15264082 -3.05953479
-3.08087349 -2.76220822
2.77190185 2.8578167
3.78408694 -0.361052603
-2.6647563 -3.03893805
-4.1896739 0.171208575
3.9597156 -0.145013019
-2.68781018 -3.18183494
-0.264733672 -3.74865913
0.170975715 -3.69400764
2.71665072 2.71572232
2.84049487 3.10805798
-2.73487735 2.88071489
0.246510014 -4.42414236
-0.0196563937 3.79787183
2.83136821 2.90123582
3.76148939 -0.0877749398
2.83799767 -2.59572816
-3.2749815 -2.85857058
4.07289314 0.00563559029
0.0777174085 4.18857241
-0.276710063 -3.76540494
3.97553921 -0.4365592
-4.01348066 -0.480216771
2.74584031 2.70803261
-2.87048793 -3.07659459
-0.139944583 4.11607456
-2.88894367 3.09870958
0.395021319 4.16348362
-3.72294164 -0.20102334
2.81629133 2.85729527
4.13927984 0.110692687
-4.09215069 -0.0060666413
-3.9611845 -0.287067086
-3.26642418 3.06151056
3.00921488 2.95186067
-0.00657824567 4.02178764
-2.95574379 -2.91743469
2.64198947 -2.85600042
0.737983525 -3.88360739
2.92982221 -2.70031953
3.81473923 -0.0965722203
0.0107510863 4.01779938
-2.87860084 2.95369697
2.92652488 2.71311378
-0.184065357 -3.92518806
-2.55187225 -2.42742872
2.9561255 -2.82054257
-3.96308565 -0.235492349
-0.112093911 4.23978376
3.69442272 -0.126825958
-2.91388655 -2.46023798
0.0319351666 -4.15872049
0.0181579962 -4.29028893
4.42257929 0.273522466
0.654628277 3.7486136
-0.504197061 -3.9225502
-2.87802744 -2.73838997
2.66754007 2.44496322
-2.74102759 -3.03008962
-0.153730273 -4.07622337
3.5950644 -0.196910009
-4.07563591 -0.0996946841
-0.0203670654 3.94714928
3.30815363 2.89298058
-3.80515051 0.0807261616
-4.364326 0.0663648546
2.60388899 -3.07047105
-3.92114782 -0.00232755276
-2.94085717 2.58431602
-0.303019822 3.87463212
-2.92132616 -2.91253304
-2.62769389 3.42772532
3.19993639 -2.7341671
-0.300980657 3.88592601
-2.80126619 -2.65622187
2.86053658 -2.82244182
0.189947546 -4.32941389
2.73804593 2.5534358
-0.0479425341 4.22912455
-4.1069932 0.170394376
2.86628914 -2.71345925
-0.361553729 -4.22005939
-2.65395498 -2.58694482
2.60160899 2.73571491
-3.86706972 -0.298704624
-2.33643508 2.75220203
-2.60527945 2.76842856
0.165619358 -4.16396046
0.0979956016 -3.79142785
4.22195578 -0.322584331
2.87835121 2.65802813
-0.158520341 -3.55041075
-2.98766446 -2.91611671
-3.00935698 2.5340271
-3.72017264 0.0572323985
-4.16922951 0.186674654
3.07545257 -3.02013636
-0.185955897 4.08348513
-2.8113718 -2.78836298
-0.0707862377 4.334517
4.10666752 0.284323096
3.01802731 -2.94308853
-0.184310421 4.01827669
-0.251878411 4.22990465
-2.30054474 2.41502953
-0.0970713943 -3.63670945
4.01031113 -0.361983478
-0.0201837625 3.65561414
2.76031613 -3.23418975
2.55317187 3.23207521
-0.117612414 4.48747826
2.93927431 3.14860463
2.51900339 3.04842854
-0.318142354 4.1788249
3.00131488 2.85433626
2.63628149 -3.00631714
-0.144953921 -3.89730549
-2.89255714 -3.00280929
-2.86935472 -2.63368487
3.26339602 -2.41483951
-3.8781774 -0.0910620838
-4.00779104 -0.069644779
-2.52622962 -2.74470305
-4.50352526 -0.228295624
-4.3744216 -0.19116573
-2.97984123 2.73448133
3.14208245 -2.72901011
0.368581027 -3.83823228
3.08464289 2.91047645
2.79413605 -3.01104188
4.05292606 0.0474966615
-2.27079296 2.67131472
0.412637323 -4.25671482
2.52103043 2.45542669
-2.88124037 -3.01288795
3.77603054 -0.369227231
-4.20240545 0.210358456
2.8516326 3.07058144
-0.234370321 -4.04218292
-2.97910619 -2.7515018
-3.02597809 -2.69017386
2.34774494 3.32671261
3.16408014 -2.62312102
-2.79361534 3.08764768
-4.02686787 -0.0970103964
-2.84368467 2.84031725
-3.98496842 -0.10627646
2.85442638 -2.34847212
3.79881859 0.213918567
0.168171152 -3.76828766
3.92425036 0.176256463
-2.88920879 -2.61521864
-2.67198706 -3.16013813
3.22134113 -3.00191951
0.228091195 4.30620718
-3.9228034 -0.119151354
-3.41605377 2.57290125
3.55584526 0.0807564706
2.6725843 -2.83133173
-2.95840621 2.88386703
2.8231914 2.58104515
0.0749846995 4.28066349
2.79509711 2.95876026
-2.69237804 -2.69135022
-3.88273215 -0.23631154
4.38409233 -0.352815509
2.85195208 3.10258269
3.79308391 -0.287907153
3.17615795 2.91158772
0.251850456 4.05807352
-2.69417262 -2.77430916
-3.01739597 -2.77668166
-0.126688436 3.82946301
-2.87982559 2.43260074
-3.18800497 -2.77905726
-0.168826342 3.54243803
3.84317327 -0.063920334
0.00231580948 3.96771026
4.13568926 0.283132613
0.096785821 3.52198029
2.7391355 2.44829607
2.64899492 2.66761017
0.0474641211 4.09288979
-0.110021219 4.01617813
4.05042934 -0.0192475598
-3.91746402 -0.0910950527
3.15235329 -2.44214916
4.03544664 0.153283015
-0.0443606563 -3.7302165
0.107502937 -4.34432507
0.142034546 3.73257327
-3.88531065 -0.0588378869
0.131418675 -4.07686806
3.6539042 -0.481759012
-0.144862384 4.60440445
0.506396294 -4.12206841
-0.0118993279 -3.90575242
0.174431786 3.81424689
3.59200525 -0.336508065
0.455499262 -3.73709106
2.53734994 2.87217188
-0.0527741238 4.21734524
-4.1847558 -0.0125262467
-4.03495836 -0.452385187
2.76851678 2.72499704
-0.0700379834 4.36447144
-4.0675168 0.203984842
4.36726713 0.0861039534
0.317481816 -4.39961147
2.83577347 2.58222127
-2.92228699 2.87476897
-2.65961719 -2.43653584
0.126792327 3.80629778
0.444781005 4.03175879
2.70374298 3.04896998
-0.455825388 4.35381794
-3.06599474 -3.04783583
3.12604189 -2.64131236
-2.83864856 -2.8954432
2.71649861 -3.35398722
0.195046529 -4.2940259
-4.71291065 -0.0519922748
-0.096635811 3.90762067
-2.50279713 -2.81396437
0.0738318041 4.06175995
-0.0619994998 -3.90028787
2.96688747 2.99762774
2.99458647 2.90909767
-3.95895195 -0.104124516
-0.246538848 4.21277952
0.06274461 4.03483772
2.62496662 2.67400932
3.18011618 2.71347809
2.44242001 2.91064835
2.95658159 2.419245
-3.81688046 0.318273544
-2.79315019 -2.82696867
0.311540961 -3.91005254
0.404712021 4.34993219
3.29481387 2.88681388
-0.0628459305 4.13095284
2.94724989 2.53375626
2.33414841 -3.14861751
3.47107673 0.335783482
-4.11776495 -0.219638631
-0.101963677 3.6875186
-2.92086315 3.08268499
-2.9404676 2.57104135
3.87369323 -0.263196886
-3.99983883 -0.161125422
0.112748995 4.13524055
3.97855234 -0.266150892
2.62079406 2.46115637
-0.140390977 4.31585646
-3.92472339 -0.09185417
-4.01788521 0.250957012
2.37611675 -2.51785398
2.64693928 -2.45910931
-0.286460578 4.26498032
-3.91301823 -0.145625517
-3.08027124 3.04667211
2.62389851 3.29554462
3.07809258 2.77267694
2.61953759 2.85692382
-0.141106948 4.13135529
3.77692437 0.0316084735
-4.05997705 0.182454214
-3.65466738 -0.0309787504
-4.12782574 -0.363842905
-2.68036604 -2.71244812
-4.67541695 -0.290987283
-2.14415216 2.98756766
-0.526717663 -3.83778858
3.83231378 0.246893495
2.77241635 -2.83527684
2.72276902 2.82688141
-4.3298049 0.00548501546
3.76531291 -0.280204386
-3.89796281 0.348755807
0.180673122 4.04616928
0.699819744 -4.03350592
-3.85809565 -0.25881207
-0.0486668423 -4.16593409
0.0546406023 4.19156647
2.80724645 2.44711232
-2.39888716 -2.71680856
2.82058549 3.12578559
0.0536428019 -4.29223442
0.0937185436 3.96313882
-2.70771933 2.77430558
2.88985801 2.94494748
-3.32175875 3.44298077
-0.0272901766 -3.81915092
-2.68566418 2.84287357
-3.13775206 -2.43490195
3.2690227 -2.60888648
0.449029118 4.20920992
-2.88340759 3.01502156
-3.79969597 0.129112169
2.90297556 -2.70684814
-0.372507662 -3.80950308
-2.61361861 3.01564407
-3.85952687 -0.157006577
-0.0647998452 3.83291221
-2.87176037 -2.53857207
-2.6721034 3.08237219
-4.17609024 0.291514456
-4.60457516 0.420244098
3.88385773 -0.0994756669
3.68090558 0.0412226617
-3.93302441 0.262119055
-2.70530558 2.73747969
-2.54133987 -2.83436704
2.73910141 3.48090506
2.86070633 -2.95392251
2.96963286 3.03262186
-4.3264327 -0.0831570551
0.264374375 -4.30923367
-2.66557598 2.96181726
2.68969893 -2.97449112
-2.5497129 -2.90506864
0.0604682155 4.19228792
-4.74199486 -0.183216035
2.5960412 2.63713336
-2.60903144 2.77134967
-2.82164598 -2.66437173
0.283740371 4.08102942
4.05938101 0.0719279945
-0.184529513 -3.7264266
3.44322896 0.21001491
3.83284569 -0.240173399
-0.157980025 4.01202869
2.83194613 -2.81830311
-2.62766743 2.99572182
-2.89294291 -2.58657789
-2.95417619 -2.94942188
-0.103995115 -4.15096855
2.71609068 3.37936306
2.90632129 -2.94243121
-4.13640928 -0.0761542618
0.266288877 -3.6940105
-3.81483698 0.426261634
2.94113612 2.91131234
0.0419651307 4.24154425
2.99486446 -2.86848903
0.381394833 -3.88478756
3.00279784 -3.223176
-2.96507454 -2.68765211
-0.0811623037 3.97543693
-0.323774695 3.74948239
2.27328634 3.12420774
-3.04056549 -3.25671268
3.81543636 0.236970663
0.404031605 -3.79604483
3.94018435 -0.129748493
-2.89002514 2.76649165
-0.279383928 4.06260443
-0.0639043897 -4.2385273
2.66223168 -2.63603711
4.03715324 -0.138608098
3.88896799 0.111538723
-2.61769152 -2.50436378
2.69168329 2.63089919
-0.0599620864 -3.77932072
-0.0410899073 4.16683388
0.288125962 -4.48989582
-0.123513818 4.12354136
2.91281986 -2.72933483
3.0355258 2.70716858
0.268455505 -4.06717873
-4.00268316 -0.281108797
0.28399545 4.13257456
0.0245480873 -3.88155818
2.55617285 3.3034699
-0.0741185918 4.09797049
-4.26512861 0.0537535176
2.18636823 -2.8094933
2.79640126 2.48093295
-3.08771801 -2.86030436
-2.93027186 2.73858809
-0.0870813802 -4.21749306
-4.23669863 0.213243037
2.66491389 3.04984641
3.80618715 -0.271467686
-0.295520306 4.06115007
2.35307693 2.65736723
-3.55090928 0.252087981
0.369119018 -4.19825602
-2.5945437 -2.83932662
3.68279672 0.334814966
3.06992078 2.73038793
-2.85824943 -2.95193934
-3.97424078 0.0400855727
-0.0171283185 3.80872822
-0.281941444 -3.59236479
2.76146913 -3.15228724
-4.04588747 0.0282880105
-2.84035277 -3.13491845
4.11897898 -0.187970236
2.91889668 -2.33420753
2.82526684 -2.56998992
-0.475081474 4.01270342
3.27325487 -3.00579214
3.03793788 -2.4950943
-2.72185087 2.75211263
-2.56303549 2.95611906
3.0146122 2.5573945
-2.49472332 -2.73387456
-0.376627922 -3.9526577
3.26549196 -2.90138173
2.84324265 -2.94838786
2.86052489 3.16637945
2.66980934 3.28049803
-3.91519308 0.329562038
-2.43019152 2.78417277
2.60200977 2.79888821
2.78910923 3.15925837
4.16482639 -0.217424139
-2.67117357 -2.69309473
-0.0366221853 3.87465501
0.157710403 4.24449682
3.79102325 -0.0377355516
4.28841686 0.533721745
-2.40510535 -2.68577456
2.95895958 -2.52232599
0.0547627471 4.19707727
-0.401021749 3.70945263
-3.86249065 0.332165599
2.49087453 -2.94077826
-0.366324216 -3.90690541
3.00977278 -3.37344861
0.0590820871 4.02776766
3.37038898 -2.4547708
0.039558474 -3.65331697
-0.409459114 3.79910755
3.0043602 -2.90683579
-2.99537039 3.24337816
2.37768269 3.20024514
2.71262908 2.92811489
-2.9443903 -3.16647983
-0.0869635791 -3.64951944
4.10821676 -0.302505195
-2.53106594 -2.65538239
3.04480577 -2.52415323
-0.136752814 3.85681915
-0.182896927 -3.74658322
-2.7037406 -2.99358416
-2.58611178 2.39045978
2.89653158 2.98615074
2.78626108 2.91150331
-2.88973999 2.86978531
0.0637030527 -4.50189686
-2.6705308 -2.75521636
3.70140409 -0.0847297311
0.05600008 4.07777548
2.96415544 -2.89684105
4.4861393 0.033686012
-3.96512222 0.212694526
4.2733655 0.398609281
0.0671604648 -3.75693321
3.15960145 -3.02666235
-2.64336133 -2.90148783
0.0352057517 -3.68373275
-2.89790726 2.2417798
-0.106562763 -3.72529268
-3.0527041 -3.07323623
-4.37667561 0.308670074
-3.75351405 0.134937748
3.1414783 -2.89108038
-0.253574997 -3.99028492
2.65219736 3.17512131
2.62825918 -2.62331319
0.264511466 -4.2223134
-2.86839366 2.43358326
-2.7569201 2.88789368
2.95991516 -2.87112713
-3.74493551 -0.211989447
3.96964884 0.150444999
0.281853676 4.05731058
2.99716926 -3.05821514
3.92688036 -0.0466934517
3.02548409 2.88615823
2.9957037 3.11569118
0.359545887 3.96639156
4.08709955 0.0115310233
0.577963352 -3.65481091
-4.29021215 0.141523406
-4.1870451 0.0369257666
0.0328026153 -4.53224707
3.1337502 2.6548202
-0.244986966 3.98257589
-4.15433645 -0.0217972454
-3.97770286 0.473388702
-0.411343455 3.84045243
4.00904512 -0.17548202
3.08003497 2.57245111
-2.69159579 -2.64407134
4.03550005 0.000373807037
0.032510832 -4.3476696
2.76256442 -3.35034347
2.78190446 -3.01306725
-0.494650245 -4.09845829
2.5931747 2.50988436
3.14360547 3.37864923
2.5371089 -2.77156162
2.76060748 2.63165402
-0.44048059 -4.06890154
-3.03856707 -2.98632288
0.341020077 -3.87208366
-0.178601712 -3.7206583
3.64423084 -0.482882738
-4.39705992 0.0552968346
-3.13505507 -3.14386606
-4.04097033 0.0671915859
0.259324253 3.37145352
2.39539456 2.99737763
2.53941274 -2.82880235
-3.05553365 -3.05740738
2.80485296 2.65758467
2.73396659 -3.20138025
3.9963789 0.198234618
-2.81276751 2.73133612
-4.00822353 -0.0982005149
-3.0725832 -2.9671936
4.02407408 -0.0685942397
-2.81648254 -3.102036
4.1155386 -0.0224111807
2.50519729 -2.74720931
2.69483852 -2.99456024
2.6242013 -2.59227991
-0.161007553 -3.95390534
-0.138722777 4.02013731
-3.9969368 0.0143096801
-2.70819569 2.89059997
4.14955425 0.228174493
-0.485356122 3.82884479
2.9824748 -3.1703918
0.418488979 3.38356733
-2.59349823 -2.73511839
-2.95868969 -2.88715982
2.39121723 2.52872229
-3.92670918 0.126550838
4.19568586 0.194071934
0.00883968826 -4.04328346
-3.12142801 3.33181715
3.09958434 2.48129845
-0.44706884 -4.12779093
3.93989134 0.276174128
3.09955263 3.14258647
-0.132561967 -3.95594001
-3.99201727 -0.200753823
0.0434403904 4.04297972
-0.205395162 -3.9111855
-0.0752306208 -3.9861908
-2.39175868 -2.99012375
2.72340512 -3.42663074
3.0236516 2.63611794
-3.56883407 -0.0908513963
0.571512222 3.95280623
0.0515330024 -4.11645174
0.172926515 3.99666238
2.637537 2.85639739
0.265039623 4.15053034
3.90126419 -0.135222301
2.47626019 3.26458526
2.69629455 2.91347218
-3.6329124 -0.0680183023
3.86271071 -0.0215754882
-2.62557292 2.72584796
2.80154014 2.83615613
2.91283607 -2.70214391
2.92391634 -2.34594226
-0.0247672778 -4.06491232
2.6963861 -3.0713768
-3.84388041 0.206910536
-2.85634518 2.94660091
2.48981428 -2.82823992
-2.36496925 2.92465639
0.227195352 -4.25589705
-4.0235281 -0.037446633
2.79207253 2.84739614
-2.60449934 2.78713226
-4.03631258 0.543816984
0.0623528101 4.0300951
4.23790836 0.194578543
2.91591525 3.052773
-2.53213 -2.52419257
-4.20606709 0.523660004
-3.04460764 2.9086051
-0.301855206 4.01048994
0.0257041734 -3.65562081
0.165997803 -4.13958597
3.08871245 -2.4915185
4.26599312 0.0278713349
0.200117633 3.80529523
-2.62820601 2.79168153
-4.20077372 0.256586611
2.7794261 -2.65018988
4.18038893 -0.275426209
-0.675839126 -3.73810291
-2.3297596 3.03194189
0.0815559104 -4.00402784
-3.96590257 0.101549424
-2.73360944 -2.89975071
-4.18400955 0.0205500424
-2.71446276 -2.8104887
2.90359306 2.3929224
3.94814444 -0.270972937
-0.00955635961 -4.51036215
2.42251563 2.48045444
-2.80599308 3.01271033
-2.81755853 -2.85179186
2.73465395 -2.52809334
2.66624427 2.40593076
0.328115046 -3.65429139
4.11011982 -0.169299513
-4.10267782 -0.0892074555
-0.0509859286 -3.79519033
-4.03893757 -0.466877669
-2.6732347 -2.62382579
-0.000301410793 -3.75858617
2.77819204 -2.40559697
-3.22149849 -3.09980893
-4.19943619 0.107677318
-0.0925814584 3.66239929
4.03719282 0.0486706644
-2.94847751 -3.08408833
-0.299919426 4.24897385
-0.0102695189 -3.85267568
2.52316403 -3.00579
2.78881979 -3.22953296
3.7061398 0.0468092263
3.90270019 0.333947718
2.51791 -3.30642033
0.304374814 -4.12371254
0.329554141 4.17400026
-2.84648824 2.87685227
-2.69628286 3.04471588
-0.328932524 -4.63849401
2.95057797 -2.99066257
0.296988875 4.25517082
4.15068007 0.035948433
3.82714605 0.307779163
2.22977757 2.76259518
2.67610788 2.70112896
-3.43247271 2.97256136
2.80198932 2.93412948
3.70846033 -0.0603567958
2.24318266 2.62154913
3.9642489 -0.247738779
-3.21107149 -2.64577842
-4.0231452 0.184706628
-0.051669687 -3.79366732
-2.70438671 -2.75042224
2.89248228 -2.73926091
4.10207939 -0.0581370816
-2.14955139 -2.48628306
-0.0507903807 3.82407928
-4.3109169 -0.130043358
2.91459823 -2.9372921
-3.85143805 -0.520262241
0.291684777 3.67634535
2.84589601 -2.70160294
4.09109306 0.0658486411
0.347454101 -3.98402381
2.92652321 2.69957829
-3.57330704 0.190018833
-2.63283634 -2.73666906
-0.0726781711 3.70750809
-3.04346871 2.62748766
2.68524313 2.90204978
2.60983586 2.75266051
-0.0477303192 3.91447663
-3.00618434 2.7181797
-3.09420729 3.02225399
-2.63145423 -2.87255692
3.82938743 0.0809720159
-3.30538511 0.271924496
-3.27318525 -3.16409469
4.11223221 0.249737933
4.04800892 -0.401073247
-2.78165555 2.54822826
4.10020494 0.614967048
-0.0018587755 3.75961185
-4.11547613 0.0180578958
4.30251122 0.372944534
0.0125799701 -3.7069273
0.675564826 -4.28397894
-3.408746 2.82969475
-2.64313674 -2.81969476
-2.69857287 -2.90519381
-0.0327362865 4.02137852
-2.4365263 -2.81520057
-0.104534231 3.9744041
-2.83163786 2.71376395
-4.21153545 -0.0884386003
3.30495 2.6982708
-0.1488031 -4.21624088
-2.88226771 -2.87792945
4.18355942 0.0629156753
2.67797852 3.05202866
3.13411713 -3.08684826
-3.26371932 -2.75767016
-4.13441896 0.156143874
3.95775914 0.533089459
-0.049995739 -4.13856268
2.86199069 2.9913795
4.25818062 -0.204504937
4.06369781 -0.016266942
-0.32689482 -4.10916519
-3.87300253 0.818340659
-2.72624278 2.97745275
2.94986749 2.51385832
-0.568209112 4.09290171
-2.16199183 -3.09738564
-2.76452446 3.31355834
-4.27686453 0.00222718064
-3.06033611 -3.24015379
0.0894736126 4.19777822
-3.1633656 -2.48479509
2.77122784 2.39805603
3.7172358 -0.315283269
-0.281541228 3.49523759
-0.246324748 4.45686674
-0.543921232 3.60656381
-2.63906288 2.58878851
0.526892602 -4.0808773
0.524935305 -4.06509018
2.97373295 -2.34803224
-3.16632128 2.52362132
3.85895729 0.0106429532
3.84730911 -0.411041796
-3.22757244 3.50648546
-2.62723088 2.77679276
-2.7663455 2.75250196
-3.04655313 -2.78550196
-2.77787042 -2.87367439
-0.144425943 3.75435543
2.72684097 -3.17176008
2.73403716 2.62142158
-0.112111673 4.43493366
-2.98646545 -2.44233632
2.76432943 -2.85801005
4.48327398 -0.235065967
-0.0505634733 4.33140278
-2.39576387 -3.08777046
2.86886644 2.32579231
2.87193632 2.95844102
-0.393486112 -4.03781319
3.24363375 -2.72021317
0.137184605 3.76299953
-4.20402193 0.295416206
-3.70721149 -0.0312851295
-2.73861909 -2.72251892
0.145889431 3.89911008
0.110007845 -3.62998271
0.0498336814 -4.21589518
4.21922016 0.51963675
3.86590981 0.315245599
2.79540324 2.91341949
-2.91477776 2.63705873
2.86270618 2.9119761
3.14823222 2.80520058
-2.4907639 2.93118834
0.0254578367 -3.94920015
4.13093948 0.108605891
-3.86815691 -0.038458202
-4.31316376 -0.560888529
-0.0681880862 4.13898611
-2.95780253 2.85739684
-3.06026173 -2.90690899
2.70736289 -3.04193115
0.0414030105 -3.91062832
-3.15926194 -2.73376799
2.51129413 -3.0596993
2.55453944 3.01508403
0.142532468 -3.86222744
2.78623986 2.9856503
0.480374575 -3.8003006
3.76699305 -0.083108224
-4.25834608 -0.21084027
-0.34248209 -3.8174727
-2.6550808 -2.66410422
-2.89899087 2.75015759
-3.0675292 -2.49845457
2.62130547 2.92846203
-3.38696671 -3.09436107
0.184103653 3.76274204
-3.74245048 0.0565922596
2.81338048 -2.89408636
-0.261213958 4.1059556
-0.203957722 -3.79447603
2.95743966 -2.75914788
3.98352766 0.0392983481
0.542805195 -3.76595235
-2.9367559 2.90630531
-3.95205522 -0.0076602879
3.03850031 -2.51547837
4.0198245 -0.00978975557
-0.248434976 4.00224829
0.32572183 4.25573444
2.69098282 -2.83533502
-4.42911816 0.342344403
3.80112934 -0.126230165
-3.01949215 -2.80752563
3.19049311 -3.17431855
-0.456807077 4.14971256
2.73648977 -3.01575089
2.55962062 2.62356281
-4.083776 -0.102498285
-2.37845349 -2.844064
-4.26273012 0.254507989
3.78755236 0.0531291887
-2.99037004 2.72491503
-3.904917 -0.0801342875
4.37214231 -0.320513427
4.54493284 0.199987397
3.56284523 -0.409386337
3.91818666 0.047260318
4.11766052 -0.175250635
-2.5574131 2.7008276
0.263463199 -4.12687016
2.85440731 -3.08948469
3.10324621 2.94001055
3.75882316 0.00783666689
3.19007945 3.16678333
-2.8188386 2.63531637
2.49144912 -2.8432312
0.2115013 3.78466272
2.72287202 2.98509836
2.75357628 2.81313467
4.01878071 0.372283936
-2.63952613 2.9834249
-4.22588873 0.0593726523
3.16896296 -3.019279
-4.01327896 -0.139509693
-2.60450435 3.00507498
-2.82311654 -2.9192028
-0.187519133 3.40859413
-2.5518229 -2.57940817
-3.08993721 3.15842676
-2.56746721 2.76191831
-2.7814002 -2.70856309
3.87329865 -0.20779404
-4.15944386 -0.121079609
-2.8152566 -2.98830581
3.09512186 -2.85336351
-2.82342386 2.67173409
-2.36816645 -3.01388597
4.24221611 -0.148508623
4.16346025 -0.185930356
2.67764378 3.19826889
-3.39048338 0.290994585
-4.3438406 -0.195499182
3.3752985 -0.0126289288
-2.78123188 2.92825532
-2.77221298 2.96019125
0.144160256 -3.9542129
0.0110538844 4.1568141
3.56624317 -0.287304014
-2.16085148 2.74278951
3.69865036 0.162158892
3.01319861 2.64789152
-0.267698526 -4.11267805
-2.55918097 -2.76981425
-0.188713178 4.44255209
2.54269671 -2.59817934
-0.170224026 4.11854649
4.3196435 0.176126868
-2.8224268 2.99729872
-4.07323122 -0.232514501
-2.12086082 -2.80306649
2.92332935 -3.02453709
-0.114378646 3.87738085
-0.38285017 -4.59321404
4.18887615 -0.320830226
2.94569445 -2.72558284
-0.101198263 -4.20263577
-3.98140574 -0.0478451699
4.28740168 -0.312066406
-4.14021206 -0.120492354
3.17695975 3.31128359
2.39150095 -2.66962528
3.07900786 -3.00982881
3.98520851 -0.295639873
-0.149832085 4.06030321
-2.3510704 -2.95134139
3.2874701 -2.66272593
2.39653611 3.42628002
2.73583221 3.04655218
-0.37979117 3.71831751
-3.95470405 0.151390836
-0.00120809476 3.94338775
-3.17559385 2.8068068
2.66550517 2.7920332
4.37519455 -0.341015548
3.9677496 0.0344214626
3.93271852 0.318491489
3.00107884 -2.76760268
-0.769698918 -4.23242903
3.47962284 -0.42176035
-0.26371038 4.24813414
-2.99387336 -2.63628936
0.119616009 -3.85364175
2.40382719 2.66378999
3.6996007 -0.385912925
0.0937539116 4.12953281
-0.114319228 4.23216677
-0.761617601 3.93016648
2.87628746 -2.69559956
4.13018703 0.29714784
-2.80601835 2.20287347
0.0304802433 -4.03127146
2.91618204 -2.71838856
4.05888653 -0.295538038
3.96750069 0.0572301149
-2.50266457 3.02297997
2.66555834 -3.13579917
-2.67649746 -2.62812328
-0.374898612 -4.18226624
-2.8386755 -2.63847446
-0.237280354 3.59309602
2.62729096 -3.03854942
3.25754786 2.87109327
-3.18096805 -2.6940825
-0.0616716594 3.66776013
-4.12310314 0.135880068
-2.75079989 -2.43771243
-2.81722856 -3.14461207
-2.70725322 -2.87569809
3.1569798 2.84813261
3.04297304 -2.58862114
0.237732381 3.71907949
3.05534816 2.63665748
-2.68546748 -2.71049714
-3.1511507 3.12955475
0.196824804 -3.77220058
3.16587162 -2.58124089
-0.188268334 -3.94915247
0.0693080723 3.80072737
3.04151249 -3.06481147
-3.08368206 -2.82137203
0.0452281907 -4.24937057
-3.03719711 2.58227539
2.62445521 -2.61213779
-0.154555783 4.22994137
-3.94373536 0.389316142
-0.261651754 -4.03053522
2.52873564 -2.6880219
0.225140736 3.74703193
2.84790325 -2.73279285
2.89399076 2.62197948
-3.01843333 -3.3142426
3.48987985 -0.0627384335
-0.0849544927 -3.59672594
-2.67956161 2.47464108
0.10404259 -3.9790206
-2.66310024 -2.7704885
-2.76680565 -2.6804657
3.49146509 3.36995649
4.25310564 0.302985281
3.98668313 0.0461707935
-2.35847163 2.74195075
2.46831226 3.15126228
2.83672452 2.68541145
0.195065752 4.10917044
-0.309759796 4.09378576
0.263154298 4.21108818
-2.94414139 2.80043483
-4.11653948 0.457169473
-0.283126414 -3.9920609
-2.93464184 -2.83796716
-2.61060905 -2.812078
0.523854852 -4.15814304
2.76058006 2.65320897
2.50279951 -2.97773361
4.3381381 -0.281113774
-2.81166649 2.49395418
0.232772708 3.79318666
-2.91112828 -2.56313324
0.0590911247 4.23669529
-0.290821671 4.23794699
4.39548111 0.140486583
2.63250852 -2.312711
-4.25821829 -0.198854074
2.9205966 -3.16374183
-2.72117567 -2.56653857
-0.346147329 3.94364071
-2.71403003 -2.99049067
-2.85152459 -2.8756752
0.216071203 3.99617767
2.72053838 2.65182424
-2.81715775 -2.69162774
-0.0340266712 -3.55951452
-2.80170894 -2.41966105
3.03969574 2.97797012
-0.637034953 -4.1495738
-3.75002003 -0.550867975
2.96379137 2.8281796
-3.27589583 2.45510769
3.87344694 -0.00161656155
-3.05574441 3.02275038
0.413982779 -4.56506157
-2.86785579 -3.05031037
3.13928938 -3.20844769
0.148442313 -3.95608401
-2.96678448 -2.86511874
-2.53265858 2.70473862
-3.90649962 -0.413952827
-3.68783665 -0.343788028
0.234494537 3.63637638
-3.7741859 0.149990842
-2.88365316 2.7454412
2.32925081 3.13445282
3.9562552 0.0689528361
-3.83457875 0.588318408
2.6962738 2.74947524
-2.97624779 2.72740364
3.03331518 2.78234839
-4.17857885 -0.088212423
-2.55498147 3.00713634
0.0288566835 3.91835642
0.140343234 4.2079668
-3.61094522 -0.350061893
4.14774132 0.25480178
-3.20309162 3.24181843
3.41968489 3.15821958
-4.22604465 -0.333414823
0.413122088 3.78444529
-3.23772311 -3.00239396
-0.267359287 -4.20191622
-0.294518501 -4.2829504
-0.224483952 3.79845572
4.16749907 -0.0419195592
3.38986135 -2.68965364
0.0297295339 -4.07036972
4.12062597 0.0705828518
-2.77126741 -2.81770182
2.56100178 2.99111581
-2.70278025 2.78929138
-3.2844491 2.70341396
-0.420631021 -3.92682195
3.12670231 2.92322397
-0.0286204275 -3.5769515
4.0387516 0.130593553
-3.77931023 -0.38636294
4.77728939 0.469906896
2.42733502 -2.91329813
0.323971033 -4.2185688
2.77132821 2.73148847
2.98922467 3.0799408
2.32401991 3.0230031
-2.81757617 2.85105181
-4.07719707 -0.0146751143
-2.91926765 2.95206857
-3.06477499 -2.93003845
-2.59014368 2.88933468
-2.89431071 -2.60235405
4.18374109 -0.0327976644
-3.27931428 -2.84383368
-0.646708131 -4.17363405
-0.135136649 -3.84853435
-4.24427032 0.0459644981
3.80001903 -0.391339868
3.04491401 3.34507394
-2.83714414 -2.84167624
2.83762717 2.93430877
3.28828669 -3.20838284
-3.88899231 -0.124801397
-3.44448829 0.307244003
0.21988304 4.30071735
4.15145588 0.170413598
-3.05170703 2.71730947
2.80897784 2.37840509
-2.96869254 2.81030607
-0.0352985896 3.92760801
3.16351318 -2.98169899
-4.79316554e-07 -4.0096221
-0.174582377 4.18573618
-4.08220243 0.281018466
-3.89793968 0.182614192
0.295444578 4.00839043
0.0384461768 -3.72816515
-0.057886418 4.28205013
-2.57090688 2.85739756
-2.69722486 2.74609637
0.279423505 -4.02326918
0.1065448 4.03740549
-3.66669226 0.16686815
-3.01942825 2.9965837
2.54227781 -2.96064091
0.353845179 3.79992008
0.0663381144 3.68299246
-2.71842146 -2.76381946
-2.71409321 -2.64831233
-2.89795756 -2.41814423
2.73071766 -3.04642248
-2.90116453 -3.11125755
3.2963686 2.96222115
2.9227457 -3.0950861
2.58122301 -3.30672503
-0.135130227 -3.88373542
-0.193015978 -4.04936552
3.97993922 0.182842597
-3.21681237 -2.62732196
2.67349195 2.56000805
-2.66055346 2.97870493
-2.7115159 2.89718103
2.07256222 -3.04670215
-2.85661054 3.25704765
3.71574473 -0.0998573378
3.63577008 0.0252140295
3.68392825 -0.067340143
3.71496177 0.546384215
0.307962537 3.9716537
2.99153447 2.34401512
4.26244974 -0.166070163
3.37574863 2.5878222
0.0285459142 -3.90715408
4.36397362 0.0372311473
2.75395465 3.20632553
3.9259367 -0.330446213
4.0757165 -0.140749991
2.93389726 3.0889163
-2.66405749 2.66267943
-0.119439937 4.22417641
2.82144642 -2.77624321
-3.44030762 -0.196206555
3.04101872 -3.17723393
-2.67712355 -3.04087186
-0.144393653 4.28322649
-4.35393476 -0.661257148
-0.144348398 4.08492184
3.88141203 -0.388937205
3.98749137 0.0356399305
-2.79871726 -2.66757631
3.00885487 -2.31291723
-0.0430235378 3.6790843
0.110384308 3.58451295
2.13131285 3.0693295
-0.00249263854 3.92058372
2.60248065 -2.69597316
-3.38814616 -0.0943932086
4.25419569 0.0097104758
-3.91032863 0.0742639601
2.72622895 -2.80275774
-0.225792602 4.14277411
-0.099308759 -3.95500398
3.07250619 2.52891135
-0.280769736 -4.13584805
3.0705409 3.06950617
-0.0540796071 -4.17741919
-0.111765586 3.99772954
3.09475327 2.95008254
4.51065159 0.200463533
-4.00970459 -0.131541803
2.75241017 -2.81890202
-4.4134984 0.0105622783
4.40620327 0.0905116647
-2.38232827 -2.5362134
-2.59522891 3.42386508
-0.0797057599 -3.93407273
3.87967205 -0.28080368
2.83517432 2.75203228
0.393983215 4.21425676
-2.99581552 -2.94068885
-4.03254557 -0.195840523
2.46795559 2.7464571
-3.00268793 2.78381777
-4.56781101 -0.653884172
4.31178236 0.517662883
0.323622346 3.89900708
-0.217738286 -3.88793111
4.35609436 -0.201385453
-3.91548848 0.273569524
2.51657867 -3.17141175
2.55836487 -3.00469518
3.03575277 2.48132396
2.84371853 3.15634155
-0.113349296 -3.93265462
3.76540136 0.140237719
-4.03675604 0.187956482
-0.548652887 4.59103251
-2.68540406 -2.91438699
-3.82944179 -0.127736449
-3.71098447 -0.0554252565
4.32348633 0.127641574
-4.07544374 -0.43592447
-0.355326951 -3.84136105
-0.401961327 -4.10171843
-2.92865157 3.15751576
-2.3899889 2.91611099
3.09547925 2.2362721
-3.75114512 0.178628147
-2.96721697 -2.71914601
2.84007335 2.75090051
2.93029404 -3.2188282
-2.67741275 -2.69866943
2.55815029 -2.70275235
-2.56881952 -3.17653012
-2.41765022 -2.63584447
-2.66256404 -2.53103852
-2.72860241 3.23463726
3.79906368 0.10081809
-0.159147531 -3.56037736
-0.179485828 -4.03405523
0.339453101 4.21906996
-3.03531718 -3.00088811
-3.76299715 -0.247768745
2.63993835 -2.88768244
-3.90831995 0.41114375
-0.113286234 -4.12467241
-0.814947546 3.54312181
-0.131183758 4.09569168
3.93807173 0.182162017
2.74282598 -2.61520839
0.423253655 4.0312109
-2.34729934 -2.44051456
-4.43565702 -0.220689386
-0.0381153002 -4.1887579
2.66144133 -2.86659455
-0.0490060262 3.82126427
2.66385221 -2.92965269
-0.247343048 3.60863519
-2.59890366 -2.72765732
2.87004566 2.56586146
-2.74604368 2.40521765
0.00720209861 4.0004859
-0.0280112065 4.20602512
0.0406232812 3.57630706
0.26763463 4.16217613
-2.88675809 -2.93410778
-4.33428669 -0.138785988
3.6093297 0.063664265
-3.11375332 3.19996214
-2.55830669 -2.24068546
0.344649374 3.61458802
0.155032411 3.59987617
0.567453265 -3.84237552
-2.95277333 3.21212983
0.209737524 -4.51682186
2.62203169 -2.31580901
0.0625126883 -4.08901691
3.15214181 -2.54390335
2.82666302 2.3848691
-2.77196145 2.74671412
3.80651641 0.195014283
-2.69765377 -2.63431835
-2.210145 -2.99687815
-2.24415779 3.1836822
-0.043083854 -3.87819099
-2.88678503 3.01113367
-2.67853045 3.23181772
2.31112099 3.33003974
2.50176191 -2.31517768
2.80996513 -2.62966871
-0.34251669 3.60893846
-3.98639727 -0.141580701
3.26594806 0.0843289867
-4.10356951 0.300170332
0.0910180733 3.84854579
4.34082842 -0.143006638
-2.90999603 3.05620837
2.83833098 2.93290877
-2.76370049 -2.98869586
-0.1006459 -3.94835234
2.69014955 -3.06759477
3.28652263 2.84938455
2.55830097 2.87297773
2.92137837 -3.01287937
-3.04457188 -2.78071928
4.05230427 -0.0520292968
3.85766244 -0.051178664
2.81218481 2.80725932
-2.16095257 2.90789866
0.0659043267 -4.16097593
0.223237768 -3.91168332
3.21274376 -3.07448173
-0.911710799 -4.07847023
-4.45657539 -0.179367736
2.78162527 -2.36889577
-2.65323734 2.90634656
-0.435081005 4.17665863
0.0318601206 3.94250512
0.379627824 3.55620766
-0.0593597963 -4.04285669
-2.96359372 -2.74588108
4.30907965 -0.0983658731
0.138400674 -4.37983513
-2.66089988 -2.37088251
-3.02295971 2.65391874
-0.314505666 4.07512093
-3.03170586 2.77151322
4.02458906 -0.152201414
-4.05064249 -0.207510859
0.0513101518 4.01945829
-3.52931428 2.79696488
3.15028715 -2.52325821
2.81498861 2.94187903
-2.91868758 2.8574264
0.220340773 -4.06819296
2.4897697 2.97744012
2.56548572 2.89755344
2.87921858 3.02549624
4.164608 0.201421499
0.0394532271 -4.38756132
-0.312099665 -4.12274313
0.185256153 4.27493048
-0.196986705 -4.05391645
-4.34827328 0.0414621569
2.8178606 -3.03447604
0.364501297 4.22657681
4.20993996 -0.115657955
-4.15956783 0.205476105
-2.87906814 2.87001967
-0.264272183 4.03282452
-3.56941795 0.17067036
2.98870564 3.02272511
-0.312850714 -3.84899235
-0.30850628 4.09904909
3.90771818 -0.364804149
-2.68467402 -2.78379464
4.13974762 -0.0431932993
-3.72860336 0.458005011
3.31580782 -2.65029955
0.0781678781 -4.32361364
-4.33693457 -0.271856666
3.00382853 2.84264588
0.28655076 -4.24494171
2.91119266 -2.67853355
2.86791658 2.89835906
-2.75916076 -2.75708008
0.25558129 3.96523476
2.86836815 -2.94793105
-2.39843464 -2.81346273
3.95206904 0.304110855
2.58348489 2.58793569
2.5012598 -3.04290247
2.92767286 -2.48171663
4.24406195 -0.145964682
0.0868639275 -3.93207717
-2.90319586 -2.72003794
-0.384273022 -4.43827009
0.0427130945 -3.86010408
-0.0563311018 4.35309887
3.27563405 -3.1145649
0.11751879 3.94958162
-4.15704155 0.0176549051
-2.79190636 -2.96672106
0.212497279 4.22421312
0.21958442 4.27658081
0.105938211 -4.11892939
-2.58081126 2.31893826
-0.0558822602 4.33150482
2.76262474 3.28679132
-4.17701483 -0.0734587386
-0.146762222 -4.3273139
3.05401468 3.13782811
-2.98679566 2.42279744
0.229460031 3.52130032
0.121857442 -4.12988234
-2.90192318 2.68395138
-2.93363428 2.8452487
-2.50142026 -2.83174896
-4.08102703 -0.240566418
2.8645587 -2.82043433
-0.0874779969 4.01670265
-3.94231415 0.309050143
0.404117882 4.39176559
-2.90796089 -3.03798962
-2.7861166 2.96711969
3.13467431 2.75823808
2.56719327 -3.10349512
4.26507711 -0.0499157012
-3.69537258 -0.234737888
0.129737809 -3.87362766
2.43153954 -3.00384378
2.82187176 -2.9693594
0.0381591618 3.73013282
-0.0962155536 -4.20000982
4.22454357 -0.20451656
2.63750577 -2.41411495
-2.72754455 -2.87981462
0.116636433 4.0486207
2.82629728 -2.73728752
-3.02529693 2.83248878
0.113653608 4.06223726
2.40030742 2.76882839
0.377467871 -3.82353354
0.241190135 -4.32618713
3.9802711 0.461690098
3.98014164 0.000311961048
0.156698272 3.91061926
-0.305951595 3.99870801
2.97387266 -2.81167507
-3.13053274 -3.14678311
-2.54410124 -2.75047994
2.65326738 2.64196992
-3.01201892 3.26292038
0.393698394 4.02911377
-2.86632752 -2.77394485
2.47973442 -2.88129425
2.62524223 -2.28968525
-2.98065233 2.94516206
2.90235019 3.25616717
3.97674417 0.301535964
3.16555047 2.54970026
3.79180455 0.0594127327
-2.54722095 3.15890718
2.60884595 -2.74297261
0.184492022 -3.76536417
2.74305916 -2.74037361
4.1765275 0.246769413
-0.349565148 4.2743082
2.78441095 2.49970341
-3.27708292 3.05148792
3.10048747 2.64732313
-3.65454245 0.333367765
-0.0666636974 -4.03004026
-2.52358556 2.50374794
-3.05936623 -2.7568152
2.98552442 2.31183195
-2.97213459 2.93523073
2.65775681 -2.9434433
4.3081131 -0.268129379
3.88752556 -0.0305119138
3.77860451 -0.431742072
3.7818675 -0.317950279
-2.43797374 -2.56817102
3.05243278 -2.90263939
3.81725025 -0.208333537
3.88848138 -0.0442901775
-2.92921972 3.09175348
2.62928915 -2.84896588
3.75661612 0.472197324
4.00522852 -0.100117162
2.75053382 2.93005419
2.96992302 2.90420818
2.7744348 2.71359921
0.262474209 3.79597306
3.96071267 -0.0432110578
-4.6447072 -0.0567263886
-4.57192612 0.0403004177
-4.16514063 0.198643059
3.07460451 -3.21936297
2.57791018 -2.41976762
-3.94222736 0.249190167
0.0534650162 -4.28076458
2.79028177 -2.30418348
-2.84746146 -2.87930536
-3.27885437 2.84616518
4.16258097 -0.369662642
-2.71641135 -2.85394692
-4.20941782 -0.0729461834
-2.78936601 2.79282808
3.09320545 3.23026586
-2.91427135 -2.59993505
2.70713878 -3.13222408
2.88297653 -2.67110014
-0.106490284 -4.0338645
2.72336102 2.93170547
-0.0702342615 4.32141209
-2.88682437 2.88024306
-2.91362476 -2.85894275
3.10791159 2.72543621
-2.61940289 2.82092786
-0.0507675894 -3.94357681
3.08188868 2.86119628
-2.49621677 -2.55712128
-2.53172112 2.8760221
0.0315108038 -4.11632061
2.87124801 2.50735188
2.44466972 -3.24788642
-4.13906384 0.0648820028
4.00622559 0.174262643
3.05715299 -3.07812548
2.38151264 -3.10919142
4.4961648 0.38315022
0.0628685281 4.10518742
3.72852683 0.0633895621
3.93072844 -0.445836216
-0.469252169 -4.00788069
-2.68505621 -2.97575927
3.07255459 2.76927328
0.0258247294 -3.96560264
2.74992228 -2.83163929
-3.5802021 -0.241651535
2.77672553 -3.00008845
-3.07289863 2.9476409
0.00404462824 -3.93699956
2.70087814 2.88380122
3.25271392 -3.38868713
0.328106016 -3.6307621
3.92663336 0.107602701
-4.28283644 0.234714359
3.09066105 2.51268077
2.69423246 -3.30455184
0.00596180186 3.67358685
0.0439362787 4.19334316
-0.174093083 4.1069541
3.12371612 -2.47266293
-4.28485107 -0.107919328
-2.59776688 -2.84632611
4.0477128 0.0725470409
-2.7983079 2.71249366
-0.278196514 3.92918134
-3.04810667 -3.22392797
-4.36577082 -0.187018335
-4.23394251 0.0418862663
-2.27104902 -3.20484471
-0.082032837 -4.09729576
2.62222219 -3.74567986
0.0845022276 4.06877041
3.0817678 2.72081542
-3.79080343 -0.0516993776
-2.07344389 -2.97203159
-2.53438044 2.55303264
-0.239031449 4.16487455
-3.98080802 0.0616412945
-3.36812496 2.55316782
4.2961359 0.00516633224
-2.69353676 -2.52626514
4.20665884 -0.0549273044
-2.7868402 2.84492755
-0.0356857404 -4.23951244
4.15446281 -0.404882759
-2.82425451 3.0882833
-2.54939127 2.60839295
4.12955093 -0.125810549
0.325856537 -4.48334742
3.39621019 0.0715866387
4.28388309 -0.350315601
2.74848199 -2.63422084
3.0099194 -3.02209783
0.453697801 -4.18960333
2.74449754 2.43857026
0.239905506 4.091784
3.98130488 0.234923303
2.90543866 -2.96316648
-3.86963081 0.420142859
2.72039366 -3.04378891
-0.193766817 3.90232158
0.148412466 -4.3916707
-2.85831642 -2.9076097
2.57708025 -2.52581477
2.69372654 -2.98831177
2.71973133 -2.89198065
3.0227139 -3.02765584
0.294557899 3.87220407
-2.59011889 2.55438185
3.23894906 -2.56336498
2.75942922 -2.74739528
-0.0636679977 -4.09924459
2.36445212 -2.81256723
2.77213144 -2.80372024
0.220027924 4.01299858
-3.03388429 2.41704917
2.93963957 -3.2075212
-3.92518187 -0.30097729
-0.288687527 3.95976973
3.85833716 0.127382249
3.83414888 -0.122655205
-2.79437995 -3.06472588
-0.693111658 3.89887214
-3.41638994 -2.99539804
2.24125457 -3.19857097
-3.15154481 -2.65758681
-3.37804651 -2.37344861
-3.87122488 -0.185943022
3.0390358 -2.71538448
-3.75848198 -0.686013579
-2.92336059 -2.75195408
-3.49395418 -2.96723342
-0.17737408 3.76870775
0.196810201 -3.94950676
-4.15528774 0.269331902
2.92499638 3.01762319
4.44744587 0.223637387
-2.74864721 3.39352441
3.66357732 -0.161078706
-2.75778532 2.68541837
-2.82192421 -2.81403947
2.89827514 2.03696728
2.52692986 -3.0735116
2.75144458 3.3365202
4.13961029 -0.238058999
3.70534277 0.188850105
3.14151025 -3.30120826
0.166724846 -4.45526266
-2.76548362 -2.88532019
0.228501901 4.20284367
2.62012839 2.9465549
3.67286491 -0.138245225
2.83448529 2.70149755
0.4126091 3.98558688
0.100082278 4.15756512
3.32647896 2.8319366
2.86532116 -2.93224955
-0.151423588 3.78890347
4.1291256 0.087202251
0.0765376613 -3.84880829
3.20707202 2.89812136
-2.56659937 -3.00803089
-3.99286938 5.49958313e-05
3.29319644 2.8330431
-4.14982748 -0.482796848
-2.41220903 3.25709152
2.57300806 -2.86803937
-2.88108277 2.79953098
0.353815854 -4.03363991
4.13384914 -0.136201471
-2.68987203 2.26858997
0.160239056 3.99167967
-0.120915279 -4.19403887
-0.130497709 -4.05459356
-2.74884534 2.68218398
0.33848536 -4.14100218
3.03532553 2.5987618
2.83152699 -2.42446041
0.0129084559 -3.99882841
0.288897663 3.81711006
-3.58300614 -0.206996858
-3.88392615 -0.0431158878
2.73513937 -2.89225459
2.80356574 3.20372748
-3.82661152 -0.0135075413
3.74031281 0.0427785739
0.293986142 4.10271072
2.70515513 2.87836123
3.03241134 2.92076683
0.291110307 4.40664768
-2.86669326 2.5209713
0.185473755 3.94298506
-0.28148073 -4.42116117
-2.7887063 -2.89911437
2.45805192 -2.98629785
-2.98192954 3.11804032
4.25476885 -0.0653097108
2.7270472 -2.88832498
-3.32009244 3.11470127
3.0449717 -2.5799439
-4.23893356 0.328848809
-3.64162326 0.35193786
2.93410373 2.28629851
-0.0109196026 -3.93585134
-0.261975974 3.95608616
2.971977 -2.82735372
-2.94557595 2.97671795
3.07744241 2.95671177
2.877527 -2.94103599
3.80774355 0.0188866165
-2.85568643 -2.55109668
-2.73322177 -2.74182606
-4.3737793 -0.308073103
3.03023362 2.93941879
2.92016768 -2.67604589
2.94158483 3.05620313
-2.17545128 3.08842778
-0.0252654012 -3.8384726
3.14113092 -2.8232162
-0.0510366 -3.93627048
-2.78041339 -2.47816992
-2.58326006 2.42336154
-4.19354439 0.0933963135
-2.89018106 3.1072166
4.12424612 -0.110655509
0.259787172 4.03980398
-3.7576704 0.496986002
-0.155410141 -3.86286426
0.0936373845 3.88550258
-2.61590552 -3.34969711
-3.60009527 -0.0468520895
-2.34236693 3.16380954
-0.199764356 -3.71314645
-3.92925453 0.57732594
-3.96143007 0.140475214
-4.07931185 -0.0560906827
0.264456153 4.0841527
3.84712648 0.259271979
4.29768372 -0.152412221
-2.55717301 -3.13278484
-2.79462743 -2.62865973
2.67361522 -3.09863615
2.66982079 2.62334514
-0.0149883013 -3.85917902
-3.01282978 2.81958866
0.0922515914 3.87502193
-2.65168953 -2.84496951
-2.62303352 -2.83673477
-3.66205835 -0.266639978
-2.39031982 2.84060907
0.362731934 -4.52151251
3.79433751 0.0566064864
3.84485221 0.107738011
2.78877521 2.94778061
2.63368273 -2.98927188
-2.8080976 -2.76641583
0.534357548 4.12245321
3.34106827 -0.0360774919
2.84722066 2.77030778
-3.42513824 3.09340525
2.81578326 -2.82345891
2.9282155 -3.02182078
-4.28472805 0.0951421335
0.307020575 -4.11063051
-0.0561136901 3.94975471
2.86944175 -3.07862163
-3.65732455 0.510939419
0.154030904 -4.11941195
2.72395825 -2.37017226
-3.94933772 0.266456872
-0.181634754 3.84291244
-0.239769921 -4.13579178
2.79791355 3.02423668
-3.32145596 -2.70652103
-2.72975469 -2.64662099
4.47898769 -0.113849625
2.81722951 -3.03559947
2.42470741 2.88553381
2.92258859 -2.7429924
-0.0795271471 3.89232278
0.118395999 -3.94743204
2.88796306 2.82411933
-4.2174325 -0.0936701298
4.57385635 -0.164510593
-2.8854239 2.92188692
-4.68598032 0.0871956125
-2.76353312 2.65502143
3.0789814 2.89963055
0.297849983 -4.03732061
0.0113985846 -3.3730154
2.58312964 2.92283678
3.80952978 -0.062477719
2.70619702 2.93214059
-3.70098209 -0.194387808
2.70504379 -3.00338483
4.13359833 0.118843108
2.58726025 -2.37066889
2.71536303 3.2081244
0.133040696 -4.21222305
3.0944283 2.91403961
-2.9324162 2.81721044
3.10078573 -3.09848428
4.02641964 -0.073533453
-0.102620758 -4.10100698
2.26450586 -2.62165546
-4.12103987 -0.055524379
2.87298369 -2.71167064
-0.0448779166 4.63374043
-2.86592603 -2.98476362
2.8087914 2.84102058
-2.94891953 -2.47721529
-2.33386302 -3.20829535
2.71875095 2.75720382
-0.110082157 4.13508368
-0.425156981 -3.99315357
2.83517218 2.95106816
-3.84343767 0.312767535
3.87440205 0.140022233
2.66816926 3.1270535
0.287170827 -3.43397856
3.17481613 2.70426726
-3.63326883 -0.217781559
-0.120371774 3.8960619
2.89107561 2.2768178
0.189304098 -4.22718859
4.3084054 0.188262567
-2.78617406 -2.49735928
-2.98694396 2.91209626
-0.150200129 4.23518848
0.296235889 4.0572753
-2.86915135 2.85221529
0.422319353 3.6389575
-0.130805403 4.08983898
-2.89737892 -2.51706982
2.83753729 -2.4637959
-2.8197515 -2.97009802
-2.88128638 2.84885025
-4.47616053 0.0618201531
4.10887957 0.0193040837
-2.92740107 -2.02489233
4.17344379 0.370445281
3.43443608 -0.139268875
-3.14565897 2.50514293
2.48238826 -2.29942083
2.4551127 2.84807324
2.94627643 -2.70846581
-0.132820979 4.45076561
2.7245295 -2.8873899
3.24958539 3.19309998
-0.374492824 3.63852763
-2.89809871 -2.74919105
0.0958542675 -3.9414115
2.47704649 -2.69845438
0.056652762 -3.9340589
-0.221683338 3.9375484
-0.391241103 3.85717368
-2.96100211 -2.61371732
2.83516598 2.82407308
2.81842065 2.56252861
3.34307528 -0.328388333
-3.86649394 0.0549483337
-2.05580664 3.00478506
-2.81730604 -2.68909073
-2.56857681 -3.43908834
0.156038493 3.75295615
2.5855751 -3.01943398
3.88866162 -0.341901988
2.52941728 -3.02740955
2.47915602 -2.72933674
3.39402771 2.82837486
-0.144654959 -4.61774206
0.144157946 -4.01545858
-2.90517855 -2.69055462
2.63293862 -2.86788344
-3.13897705 2.90726972
0.0620220341 4.0848465
-0.016676778 -3.783324
-2.82749271 2.76501155
-3.78910685 -0.29414174
2.69740295 2.70848966
-2.61964464 2.45939183
4.20389414 0.160054535
2.86506224 -2.72040009
-2.66399956 -2.84489465
-0.0106692808 -3.91704488
-2.97761035 2.88170362
-0.500193596 3.73674488
-2.80886054 -2.10417366
2.73749804 2.99355412
-4.1702795 0.208339602
-0.267281562 4.07794285
0.155987814 3.62671685
-0.161005318 3.35045314
-3.94381618 0.519500792
-0.0918931216 -3.83909774
-2.84534216 2.93464398
2.34754777 2.93012643
-2.56470871 -2.71784282
3.72839093 -0.142918363
-2.28822374 2.80825758
-0.104524277 -3.62712407
0.0210900661 3.94884229
2.60916376 -2.60299826
4.03028774 -0.0539540015
-3.06417108 3.02262115
-4.20103025 -0.160713822
-0.12596646 -3.82495785
0.106384546 4.4736433
-3.64087343 -0.136486128
0.063846007 -4.00462437
-2.98062992 2.55392575
3.03972769 -2.86538434
-2.26397562 2.5182333
-0.148129642 -3.97195005
-0.178456739 4.01890564
2.67194581 -3.1299355
0.22257854 4.34224749
-2.76566672 2.6032424
-2.50607967 -2.49110436
-3.64264369 0.35068956
0.346348524 4.24562502
3.13974905 -2.63532996
-4.10478354 -0.0675113872
-4.03238344 0.525433242
-0.0694662482 3.95176888
2.94020629 -2.30865908
2.69175196 2.77251697
-4.07839537 0.270293802
-2.22622395 2.33672452
-2.63844657 -3.04545212
2.32363534 -2.91389132
-2.4531045 -3.14997554
2.55168128 2.90489554
-3.14856577 -2.91497254
-2.74893761 2.80760717
2.86160541 2.80366492
-3.85285926 -0.0849891677
2.56178331 2.82905698
3.93127298 -0.165368199
0.0757220313 -4.05753136
2.78370023 3.05247021
-4.2716651 0.180062011
-3.75760818 -0.0902461335
-2.79809117 -2.72711873
-3.0960288 2.5456183
4.21176767 0.206705824
4.15908289 -0.0375469178
3.45393324 2.8454268
3.97227597 0.110422038
0.102284841 -3.84982729
-4.22673512 -0.343807667
3.64879799 0.398581892
2.86400294 -2.84244108
2.57697821 -3.02177596
2.62769961 -2.48876786
-4.07707024 -0.00462860335
-0.310125113 4.24560547
-2.97443247 2.46991086
-3.89412522 -0.191099316
-0.310931206 -3.8822813
-2.93110752 -3.10167003
2.73268461 2.94472265
-3.90624881 0.194746047
3.22419548 -3.05412126
3.0176518 3.06812859
0.193987265 3.57971001
-4.27661037 -0.24230054
-3.65716529 -0.257958233
2.83254409 -2.98738289
3.04189658 -2.90575147
0.173128173 -4.07404757
-0.227001324 -4.11351061
-4.30290604 -0.224539965
3.35599351 3.00239229
2.82114697 3.53722572
0.281039596 4.20308018
0.358784854 3.93954229
4.0602994 -0.321246058
-2.3140738 -2.74196744
2.8965106 2.73408031
-0.272816598 3.65485859
-3.46319437 -0.161615148
3.10688853 -2.69939709
-2.93679881 -3.0030477
-3.75445628 -0.675258279
-3.12555838 2.74815822
2.56736207 -2.8522048
4.01322937 -0.336001933
2.94813347 -2.48389816
-0.0885849297 3.91634011
-2.82797456 3.10189772
0.20359455 3.77240443
0.123045176 4.0057807
-4.6392827 -0.255217254
-2.43007588 3.03066492
-3.15379667 2.69946456
-0.123860188 4.06612635
4.01801348 -0.293816537
2.79379964 3.15209913
-0.191224292 -4.12799931
-2.52410936 3.0136528
2.84235168 -3.36749482
-2.9846015 2.39372635
3.7465148 0.183814988
-2.76982808 2.69765759
-4.02663469 -0.462632
4.34187603 0.291428417
-3.75022101 -0.125711292
-2.71519899 3.06328321
2.8065052 2.31188774
0.156437472 -4.1646142
2.78732848 -2.53487301
2.79567003 -2.75015998
0.0462603457 -4.1588335
-3.86122131 -0.0209801365
4.19868898 -0.169322193
2.70057583 -2.69973683
4.03526783 -0.052755367
2.19410729 2.90855145
2.51902986 2.76303554
4.28828955 0.39427942
3.12450624 -2.61515141
-3.19280982 -2.84340954
-2.33721209 2.87542701
0.14714092 3.65750885
-2.83466768 2.88840079
0.275773555 4.28056192
4.27205324 0.287879199
-3.94465828 -0.627032101
-2.84216785 -2.9643836
0.135072768 -3.66614127
-2.9610889 3.22011685
-0.126327038 4.02594805
-0.2745395 -3.99960089
-3.42630577 0.00206780271
4.5033865 0.0791790038
2.54109502 2.7703042
-3.20411444 -3.10291481
-0.175145894 -3.79087186
-2.85598421 2.82617593
2.86206985 2.87451315
2.76499557 2.64663911
2.23952603 -3.2818625
2.74234271 2.3240242
3.43719006 -0.17853485
0.339562237 -4.06186104
-3.90698624 0.500182509
2.61812162 -3.04711175
-0.0350706764 -4.20697117
-2.79620028 -3.29730988
2.4109354 -2.63076138
2.69839692 2.56233311
-0.704489052 -4.16154051
-2.57295179 -2.25514746
0.0832763612 4.07869005
0.305526584 4.45823097
-2.53263044 -3.00031281
2.83038044 -2.89039087
4.11976576 -0.231404841
2.56680274 3.04454541
0.0855665281 3.84713268
-0.0924838409 -3.74000168
3.08265924 -2.63453507
3.43636942 -0.144475743
4.16471195 -0.262248755
3.18866348 -3.09085941
-2.96896553 3.05426264
2.64454937 -2.94187427
-2.88436246 -2.70545411
-3.18250823 3.0374577
-0.0345684476 -4.20365715
-3.94406295 -0.455539614
3.78652763 0.556531727
0.424374342 -3.7088263
2.95253897 -2.38646007
-0.339227468 -4.03954554
0.0726097375 -3.71725655
2.65630031 3.13293195
4.08886719 -0.232520998
-3.04095984 -2.84488058
-2.42830777 2.96336055
-2.80107641 3.07168007
-2.88845587 -2.5589273
-0.413723499 3.92962766
-2.4738431 -2.88621712
-2.73350906 2.96030378
-0.05023323 3.98956347
0.189073429 3.71620417
3.68234849 0.0744372383
2.87210345 2.84007335
-0.108330853 -3.99198937
-3.06423354 -3.00844193
-0.229108214 3.78200412
0.342826724 3.56214809
3.92796302 -0.487620592
2.76207876 -2.79926944
-0.427960157 3.53427744
0.0986909196 -4.02428579
-0.129976615 -4.56404972
4.49567747 -0.342266411
-0.00463436171 -3.75319958
-2.96626949 2.49505615
2.55595851 2.7398243
3.72533369 -0.322514921
-2.66209388 3.29292297
2.31208706 2.5937295
2.71189475 -2.861763
4.17559385 -0.0674679205
-0.230661735 -3.93109965
-0.536403358 -4.15672588
-2.95400238 2.34624028
3.80617976 0.098919861
2.78525496 2.70294929
2.78320789 -3.02759075
2.85516477 -2.52755284
3.11891651 -2.76805091
-3.13779473 2.84748316
-3.95429039 0.549956918
2.68533802 -3.2115202
-0.181129918 -3.87175417
0.411254168 4.21026993
4.25971031 -0.145064205
-0.371031284 -3.94269848
0.243424803 4.17609501
-2.5996449 -2.20325947
0.0250571184 4.30916595
2.30464506 2.20450139
-4.05795765 0.139366686
-3.05522418 -2.83560371
-0.208437607 4.24851131
-2.71744275 -2.49389291
-2.57060575 3.16385221
-3.23731565 -2.4265821
3.69945097 0.258274227
-2.84170389 -2.80829644
3.93465853 0.0969131365
-4.13455105 -0.124772295
2.75151968 2.95904326
-0.102724239 -3.81974602
2.43844819 3.04815531
-0.00301749003 -3.62818122
4.47117138 -0.537248194
2.70077872 -2.58402467
0.177563697 -4.32535076
2.61486197 -3.07768989
-2.9637239 3.0346179
-2.6616981 -3.26012564
-3.08100653 2.79794669
-0.314119935 4.06313562
4.16164875 0.136147171
-3.19470382 3.28057575
-3.47718906 -3.29864907
-0.31303674 -4.04703665
-4.22818899 0.141536966
-3.09673548 2.4196353
2.9790206 2.71576667
2.69693828 -2.68778086
-3.02734351 -2.74064016
4.00171995 -0.0703309104
-3.76389623 -0.27944836
-3.83530498 0.329932541
-3.93938971 -0.164336607
-4.1667428 0.383719414
0.105429403 -3.64392495
4.04986763 0.0354460739
-0.0663272515 4.10927677
3.97418356 0.13566196
4.07107353 -0.237416402
0.36697033 3.87365222
3.14469957 2.70257807
-0.0980652273 4.3845768
-0.306140602 4.56639147
-2.39215779 2.59171677
-4.07399893 0.184211209
3.01263595 -2.90284848
3.77477384 0.300381809
3.90691757 0.0333441906
-2.79045343 2.80456376
-2.89637351 2.93649197
2.6620152 -2.29098654
2.86373806 2.99564934
-0.20198454 3.85728717
4.41846752 -0.243254647
-4.02033472 0.16380547
-0.162435263 4.37609577
0.0243939143 3.69903636
-2.35150647 2.7112298
-2.85687947 -2.94618273
-3.08398461 -2.79407072
-2.78815103 -2.69318724
3.82346034 0.459720671
-2.78278017 -3.32687426
-2.91252947 2.75844479
3.06778216 3.10325432
2.40100908 3.13718486
0.45370996 -3.37445736
-2.95658183 -2.84013987
-2.78722501 2.67491198
-3.36223793 -2.78237271
3.83962202 0.0351396985
-2.46344447 3.02162838
0.0711112916 -4.31132698
0.355602443 4.05553913
-0.176715195 3.65897894
-4.11094809 -0.125240684
2.87786555 3.05587959
-0.458998859 3.69929767
-0.120417945 -3.99995637
2.94333076 -3.49952841
2.94128799 -2.73293447
-3.10835218 2.42319179
-3.95188403 0.149137259
4.3815279 0.1928626
-2.77837849 2.25986099
2.85600519 3.24417686
0.221409172 4.06417751
-0.109590024 3.79957724
-3.67753315 0.371853322
3.16410613 -2.96962595
-0.13076514 4.26055002
2.86945534 2.85290027
3.85312963 -0.203843817
4.32800627 0.384085834
-0.200422198 3.81092358
2.49670267 2.72767782
-2.9888165 -2.88928246
3.89450312 -0.0196314976
-2.805866 -2.75935531
0.263903409 -3.88695383
-0.0489836074 -3.98373771
3.33618665 3.04296207
-3.08714437 -2.7516346
4.32776403 0.350072145
2.776371 -2.90524912
2.56329203 3.20385361
2.30362606 -2.54758906
-2.73251438 -3.46959352
4.17103529 -0.227709278
4.23890638 -0.532173336
-2.83228707 2.58157682
-0.479798794 4.31512117
-0.473231614 -4.22706175
4.06492329 0.220098138
3.89852238 -0.0721108615
-0.111629374 4.26735735
3.194417 2.84274411
-0.222690433 3.57593346
0.213548675 4.34055376
-0.278523594 3.97819948
-3.13805151 2.66461921
2.86900401 -3.02773857
-3.96894813 0.192782
-0.023944594 -3.97460914
2.56539512 -2.62977529
0.273643732 3.69272065
2.5943532 2.76817751
3.99009395 0.218720779
2.48154855 -2.66697311
-3.639925 0.108495258
0.0944774374 3.667068
3.97236276 -0.082226105
-0.355825156 -4.01153421
3.80688357 0.101537243
0.235998124 -4.17937136
-0.0926547647 -3.74219465
0.26661846 4.1836729
2.74529076 -2.98154521
-0.0478439294 3.43867612
-2.64306521 2.96841741
-3.10526896 2.6827476
2.6825211 -3.19210982
0.102367163 -3.80843282
-0.0993805453 3.7192359
0.733335078 -4.30906868
-4.21102381 0.241218239
-3.04120922 3.13681674
2.90119386 3.05157995
2.82404065 -2.61641264
2.68374538 -2.55181384
-3.70481014 0.398920119
4.1491065 -0.0795788839
-2.7892375 -3.24068618
-4.28861666 0.536711633
-2.38150764 2.58615279
-2.7394309 2.45408988
-3.646909 0.34679243
-2.83796692 2.73560548
2.82599425 2.8249259
-3.98706365 -0.0668030679
-2.97113824 -2.95964599
2.56542087 2.80640364
2.66831517 2.69633698
-0.181112513 3.52651954
2.80520964 -2.95481873
-2.64291382 -2.99912977
-2.61553383 -2.92089224
2.92235136 2.15348577
2.79651761 2.52373362
2.91515422 2.95146632
2.73044276 2.94213104
2.99921465 2.28538442
-0.631770432 3.82836723
2.93451929 3.16283774
2.62953925 -2.63697267
2.48244739 3.29443645
-3.87020183 -0.170911327
-4.23173428 0.563458323
-2.84525061 2.84345365
2.85913754 2.84883928
0.239896789 -4.37005901
2.51922941 -2.51660419
-2.96301341 -2.65594912
3.52922678 -2.53461123
2.82620907 2.83805537
0.102689713 3.63266134
2.4409852 -2.86671591
-4.05353165 -0.0581848398
-2.9756043 -2.77902293
-2.74353647 -2.8754375
2.85901523 -2.78511572
3.8233583 0.1257357
-2.86166573 2.34173703
2.66162276 -2.77839446
0.282189548 -3.35274839
-4.1752677 0.125861898
-0.211169004 3.98539329
0.00327731553 -3.62675452
-2.71454501 -2.79412222
3.66021895 2.69065714
-0.0916433409 4.08754349
4.38156652 -0.315784872
4.17459869 -0.428973615
0.339416802 4.13179541
2.88603926 3.03849626
-0.198095381 4.05341387
-2.5517993 2.64203691
3.13639283 3.29661059
2.72601151 -3.11725783
2.74160123 -2.47889423
-0.104132906 3.97685647
2.94208932 3.29655528
-2.95450425 -3.10031199
-0.22346352 3.86525798
4.17765045 -0.429313213
0.353666306 3.59424901
0.0623152703 -4.29980803
2.77538705 -2.77082658
-0.391828179 3.99172044
-0.0857510343 -4.25179625
3.19005466 3.18540812
3.08423662 3.42232084
-2.2339859 -2.63718772
4.22783661 0.0716832206
2.60919833 2.57883406
3.02199531 -2.62949681
-4.2656951 0.384779692
-2.62661123 3.12460804
0.183864012 -3.88083792
2.64894938 -2.91512847
-2.87414885 -2.75510812
-0.48681277 4.4170332
2.81843424 2.82919455
-3.09982085 2.63862681
-0.259129584 4.09651423
-0.0203719344 3.79208112
2.9358449 3.03103375
0.0855549648 4.19630432
-3.40406322 -0.0542050004
2.65328979 2.88332343
-2.55800366 -2.60743213
4.1599679 -0.379379898
2.94884491 2.65109825
2.59299755 -2.98431087
3.94840384 0.162102625
-3.01549697 -2.68767643
3.9044354 0.0514814071
2.50297904 2.91751099
-2.68120408 2.81195092
0.438511968 -3.76234961
-3.68690395 0.11046607
-0.480255395 -4.09105778
2.96700215 -2.83689094
-2.72812939 -2.53968477
-3.97208786 0.185586721
-2.88335681 -2.98311377
-2.76560593 2.44547081
0.163609177 -3.76045918
3.86341548 -0.11313536
-3.87990022 0.0937729776
-0.214352548 -4.06030798
0.165655673 -3.93339705
0.00544814253 3.75205135
-0.436379254 -4.1941905
3.27084804 -3.11008406
-0.160797924 -3.53524566
3.24316788 2.76872301
3.90259075 -0.608129561
-0.0243983995 3.85049701
-0.363867253 3.60352898
2.98489952 -2.53274918
0.441173494 3.99708629
-0.285845578 -4.30864525
2.57208443 -2.99378204
-2.63399839 2.96139431
3.34602213 2.55725527
-3.07604837 -2.63181281
0.629033267 3.8932786
3.10079145 2.66408038
0.254165947 4.42740631
-0.122926585 3.97185564
-4.07853985 0.0689686388
2.74969816 -3.08706689
-0.0132649746 3.78690743
2.53989005 2.7353344
-3.12067008 -2.77920771
3.13594913 -2.91733289
2.9710598 -2.81854653
-0.345041394 -4.03122425
-2.63110781 2.85351276
-0.0784326717 -4.41857195
4.04376936 0.307975292
3.90012407 0.157386377
-2.92366934 2.76242161
-3.97549343 0.478797019
2.89976788 -2.57658482
-3.98477149 0.234774858
-2.40266752 -3.34420633
3.25853348 2.66519189
3.742939 -0.156589806
3.86682153 -0.0724566206
-2.94667244 -2.5543766
-2.61158848 -2.90156579
-2.55570507 2.45625186
4.48489809 -0.0316555016
0.310020924 -4.39360476
2.88072634 2.92749882
2.71318793 -2.49340558
2.60148382 3.24310088
-0.336026013 3.67525887
-2.83751416 2.46529984
3.69302154 -0.0429220386
0.289936513 -4.18181658
-2.62188411 -2.77314448
3.57284331 -0.0172357745
-0.210051462 -3.90713215
-2.98030972 2.42956948
-0.258421212 -3.87751555
-2.76689553 2.82880402
-3.92206168 0.129345864
-3.85891819 0.232682303
0.0725588724 -4.27415657
4.26453686 0.517716765
-2.95234394 -3.02476263
-2.93749332 3.02399755
-2.79944086 3.42729664
0.0509964786 -4.02029133
-3.99525261 -0.214020386
3.94578767 0.381254613
-0.164839491 3.87555718
2.38910723 -2.97939706
0.340131164 3.79191113
-3.25713921 -3.02222633
-2.77998066 3.23947811
3.88030457 0.406169653
-3.28364587 -2.69351268
-2.68355322 -2.82014179
-2.76322007 3.2125895
-0.0902786478 3.89538622
3.98233485 0.151816204
3.88197446 0.263818681
-3.07450104 -2.93970966
2.71719694 2.93710423
-0.224163294 -4.17935419
-3.95128298 -0.116938576
0.536223173 -4.07464027
4.05687618 -0.025899997
-0.129485503 3.56628609
-2.38042927 2.86507225
-3.9314115 -0.0799516141
-2.70673037 2.97641921
2.96131039 3.20442343
-3.79038143 -0.251249135
3.02726984 2.9799304
-3.63992405 -0.168893814
-2.7594645 -3.00822949
-4.24750853 0.441284418
3.20143795 -2.36032724
2.97520685 -2.50474358
3.23881984 2.87141418
4.09801579 -0.102649227
3.91160703 0.0905952975
-2.81628299 -2.93564749
4.28057814 -0.139393747
-2.73764038 2.80005145
2.69406486 -2.73071456
-2.47827983 -3.05342054
2.54295707 -3.19248724
-0.375996321 4.22197199
3.69613338 0.379361421
-2.5691824 2.72349334
-2.83987379 -2.3323667
-4.03729391 -0.333138943
-3.07759762 2.96326804
-2.88725209 2.8830328
-3.10233021 -3.11479115
-2.76681471 2.73154783
2.90028572 -3.0105319
2.94061327 -3.04653573
3.20451999 2.31473398
-2.93136954 2.62230277
2.88068891 -2.56932592
2.70757103 2.65309668
0.1596196 4.05194855
4.30261707 0.318145066
-0.0742032081 -3.83540702
0.0510768481 -3.80334878
-0.126306564 4.19857025
-4.32111454 0.262131482
-2.91308856 -2.84817839
-4.36124372 -0.331131995
-3.62052131 0.165605828
-0.0394133441 -4.41992664
-3.59930158 0.0634663776
3.07851744 3.48676014
0.19844009 -3.47159219
2.64470267 2.54291391
-3.97594309 0.0301992614
-3.40461588 -2.67658639
2.65433955 -3.00661635
2.84494805 2.80949783
-0.341952115 -4.10375452
-2.99722958 2.68680644
-0.0631570816 -4.03664684
2.39987755 3.21728683
2.66944456 2.57059813
0.0758871958 -4.0728755
4.04833651 -0.0136861578
3.14150286 2.75403762
3.03330898 2.91690803
-4.18253803 -0.552228689
0.430826873 4.32011557
0.151479408 -4.053617
-0.394550383 3.87429428
0.295151711 -3.92614865
2.57360411 -2.85439849
0.0363991112 -3.61502552
-3.01543522 -3.17297006
2.55378652 -2.49204564
-3.31999445 3.24504542
-4.21251011 -0.0155342612
-3.04761982 -2.84344316
-2.59641504 2.9963131
-3.26873159 -2.57756782
-2.81324196 2.96708107
2.57185555 -3.17340851
-4.42033625 -0.215933323
-2.82425904 2.4824388
0.111752242 4.14141941
2.84401131 2.66855168
3.94199514 0.181012437
-3.10141611 -2.67263007
2.3373313 -2.9738853
2.54776359 -3.12068629
-2.81925583 2.24381399
3.05204749 2.81746817
3.18999362 2.58196473
3.63759732 -2.64791369
-0.218070775 3.72189713
2.72685051 2.91935563
2.26977396 2.88278437
-0.286824226 -4.12700939
-0.392402261 -3.63957024
-0.236652151 -4.18754482
2.9408102 3.1392827
-3.92649508 -0.0362779684
-3.97340608 0.459336609
-2.87469363 2.7760489
-2.4795053 2.76085496
-0.162035063 -3.90710473
-3.16626763 2.89078283
3.5474174 -0.282327712
2.78982568 3.09237623
-0.00564274471 3.83614111
2.90221286 -2.98421407
0.762813628 -4.20690536
-0.0621492974 4.44466305
2.98871517 -2.68155122
0.127922401 4.001019
-3.35894156 -2.60667229
2.57705069 -2.72321677
2.52402353 -2.97481799
-2.6350472 2.75160074
3.02027607 3.01420784
2.73148656 3.27369714
-4.20359659 0.526731968
-2.825109 2.57918215
2.58626938 2.92996001
-3.72582674 0.253700912
-4.0065546 -0.00160862715
-2.4006052 -3.01993561
0.0857471228 -4.27760458
-0.35290128 4.28210354
4.07990217 -0.16147621
3.89070344 0.317525089
2.54367495 2.93117571
-2.78956962 -2.65040231
-2.90257454 -2.39291263
0.0930987746 -4.1004281
-0.0647487789 -3.94329619
2.81276798 2.51595712
-3.94823885 0.279290259
-2.73301959 -2.7311883
0.0243730471 4.29628134
-2.51185226 -2.88332486
3.50482678 -0.114570394
0.402599901 3.90871263
0.137429565 3.86194038
3.78095245 0.282493144
0.459300756 -3.85638976
-4.15520191 -0.100365654
0.121053964 4.04909134
0.165903255 3.82756066
3.00120115 -2.93879724
2.67559695 2.3782618
0.0270292312 -4.36813879
0.238503993 -3.86037898
-4.45810032 0.0248056836
-0.318785906 4.49285412
-2.99730206 2.48970509
4.09248161 0.0251072776
-3.90905619 -0.134509161
-4.11539984 0.211315721
2.24151301 -3.03189445
-0.020318538 -4.12865925
-3.71681905 0.440803111
3.37427664 -2.97808313
-3.38133812 -2.66113806
2.9531846 -2.80676079
-3.03438163 -2.90454078
-0.0451980941 -3.70240378
-4.05013323 0.0163133368
2.61955357 3.17419934
2.95790148 -3.04496741
0.0275039375 -4.05525303
2.42205763 2.66676307
3.8125658 -0.215940177
3.99693561 0.206139073
2.91622496 -2.7043581
2.67467999 2.77101326
-2.99646068 2.62348127
-2.7191515 3.30663514
-0.123760179 4.29183865
-3.07264686 -2.89057469
4.00301123 0.512717068
2.86360431 2.28060937
2.91903019 -2.54451752
4.93453789 0.00463686651
-3.09620762 2.96958375
2.8058269 -2.87042451
-0.231551766 -4.19381952
-2.89441299 3.35482216
-4.12756109 -0.0408691242
-3.07236338 2.53538346
-2.95752954 2.98265362
2.94626069 -2.50277925
0.573612869 -3.94278502
2.61347246 -2.87868118
-2.85275841 -2.68644691
-4.07374907 0.0102823377
-2.7693789 -2.47503924
3.00502753 -2.85774946
-2.70085192 -2.86721158
-0.100574411 4.53706932
0.0930790305 -4.11811543
3.28965425 -0.0470669083
-0.28069216 -4.23247147
0.0769357532 3.5941124
-3.17276883 -3.33568335
-2.56734657 -2.82080865
-4.00163889 -0.0893408433
2.72128439 3.08218789
4.35288286 -0.179437891
4.44710636 -0.321790457
-3.17821097 -2.99532127
-2.79615927 2.84812188
-2.65208006 -2.81438279
-2.76291752 2.68879056
-0.632073522 -4.21303749
-3.08323646 -2.38119674
-2.83012462 2.78158784
-2.89535046 -2.63625765
2.65259433 2.5311296
2.94148278 -2.84762716
2.83267808 -2.61070514
0.132104248 3.92210317
2.82377386 -2.83511996
2.57998109 -2.96286631
0.120986208 -3.98848295
-2.37984037 3.12962818
3.79373193 -0.0655898228
-2.61467719 2.78648591
-2.59280825 2.56079388
2.75537896 -2.99980783
0.184937403 4.04567194
0.0230245907 -4.27131414
-2.42674017 2.48049951
-2.70655012 2.75247431
2.87746954 2.86446619
2.66498709 -2.68990707
-3.87633491 -0.272030681
0.210250661 -4.3658967
-2.86332536 2.89705157
-0.0248126667 -4.53882408
-3.15980077 -2.94326806
-2.97988105 2.50662589
-2.61968541 3.31525564
-2.44936967 2.87645221
0.0327395275 4.03456211
-3.67216468 0.283316135
3.19653249 -2.26365638
2.73791456 3.09734035
3.17805934 -3.19063282
-0.0309846792 -4.35437584
-2.76510262 2.72958207
-4.71246672 -0.258285373
-2.71194077 -2.90759087
-3.05435324 -2.61455607
-2.41338897 -2.41817451
0.158345312 4.45511818
3.84183884 0.106337726
-0.0336091965 4.28182125
0.287300408 -3.86222601
2.72043777 -2.79389524
2.76863384 2.65536284
0.249110937 -3.94759679
-2.70320749 -2.81566858
-0.0979726911 -3.63287306
2.71564984 -2.97297287
0.00153073878 4.0482316
-0.437167317 -4.52008629
-2.69412279 -3.06780553
-0.397099227 3.69939613
-3.8998425 -0.224225
-3.94898748 -0.101268761
4.49937677 -0.137491763
3.87071919 -0.221982673
-2.65504193 2.97610426
4.04968834 -0.118524738
2.30927491 -2.90440249
-2.89104462 2.93218684
3.93908453 -0.0840901807
-2.21275687 2.54327631
-2.93196559 2.30359745
-4.10676622 -0.18964085
2.7506516 -2.68364215
0.0121864695 -3.76811147
2.6245203 -3.06361151
-2.88000059 2.66015863
-2.77525353 -3.15362811
0.0250170585 -4.11164188
3.98625565 -0.211911023
0.300324142 3.65066004
3.81184721 -0.20562847
0.438338161 4.15909863
0.102607943 -4.32332277
0.282549769 4.01179934
0.149645358 4.63048601
2.87249923 2.83110094
-2.96783018 -2.89631534
-2.79128098 -3.04765296
-3.11493158 2.69884443
3.94741988 0.243927777
-0.0576756075 -3.75473905
-3.92518091 0.124830559
3.67128992 -0.342177957
2.91803145 2.71727037
-3.66384554 -0.0705214217
-4.34230709 -0.27189973
-3.1552062 3.0270009
-4.00294781 0.143766508
2.77636051 3.24385476
-3.84245729 -0.11644762
-0.048196137 3.9401288
-2.82323265 3.03291392
-2.77935123 2.60808563
-2.15901041 -2.80983424
3.90501451 -0.243349105
0.154099777 4.06999874
-3.92714643 -0.345135123
3.15517926 -2.6272018
0.109123118 4.05835295
-2.92315483 -2.76537514
-0.143805102 3.78783989
3.32487965 -2.69975424
-3.69084644 0.195999101
4.34331703 -0.086514771
2.70259428 2.68396497
-2.54090643 2.92463636
-4.10153866 0.273006767
-4.03521061 0.208080485
3.79992461 -0.296988994
3.03070498 -2.49402237
-3.81546116 -0.0400376879
3.26212311 2.57501054
-2.80150247 2.87762499
-3.13746953 -3.12758422
-4.05554962 0.139728338
2.31899261 2.57894588
-2.79648709 -2.97617102
0.111993849 -4.15245724
-2.82145977 -2.95045352
3.62924385 -0.147249177
-4.15893555 -0.225277051
-2.77352619 3.23506927
4.33326626 0.0287513956
2.92446184 2.77293015
2.57668972 2.42286396
-0.244339406 -4.4802494
0.0663004071 4.24143982
-2.48898888 2.6187222
2.78497767 -3.16431451
-2.64842939 -2.91337061
3.21366143 2.77093983
2.81053329 -2.74894667
2.90778804 2.76268148
3.67671585 -0.106623501
2.81954122 -2.83335781
4.41676617 -0.0243865978
0.0771414265 -4.0573349
-3.84403014 0.23621504
-2.44409752 2.47852635
4.3411622 0.0664663687
-4.33551502 0.350110084
-2.58304 2.77888417
-4.03134918 -0.0506836548
3.87079549 -0.260628045
2.60132599 -2.72182488
-0.00383416447 -4.30070734
3.8361702 0.0708927438
0.27222997 -3.76979113
-2.72967076 -2.86612964
0.282336384 -4.12439346
-2.47866058 3.01479077
-0.0965921804 -3.62383246
0.608189821 3.9555738
3.53697944 -0.30578959
2.95131993 -2.50757289
2.16047001 -2.49708486
0.117241301 -4.24183702
-4.13367796 0.308777988
-2.92045093 -2.93885851
-4.29292917 0.113319181
-0.234779716 -3.94973874
4.03084707 -0.146049485
3.00587606 3.26210403
2.77846766 -3.37571239
-0.131759882 4.00222349
2.98556519 2.62278485
0.418648422 4.02573872
2.79047728 2.55109358
-2.56111741 -2.6515944
-2.91888571 -3.04392004
4.23540068 -0.156620353
2.87806606 3.04532313
0.295725733 3.69855285
-3.81009912 0.257811546
2.83150125 -2.53341079
2.63411522 -3.14682055
2.98199821 3.18606067
4.03172874 -0.0928595886
-3.95699859 0.256683081
-3.76415586 0.270828664
2.93302679 -3.07919383
3.07081819 2.64587736
-2.70627046 -2.8288219
3.09684634 2.69807935
4.04402494 -0.0654874966
-3.05993319 -2.84160209
-3.00172544 -2.74245548
2.81466389 -2.55566716
-2.90116906 2.37786722
2.87184453 3.08956409
-2.88589334 -2.82847524
0.149677843 3.78831887
-0.115054086 3.94869757
-3.93906188 0.0347962007
-2.93300009 3.08123279
-0.277002275 3.79896474
-0.019531589 3.90683746
-2.92475057 -2.98666096
3.11414146 -2.85053754
-3.83046746 0.308143497
-3.85841775 -0.131474242
2.90570974 -2.60163283
0.0775399059 4.05516338
-0.11279615 4.2906909
-0.340063274 -4.19717455
-3.11561108 2.92331409
-2.74754333 2.95810223
-3.70735955 0.145504445
-3.01760387 -2.40074301
-2.72429585 -2.59720755
-2.51854515 -2.98430657
3.15145636 -2.54164076
3.20170164 -2.80375385
3.9955678 0.0779135153
3.10442543 2.65604401
-3.90955305 0.327404737
-2.57696176 2.14536333
-3.07730842 -2.67346048
-3.17631006 -2.95947933
2.92212963 -2.69549894
2.50502634 -2.59978318
2.84189034 3.12612081
2.71433067 -2.71446133
-2.4171226 2.73616982
-0.206217468 -4.29021215
-3.45032549 -0.112153202
-2.60141015 -2.63473153
-0.119198561 -4.28647661
2.88682842 2.86531329
3.29374266 -2.53336835
-2.96347737 3.31488538
-0.209929392 -4.11883593
-2.9350512 2.9985075
3.70674229 0.167660952
-3.75883794 -0.269619077
-2.43284678 2.77593422
-0.120927334 3.9204309
3.19705653 3.15825367
-2.74497962 2.51990509
-2.70105767 3.06285286
3.72016191 0.0660268888
-3.45739436 -3.10393357
-2.91430712 3.00982571
-2.91187596 -2.61773968
3.37277985 2.81056619
-3.95396662 0.213493928
2.8069005 -2.83037853
-0.298332751 -3.97355962
2.08490753 -2.79636025
-2.93698215 -2.85397911
-2.46646595 -3.06763983
0.34747389 4.09828234
0.148653507 -4.00865221
3.41645765 -2.82401919
3.10711479 2.61792803
2.86981225 2.8668704
-2.93478322 2.97946048
-2.98337889 -2.99127817
0.110885739 -3.75745296
-2.6371119 2.69804001
0.00927328877 -4.05552959
-4.17616415 0.0873263925
-2.9113369 -2.7206943
2.5710268 3.20064068
4.16269302 0.0640449375
-4.09467697 0.230345219
-2.98578286 2.87033534
0.0333607607 -4.01683187
-2.72564507 -2.87962532
0.192247808 -3.95864201
-0.00542986393 4.17395544
-2.58523321 2.82150173
0.0718150362 4.47087049
-0.700273514 -4.38304615
-3.67313051 -0.0666099191
-0.0334791169 3.45386457
4.03569317 -0.230406627
-2.86125517 -2.84873152
-0.175639555 4.33685875
-3.02392006 -2.9448719
-0.0576102287 -3.99162912
3.0408268 3.24297166
3.89420986 0.554133475
0.522892892 -3.76411414
-2.43546557 2.31273866
0.10907644 3.78326869
2.72033858 2.82305264
4.35556793 0.312274665
-4.38592196 -0.231936082
3.02619696 2.68451548
2.92215633 -2.59411526
-2.96443319 -2.89035702
2.93829346 -2.39303493
-2.76130486 2.53788304
-3.72287822 0.228043467
4.37475395 0.15408507
0.141403154 4.0274744
-2.70194244 2.8556006
4.01090288 -0.0289502032
4.02303839 0.385920972
-3.27213216 2.50654125
-4.17535305 0.068379201
-3.04486489 2.60071015
-2.97345471 -2.73284173
-2.53240848 -3.11280656
2.2941103 2.82649493
-0.0358684622 -4.116786
2.94144464 2.99772882
3.12454462 2.82192755
3.05050254 -2.63953686
2.78301334 -2.57370853
2.12607837 2.98543048
-4.44657612 -0.21843265
-0.397877514 3.62306142
-3.02464247 -3.19400239
-4.39148569 0.00236424594
2.46433401 2.67639923
-2.64521885 -3.2644031
-2.8681457 2.70958114
2.62700534 2.63402033
-0.0734535232 4.2278266
0.227468789 3.69703364
-0.129838139 3.88155651
0.193704233 3.46108079
0.119892225 3.86192966
3.9309063 0.170539394
-0.19344984 3.96707201
-4.25017023 0.12321727
-3.94941258 0.395886093
0.149302289 3.92073679
4.04994345 0.00191233703
-2.62817574 -2.75788403
-0.460770488 3.96429753
-0.142565429 -4.40888357
-3.84072614 0.195772871
4.07330656 0.0168301445
0.121014781 -3.96540952
-3.88060975 -0.522142529
-3.27964401 -2.88218904
-0.0509641021 3.881778
3.51206303 0.193275705
2.85966682 -2.901968
-0.111670852 4.3448782
2.8188343 2.5847342
4.12165833 0.116507947
-2.51347899 -3.15183067
2.57185173 -3.31139565
-2.70078993 -2.88499689
-2.96474481 2.71472478
0.223290205 -3.92908216
-3.83806419 0.25560388
-2.62777233 2.45141411
-2.97259212 -2.43865514
2.86322546 2.82328391
2.69902349 -2.69043422
0.444102317 4.28388262
-0.235001951 3.93879652
-0.201295674 -3.78409648
3.96542144 -0.0576151237
0.1881769 3.93447804
2.81450486 2.94905424
3.06084442 -2.27889967
-2.67486691 -2.32350564
-2.69474077 2.95284009
-2.65753007 3.00924206
-2.68206906 3.0424335
0.326705545 3.90128803
2.86611676 2.63471389
2.66757154 2.57412362
-0.0733990893 3.87274027
-2.96170282 -2.68544078
-2.69125724 -2.85498857
-4.11688566 -0.214397073
0.287631303 -4.17912197
3.25427103 -2.77524424
0.323860019 4.20059872
3.44939709 0.356550366
4.14773464 0.393602312
2.83360815 3.23497415
-2.96783996 -3.03613877
0.316716343 -3.59291697
-3.08503318 3.05864143
-4.03549004 0.0459570102
-3.01961923 3.06060576
4.03732395 -0.0829792768
-0.363405406 -3.74032164
2.86645699 3.22601247
-3.16982293 -2.76449823
0.0566956885 -3.74237633
2.87602592 -2.44617105
0.0943048596 4.06344938
2.95537281 -2.45227671
2.6802001 -3.18493867
-0.1764642 -3.56825757
2.83796954 2.66735649
2.94565177 2.96572804
-4.23646212 -0.441796392
3.69966125 0.232934967
2.48624229 -3.29548025
-2.82001328 -2.90482712
-3.89430237 0.710878551
0.101050951 -4.4701581
0.0554689132 4.30506039
2.76845527 -2.70574117
-2.69823647 3.01563025
2.75130248 -2.96479607
-3.03136969 2.4213686
3.42688346 2.65545464
0.020262897 4.3891983
2.58344293 3.08663273
-4.24256992 0.36154595
-2.81440067 3.3078227
3.14514041 2.85561037
-2.67332411 2.61674762
-4.34076929 0.400191605
-2.96761441 -2.91740274
-4.14834356 -0.233016685
4.15245962 0.0823060125
0.230050743 -4.03814507
3.01710558 -2.52760816
0.151608631 3.76063442
-0.131257623 4.12844038
4.07015419 -0.0466146618
-2.5666678 -2.61689019
3.33631873 2.98971152
-2.84869623 -3.0836792
-4.03937292 0.217534557
-3.95396638 0.0197427496
2.81237626 2.97175407
2.92806935 3.16085291
3.56559038 0.255830526
0.5871225 -3.87615728
0.16303435 -4.24724054
-0.222642139 -4.78923225
-3.90885234 0.195728198
-2.78827262 -2.30167508
2.80375123 2.69586658
-3.00458288 3.351825
3.03527403 3.23809934
3.04576802 2.70113277
-3.82638526 0.403761089
2.71718979 2.68561387
-3.20839357 -3.09670115
-3.75558758 -0.0416564979
2.55384851 -2.77718377
2.65581346 -2.66825366
-4.54079962 -0.0418937877
-3.10096788 2.70305395
2.78296852 -2.43496752
-2.71905708 2.53165483
3.95164895 0.364580333
2.5607934 -3.09942961
-2.57908773 -2.89506721
-2.5390017 -2.01130486
-2.58120275 2.90768766
4.18203306 0.00494237198
-2.99259472 2.95268798
-0.157958284 3.58861327
0.069881998 3.79735231
-0.456945658 -3.72218084
-4.40531921 0.163000554
-2.87423134 3.19559288
-3.61766291 0.013197571
0.41897735 -3.42075324
-4.14709759 -0.105550826
0.122431606 3.4113946
-3.198277 2.72191262
0.135295585 -3.94777799
0.041235324 3.67348289
-3.82188034 0.218837395
4.00054455 -0.234747469
0.0789343193 -4.0207324
2.51551557 2.84173918
-4.19980383 -0.186727315
3.19499445 -2.92642117
-2.81085324 2.67997074
-2.7017684 -2.76640105
2.63696432 -3.29811239
-0.315469533 -3.89780736
2.8286829 2.8062377
-4.07668495 0.415205538
-4.17173147 0.164938986
0.157137528 -3.84426022
-2.92222166 2.90899181
-2.94870758 2.43395257
2.68116665 3.13250685
4.43631601 -0.216069162
-0.133967519 -3.69117737
0.163471654 4.16606283
2.46125674 2.74194098
3.02786827 -3.158077
-3.13610816 -3.13752961
0.0565958582 3.77757764
2.56755471 -2.94153953
-3.83792043 -0.0338794924
2.92778802 -2.72140741
4.12060738 0.043269828
-3.21526432 -2.3665657
3.14589667 2.89869785
2.88288784 -2.82969809
2.95914102 -2.86384153
-2.74984765 -3.02677226
-2.8680017 2.99570608
-2.71934891 3.23318243
-0.101545811 -4.32923269
2.52310443 -2.7181201
0.190692306 4.33281708
0.10166429 -4.18204927
0.211371362 -3.84236741
-2.56856132 -2.81207371
2.80383158 2.4756701
-3.17515993 0.187565371
-4.12058592 0.129026398
3.01429009 2.80787587
3.04139543 2.71697426
-0.348472923 4.21361589
-0.0984346941 4.07124138
0.403495997 4.03907156
-3.75676155 -0.143204704
2.89571929 -3.14315867
-4.19455004 -0.0100983251
-0.0983234644 -3.80569839
-2.83147025 -2.91658783
4.25260162 0.24335736
-2.73217058 2.55085611
2.94532871 3.31150675
0.353613585 -4.26068497
-0.267872453 -4.16206217
-4.218606 -0.279706359
-0.552518308 3.9261086
-0.165160775 4.09864378
-4.22104168 0.0531657115
3.66576719 0.523824632
-0.428951204 -3.72179556
2.84664464 2.60237765
4.07677603 0.0178776588
-3.8511374 -0.113360614
2.76696324 2.69187427
0.130936056 -3.76724577
-2.92188096 2.49537349
2.85846376 -3.02454138
-2.95817447 -2.91474271
-2.80929685 -3.16418147
2.49539948 -2.84391737
3.22575212 -2.96793032
-4.39866734 -0.114645652
2.51032853 2.55145216
0.141030863 4.04102325
4.22490597 0.0154427346
-2.83869267 -2.92786932
-3.12356567 -2.75186539
0.506015003 3.75532675
-2.66136217 2.83874369
2.96506977 2.49060082
4.15795183 0.28966099
0.344979048 4.12940645
0.0628211945 3.96055984
-3.97487855 -0.229850426
0.30376789 3.80022597
2.86793876 -3.10324621
0.260893077 -3.86794281
-0.0124555035 3.80008125
-2.67168164 -3.13498139
3.87421393 -0.458058625
3.00914216 2.8493557
2.76105666 2.59205794
3.73185825 -0.185366914
2.82384586 2.48862123
3.02724957 2.83027291
4.38832474 0.185660258
-4.04210186 -0.127249017
2.66538668 3.15888023
0.061542362 4.14827204
-2.86025333 -2.80734205
-0.0808900595 -3.93732643
3.82414508 0.306788325
-3.90228629 -0.0356822573
0.1265333 4.07466364
0.314543575 -4.07442808
3.09993649 2.80899167
-2.89661288 2.76567698
-0.628990352 -3.54698396
2.54352379 3.24623346
-4.28995657 -0.241185993
0.287699252 -4.02110386
-2.40080667 -2.91530013
-2.63216376 2.71922302
2.37517691 -2.89515114
-0.340702951 3.98255587
2.63728166 -2.7631917
-4.17977953 0.0162936766
-0.0233789962 -3.86556935
2.46501732 -2.64813781
3.01544785 -2.91903162
-0.067360349 3.74192476
2.92396188 -3.09327507
0.251761615 -3.79329014
-3.07759404 -3.29578161
-2.74353838 2.61608815
2.53408861 -2.51750469
-4.21651602 0.234831259
-2.55136967 2.60657835
-2.5871141 3.22803164
3.79931474 -0.441599876
-2.9972508 3.00141048
2.53461218 2.82460475
-4.12137461 -0.50748533
0.354907542 -3.59479642
2.59517002 -2.63816547
4.08046246 -0.171949133
2.815516 -2.73880196
-2.69765067 2.9317224
4.01516628 0.0891127735
-2.49438286 -2.72972345
-3.66731524 0.00951823778
-2.67850113 2.75584292
-3.97316122 -0.377877772
3.23739457 -3.13127565
3.92599058 -0.0271383114
0.203221098 3.78046322
2.78584027 -2.78618121
-3.20961237 3.01064181
2.24354315 2.81663752
-4.16685009 0.0928924605
3.21563768 -2.69387889
-2.80056071 -2.78641486
3.98856759 -0.210125402
-3.75760007 -0.0551071018
3.00529909 -3.13833594
-0.387972623 -3.98086262
0.222259864 -3.69148493
-2.75385571 -2.64384246
-2.72273207 -2.90563798
-4.11527967 0.138563633
0.298793316 3.85586834
-4.0206213 0.143978834
2.51077485 -2.4033556
2.25171113 2.64415216
0.0604850426 -3.83139014
-2.68691158 3.01138997
-0.0522086322 3.96593642
-3.68015122 -0.057338573
0.440672994 -4.03267145
-4.49302626 -0.0448440984
-4.24886227 -0.0442752726
-0.0608011708 -3.73253965
-2.89234948 2.88338661
2.75746632 2.76285362
3.10090518 2.94008684
4.42562294 0.156298295
-3.93920326 -0.0300336257
-2.90492368 2.51202011
-2.88754034 2.73587203
2.45098782 3.20436954
0.339482546 3.43586779
3.70374656 -0.277024299
-0.0910822228 3.85036778
-0.0618039891 -3.94223475
-3.85856271 -0.0210724734
0.605164945 4.0984621
-3.90507317 0.425289482
2.88957953 2.71427131
-2.56789327 2.92043257
3.80547452 -0.0959737003
-2.72589064 3.06308842
-2.89129639 2.73203182
-2.8282423 -2.89807487
-2.44232559 -2.59135413
-2.93560052 2.60749984
0.123442166 4.06073284
-0.483133972 3.87340498
-4.2267828 -0.0573104136
-0.350595206 4.47347927
-0.0409813821 3.40831304
-2.79867649 2.76251674
2.81701303 2.97259498
-2.66068554 -2.5475533
-2.65983486 -2.64169192
-3.64488864 -0.0222948156
-0.0117115816 -4.19341087
-2.6474843 -3.26514244
0.0619282611 3.73104358
-0.0343092866 4.23287821
0.1268062 3.69285321
3.07253265 2.58368683
-0.384168565 -3.38872337
-3.11561227 -2.90889621
2.93085814 -3.16191196
-2.85333085 -2.96787024
-0.447394758 -3.68482113
3.77364683 0.208136171
0.0312416106 4.15313435
2.77156615 -2.73688555
4.07513046 0.0634548515
3.78021765 -0.306545228
2.54447174 3.12639236
2.88489723 2.76573801
-2.69596648 2.86172414
0.240297243 -4.01238346
4.3708477 0.134522602
0.216941327 4.19174242
3.95833039 0.223941863
-3.91308928 -0.0849816427
0.0536527298 3.81267762
0.0610371865 3.94681811
-0.297093898 -4.33322525
-4.1779809 -0.222488314
0.375898182 4.16521358
2.81686521 -2.5276382
-4.24969482 -0.124163516
-3.99210286 -0.811929643
3.02577639 2.65356398
4.16603041 0.195708856
3.92970777 -0.305620879
0.117535122 -3.49351311
-0.0684339777 3.74093318
2.89653492 -2.69338012
-3.07059836 -3.11836886
-4.23746109 0.14002423
-2.51100564 -2.90352917
3.04611158 2.60939407
0.256710052 -4.02223015
2.91726351 -3.13392258
0.875862837 3.89392924
0.0297601558 4.03285122
2.90813255 -2.9948411
-3.94322705 -0.303380936
0.114038557 3.47313309
2.88857031 2.43843055
-2.67623949 -3.03442168
-3.85678077 0.0911395922
0.0720483139 -3.82309985
-4.16000557 0.0599485449
3.90185642 0.0561482497
2.71339154 2.78554773
-2.83804607 -2.83876324
-0.399230778 4.2490344
-0.268907309 4.42902851
-4.09023142 0.193026081
-0.179414928 4.34837389
3.70825243 -0.303003013
-0.306389332 -4.22160387
0.123329729 3.64370394
2.84463 3.05663991
4.00120687 -0.254947782
-2.6746757 -2.98692417
0.128711417 3.80855131
3.14480853 -2.91422319
2.56108475 2.54980659
-0.183803529 -3.89612818
-4.01604509 0.0304167904
-2.38628602 -3.2457006
0.476920307 -4.1020937
4.2517724 -0.172608569
-3.03253055 2.88911676
-2.57840776 -2.51495314
-3.78331995 -0.259252548
-2.83571959 -2.46396017
-3.86212993 0.0884753838
3.17564535 -2.84615541
2.7841835 2.48697615
4.20969963 0.453469962
-2.43272281 2.81006455
-2.95596457 -2.57511425
3.955796 -0.271547318
-4.14722872 -0.58602953
2.71478415 3.21793556
-2.76526284 -2.54704142
-0.00886690058 -4.31321573
-4.44700289 0.0627091601
-0.0112254806 3.77147388
4.19874668 0.148112237
-0.139567435 3.77424002
4.40694666 0.0199605357
-2.68665242 2.92916369
4.04661465 0.298253834
2.90530992 2.71448731
-2.71228766 2.91755581
-4.32845354 -0.400292724
4.14529943 -0.231207758
-3.20481277 3.13037777
2.87160993 -2.91913342
-4.31309748 0.102276064
-2.59342766 2.13516998
2.64406753 2.64648771
-2.7800622 -2.67535281
-3.0281589 -2.83452487
0.34242788 3.97656584
-0.454836488 4.13773441
3.92956519 -0.287967741
-4.09364986 0.144391075
-3.89873886 0.0834579319
-2.92587423 -2.99159646
-3.0677402 2.83205986
-4.11475277 0.172317624
-2.7034111 -2.5855341
-2.98126221 -2.63463831
-2.78069615 3.20829105
-0.319091648 4.01632166
4.39592075 0.0564792603
0.052513957 3.77849126
0.0389043055 4.04580975
2.97448444 -2.72021937
-0.747733176 -4.27024174
-2.87081361 2.87031293
-2.98939466 -2.96638727
4.29101992 -0.0198535416
-2.74617672 -2.45734048
-0.175538093 3.95256472
-3.56095219 0.238166481
3.27941418 2.94277263
-3.74083662 0.338257462
-0.112726547 3.96975756
-0.414629906 4.28969955
-0.299521238 3.7525897
0.0648438483 3.76705885
-0.0907138288 -4.54234028
2.47562456 3.19610667
4.00804901 -0.0129170725
0.368511051 -3.63767576
4.45706606 -0.168213278
4.19768429 -0.348369986
-0.077117078 4.1128273
3.05491352 2.19429612
2.9304812 2.73299074
2.75206137 -2.74951959
2.63867736 3.13143396
-2.95890784 -2.96391773
2.74105883 -3.11275482
-0.16720058 -3.91620541
3.61407804 0.0854887068
2.59172249 2.77834272
-2.43749738 -3.01887655
0.0681806058 4.1524601
2.92738533 2.85832429
2.83125067 3.00078464
2.86725903 2.73316741
2.74273896 -2.93284631
2.67932105 2.41978502
2.81283355 -3.57715225
-2.94385672 -2.35579014
-2.40488267 3.02428722
-2.26594543 2.92139792
2.71369624 -2.5150969
-3.24336672 2.84407377
3.11923885 2.51414728
3.93173265 -0.135883749
-0.0660395771 4.32141352
2.75906491 2.88498831
-2.87644029 2.90603113
-3.36447644 -2.63759923
-0.23478286 -3.66151834
-3.92763066 0.113716498
0.23138307 -3.82780075
2.74938321 2.73924685
2.69731879 -2.78558087
-2.85762858 2.89967608
3.86652279 -0.0454472154
-2.71962738 -3.61116028
-0.109262273 -3.98441839
-3.0330987 -2.7101934
-3.58340764 0.644316912
0.297719687 4.01594687
0.104933605 4.16348743
2.83228135 -2.81493545
0.107276842 -3.80384421
2.39630556 -2.7277782
-2.68859172 2.66975236
-2.76456308 2.80265856
-2.72038817 2.48311448
-2.52486873 2.95276999
0.0451712236 -4.26520491
0.0435648747 3.92465544
-2.59442878 2.77210188
3.83467913 0.131293342
2.57978916 3.05032182
-3.80892992 -0.185528845
3.12274432 -2.43891239
-2.53761935 -2.73440742
2.56368327 -2.7239778
-0.111830346 -4.12346697
-0.107254818 4.02569914
-4.16834688 0.411187977
2.51407528 2.99329782
-0.105128214 4.098598
0.145828545 3.82216811
-2.34408665 2.62543488
-2.39163589 2.89836884
-2.90249777 3.08278847
2.39338517 -2.7551167
0.0946884677 -3.8553803
3.80876589 0.0334645584
-3.06313467 -2.96875477
-2.88825917 2.60671282
-2.88189292 -2.77971935
0.0602896698 3.81652594
2.98146009 -2.9640131
4.1731801 -0.264548749
-2.85363579 2.90132451
2.75242257 2.97117662
-4.14162493 0.253036469
0.0315951668 -4.20892954
3.02478075 2.77214718
-3.93635178 -0.101592287
-0.238950774 3.65684366
2.49648237 -2.92346787
-4.02428961 -0.12778312
-3.96344066 -0.0497130677
-3.18310881 -2.75819445
0.217995107 -3.86914873
2.78624058 3.05894256
-4.19283915 0.616347015
0.0251075197 4.4223175
0.0681542456 4.32161713
-2.46920133 -3.19840288
-2.8210237 2.51709938
4.32312107 0.129083231
-3.06220174 2.52775192
0.394549519 -3.96030998
3.23739672 -2.54088378
3.13167906 -2.54369736
-2.62568355 -3.10997224
3.2473352 -2.89562559
-2.373981 3.08605814
3.99634528 0.249551639
2.75172806 -2.73226738
0.213238612 -4.09112453
0.530630469 3.93558693
-2.42314696 -2.74618602
3.1068995 -2.69360352
0.015002463 4.22925615
-2.81187916 2.83875132
0.0335814133 4.08849382
-2.60800004 2.86335182
2.96721435 2.82106423
2.74557877 -2.6897285
3.52624822 0.282742798
0.135505766 3.85749459
0.0292114466 4.18828535
-2.85071468 2.43738127
-2.59143162 -3.01679111
2.84684896 -2.72003531
4.3006525 -0.028023174
0.25213775 -3.95833397
0.0241001453 -4.05408478
3.05695724 -2.66960096
0.0621683747 -3.77519369
2.41542721 -2.90544415
2.77172065 -3.06160641
-2.53463221 -2.46112752
2.56226039 3.00440121
0.499286324 4.05633831
-2.9089973 -2.84767222
-4.25922394 -0.144645125
3.13317633 -2.63130784
-2.38723993 2.92081785
3.11824131 -2.66139245
2.67762446 2.65813684
-3.94165587 -0.182511121
-0.0904878229 3.79985809
-0.075959295 4.46467924
-3.17812753 2.58557606
-2.81668282 -3.28431249
4.2703371 0.498897314
3.17732978 -2.62978363
-3.16886854 -2.43281269
-2.44475555 -2.68951941
-3.06051111 -2.62387085
2.68664694 -2.97089624
-2.52967691 -2.77613235
-3.98074055 0.426733285
-2.79921126 -2.77755928
-2.95577335 -2.39047217
-3.95370531 0.0671314448
0.441010326 -3.7254405
-2.84270477 2.518507
4.39898396 -0.0573079549
-0.323428363 -4.44129086
-2.33907533 2.81125474
2.73939085 -2.59315968
-3.89897418 0.14542973
3.07712793 -2.40347481
-2.39033556 3.081213
-3.8431952 -0.100149363
-2.95724201 -2.50789285
2.73519421 -2.66723108
2.5376122 3.15382862
-3.72519302 -0.0831117705
4.28232622 0.402129889
-4.35187435 -0.1469156
-0.0287595764 4.27540779
-2.95658708 2.72446966
2.87740707 -3.20454025
0.15416424 4.15963554
0.221335858 -4.11873245
-0.17792432 3.76584196
4.10477304 -0.0152179264
-4.23073244 0.127301678
2.57846951 2.96963525
-4.18107271 -0.487845004
2.57546759 -2.66032839
-0.0465566479 -3.80183339
-2.86357784 -2.63339448
4.25315142 0.297406524
-2.87465978 -2.65088081
2.75310779 -2.68189931
-2.77461481 2.92448831
-0.104608826 -3.74358702
4.0839324 -0.0937664509
2.65976048 -2.84608912
3.01671791 -2.82541347
-3.7397151 0.304533988
4.20819426 0.0453521609
4.01867914 -0.129932255
2.91521597 -2.39513588
-0.0850840956 -3.86577892
3.06661057 -2.83357358
-0.457037032 -3.45483422
-2.47483039 2.55828166
3.72700477 0.143522903
3.80574608 0.279030919
2.36889839 2.68439054
-0.391880751 3.58483982
-2.5010643 -2.46266747
2.90967298 2.88774753
-4.18023491 0.245245993
4.03522205 -0.0255310815
-3.07514358 -2.71587253
-0.374932498 3.58160639
-2.8226552 2.39514184
0.351537615 4.32653236
-3.7959826 -0.215092272
-3.76335907 0.249613091
3.90895486 0.076905705
3.71108389 -0.104824923
-4.02491522 -0.136612192
3.01400709 -2.49309134
-3.13618708 -2.65660334
-0.0499821417 3.85754395
2.65273499 -2.7698698
0.197481126 4.00078058
0.0068348269 4.15660191
0.295105755 4.32786846
-0.32959348 -3.73408914
-3.97310805 -0.121934086
0.42402184 3.92337084
-2.94116998 2.82261443
2.48386574 -2.96303129
2.76726556 2.5821085
-2.91132164 2.92733502
-2.81456685 2.75572944
-3.07008624 -2.68440175
-0.197654366 3.67516255
0.203038067 3.97105861
0.430238277 -4.10551596
2.81326199 -2.58034563
2.85185409 -2.66149521
0.404991686 -4.5778141
4.26646996 -0.188022926
0.0401911512 3.85356784
-0.00643646251 -3.59301019
-2.71756053 -2.76825047
2.58015013 2.47568893
2.92074394 -3.1648941
2.9038775 3.24868202
-2.75297618 -2.96773171
0.027560601 -3.96606493
0.190445095 3.89093614
-0.392039448 4.03477812
-3.79060125 0.530610859
3.7663517 -0.0278197639
3.08804893 3.18708158
-2.93780231 2.86076951
2.74589515 2.47882056
-0.462547511 3.88018203
-2.74027276 -2.9347856
-2.71755075 -2.64974594
4.40402079 0.22713384
3.1938622 2.75528884
3.1949842 -2.70971632
2.78110409 2.46055341
-3.10476375 2.67320514
3.00187397 2.49215603
2.81080604 3.27664852
-4.581038 -0.0808998197
2.71748519 -3.07398701
-0.10109023 -3.97833419
-2.77144933 -2.81754208
-0.168814778 -3.89957976
-2.6585114 -2.98508501
0.0207201391 3.78732061
-3.89622164 0.00437912019
-2.92577839 -2.74522996
-2.66390491 -2.86823869
-3.25329685 2.82112288
3.0214951 -2.67949176
2.3983891 2.68709064
-3.5759213 -0.330894232
2.93730021 3.20289373
-3.81140375 -0.216753691
-2.80319166 -2.47378159
-4.03252983 -0.140441358
3.23516989 2.75009847
-2.60390759 -3.05948591
-0.0301972385 3.79080653
-2.88082695 -3.30196452
2.4667716 2.53169346
0.358100176 4.01771545
3.04275107 2.79106998
4.03057909 -0.155552953
3.38357544 2.58758211
-4.0131917 0.0887826383
-0.0452370383 3.68977284
0.136482015 -3.96898794
-3.26246953 -2.8670032
0.443469197 4.26382446
-0.381221414 -3.98939776
-2.73245335 3.28593421
0.102402464 4.26463556
-2.3940835 2.81928468
0.252518117 4.52544737
2.40192938 -3.06175137
0.0719855502 4.09413481
-2.69697046 -3.09505677
-2.97215843 2.63060641
-4.1334548 0.0128429998
-0.32206893 -3.64412904
-3.82508111 -0.0478670374
-0.216478705 -4.55182076
-2.20350075 -2.49603319
-0.169813529 -3.92936635
-4.14305687 0.381079525
-2.73010707 -2.82007527
-2.9116323 -2.94471455
-3.27695656 2.89301991
-2.97173476 2.5031755
-3.21397114 2.76616168
-2.54026484 2.6150825
-4.15994835 -0.265990824
4.35356998 -0.0895369351
0.0561235808 -4.161448
0.176370814 -3.63572979
0.0355008282 4.07620478
4.5025382 0.202199712
-2.71940207 -3.06512332
-3.98809338 0.2232593
-3.86747169 -0.189197421
-2.7464757 -2.61842728
2.51790905 -2.88511825
-0.170001239 4.20584345
3.03722811 -2.72728562
-2.64005566 -2.74599528
-0.509213388 4.04136038
-2.40863466 -2.95982146
-3.0003655 -3.08431911
-0.0318931341 4.18826771
4.16305828 -0.0234704725
2.77772117 2.82572579
2.32961535 2.71574545
3.98088861 -0.13911064
-0.293409884 -3.93621016
0.300313979 4.18066072
2.47538352 -2.86895919
2.4685781 2.93911791
-2.57803965 2.84284639
-4.16652441 0.00709996512
-2.89449358 -3.03321147
-0.0325080007 3.90283251
-3.90799689 -0.132522002
3.84939885 0.374675184
4.17448616 -0.257519305
2.97762489 -2.70482135
3.92983747 -0.074141331
-0.0535872132 3.85089827
-0.232324123 -4.00651073
-2.74772573 -2.10602093
3.59275675 0.34934321
4.07460546 -0.00081985764
-3.76465964 0.030726051
-2.91061878 -2.78496265
2.6828382 2.59521437
-2.61410332 -2.47612333
-2.84556556 3.33432317
4.3448391 -0.0384447686
-0.27402401 4.22694874
-0.646000862 4.69200134
0.13214308 4.28417206
-3.62005663 -0.11079444
0.244713202 -4.21328115
-3.07811522 -2.41997099
-2.9451561 -3.05000496
-3.15317249 3.18857384
-0.092221275 4.33788586
-3.91019034 -0.102869742
3.79894567 -0.0499570705
0.0488739498 4.06667757
-3.0106144 2.9828949
0.398407072 -4.11001444
2.81131291 3.03765631
3.63278055 -0.435600728
-2.87986851 -2.89888191
4.20400381 -0.232343003
3.21986675 -2.55057192
-3.48787642 -2.65343213
0.260694772 -3.78832603
2.86036777 -2.84748793
2.7101779 2.67232776
-0.122117594 -3.98854852
-4.10401535 0.13912341
3.10930705 -2.58691907
0.200407147 4.16612053
0.285112828 3.92317343
-0.0232491735 -4.15415764
3.94397163 0.152434483
4.12135935 0.217989281
4.31819916 0.307890564
2.66862154 2.48471975
-3.00265646 -2.59740639
-3.08328247 -2.7196362
2.78485012 -2.40385294
-0.0275091901 3.76609826
2.99891043 3.01842165
-2.62728095 2.89610171
-2.83085322 -3.0407958
4.11261511 0.193762422
-2.52047086 2.76532912
-3.97606969 -0.0630466267
-2.67694235 2.99243736
-3.84140515 -0.247263461
-4.18681431 -0.131174669
-3.14365077 -2.88968062
2.73090291 -2.93707609
0.139076993 -4.01834774
-3.75479245 0.378584415
3.59279728 0.242551982
3.05162811 -2.54453707
2.7495575 -2.82748437
-2.81647396 2.65299964
-3.0121212 2.39724708
-0.0268402472 -4.48865938
4.05046034 0.0492514484
2.77292132 3.48132086
-3.89111733 0.341984957
-4.09154844 0.238453194
4.21652842 0.135329649
-4.26816463 0.198043048
-2.78816414 -2.77354312
-3.00160956 2.68662596
3.97821045 -0.165364906
0.222695425 3.82818866
2.76740456 2.7617805
3.12929535 2.92634845
-4.23034525 -0.508197606
-3.13642931 -3.29540086
2.55981398 2.80567145
-3.82678676 0.054448925
4.18251514 0.448993325
2.59964561 -3.33182549
-3.36364841 -2.97382164
0.216854542 -3.96575618
-3.47281075 0.0238414854
2.74683666 -3.37071061
-3.19408464 3.27546787
2.89305091 2.9397068
-3.87246633 0.126846656
2.52061558 3.03547215
3.73955226 -0.398879975
-2.57309842 2.82277679
-0.574287891 -3.87746739
2.88439536 2.68805742
-0.203751773 -3.96728683
-0.40593937 -3.79660463
0.238414824 3.6242311
-3.04511499 -3.04660964
0.28587994 -3.88374543
-2.50155139 2.97993946
-2.29849291 -2.69977093
0.312372118 4.01794767
4.11593437 -0.603750527
3.67725778 -0.174357891
-0.0398433171 3.87065101
2.5764327 -2.97565985
3.02557302 2.90259027
-2.96704698 3.21153617
0.14444527 -3.77497053
2.20623088 2.7632525
-3.10087991 -2.84665656
-0.0740606487 4.20168209
-2.73018003 -3.13985586
3.00696731 2.33306408
-3.34660888 -2.94472051
-4.11022568 0.125538632
3.07247949 2.90917301
-2.76187301 2.80373907
-3.68712425 0.122503556
-3.13420248 -2.99709415
-3.32386875 3.08131552
-4.41204119 -0.214532271
-2.877527 2.94564915
4.03699541 0.236466572
-0.215754464 3.8444705
2.58010769 2.36811018
2.851228 2.90310168
3.66156769 -0.0725790709
-4.02649117 -0.0139208855
-4.17738628 -0.213773221
2.61935306 -2.73819256
-2.83240557 3.1349473
3.7465353 0.156718433
0.188562825 4.08895445
-3.29585648 -3.12967896
3.01282501 -3.1708262
-0.226739958 4.33106852
-0.411884576 4.36088228
2.7381258 2.87157512
3.83276391 0.24176228
2.84939623 -2.73860598
-2.44757843 2.75040174
-0.511331558 3.86383486
3.10917902 -2.70581222
-0.100129135 3.78385639
-2.67788553 -2.87226844
-2.57579899 2.51469874
0.17184265 -3.87490177
0.307885587 3.6735146
-4.03386736 -0.0381403491
-3.13025761 2.81088471
0.0988029763 -3.92918873
2.97952771 2.84888315
-3.11373401 -2.82526779
-2.55196738 -2.75742674
-2.51250768 3.13628531
0.124338239 3.86287165
-2.51695299 2.51170158
-4.21543169 -0.131034523
2.95031738 2.81968737
-2.51825643 -2.41627884
-4.36385489 -0.162307054
0.0374744348 -3.68225384
2.66830516 2.6731205
-2.97584629 2.55338454
3.26225638 2.61138582
2.95867968 -2.65502143
4.2632308 -0.170685753
-4.04620647 -0.0149235893
2.8086338 3.35106945
-2.59542537 2.59448218
2.61721396 2.49734759
0.0219785925 -3.93076897
-0.101222336 -3.81061101
-4.11998701 -0.498743683
0.171025157 3.67827177
4.20814371 0.0283959676
-4.06101036 -0.35891819
0.0632138029 -3.92262936
0.203233495 4.39242506
-0.134292349 4.22819424
2.90557528 2.60052586
-4.06755543 0.0808642358
0.0131427152 3.56473088
3.08674598 2.99344373
-2.84883642 2.43992305
-3.68659091 -0.0294280909
-2.54068375 -2.71962738
0.112168714 -3.86393452
0.110904992 -3.43827868
-0.0472762808 -3.89979482
3.15904021 -2.5953753
-0.107633166 3.97886109
-3.93730426 -0.267499596
2.71482849 -3.12411427
3.99902844 -0.255586952
0.000472503365 -4.44569159
2.65580845 -2.57096577
0.0102170259 3.97478461
-2.84486389 3.1769309
3.06093645 2.8026123
4.01004362 0.00566721242
2.5178504 2.7257154
4.12096214 -0.22687611
0.153345346 4.17352533
-0.408145785 -4.23290205
4.10095215 -0.0265364069
-0.442549676 -4.27654743
-3.1266706 3.11288571
4.23528957 -0.400736749
-2.5619626 2.969769
4.1552248 0.232567891
-4.16178226 -0.030075876
-3.06324863 2.9317596
-2.67715645 -2.76159859
2.96996307 -2.73742366
3.96486521 0.348375857
0.19058159 4.13463116
-3.90291595 -0.0733582303
4.25750208 0.224310964
2.67679024 -2.92756939
-3.98574781 -0.707318008
-0.349159956 -4.36753178
-3.05077863 3.14438176
2.72568393 3.10573363
-2.63615084 -2.45583344
-3.13243103 2.75043869
-2.74433827 -2.218153
-2.75314236 -2.992805
2.8433764 -2.79916835
-3.69215178 0.581984282
-0.218844756 4.70756197
-2.9267962 3.12260818
-3.97115612 -0.158273473
2.92664337 -2.25768733
0.403177887 -3.71305442
-2.7791152 -2.46254611
-3.79117107 0.0796255246
0.20759657 3.80001616
-3.76696157 0.25352633
0.132011577 3.77980232
2.9848187 -3.10436678
-2.47266746 3.40164781
-0.287858725 -3.70527864
3.0724411 2.54829645
-3.39241266 0.095771648
2.88335657 2.63394642
4.22248125 -0.307105303
3.35041475 -3.04949808
2.67562699 -2.80886698
0.613301694 4.15325642
3.87524295 0.204049796
-3.84995198 0.126911476
3.05819011 2.88432026
-4.33668423 0.397957385
-3.97004294 -0.281452417
-0.467387527 4.35065651
3.86372066 0.020121403
3.33298969 2.87830448
-4.1512742 -0.128639624
2.79272461 2.75123429
0.18863675 -4.24196959
-0.261922538 4.23645163
-3.60279822 0.164967656
-0.328091353 -3.98239756
-2.70718145 2.90718079
-2.85908818 -2.96834278
2.5282259 2.6853466
2.94440126 2.99201846
2.57006693 -2.96007252
-3.232692 -2.6662395
-0.214112952 4.05129814
2.80009127 -3.04325342
4.02341652 -0.0609401241
0.239171147 3.61194515
-2.61266446 2.72189546
-2.95751238 2.99042726
2.89705658 -2.86784458
2.51572561 3.39057398
-2.88167238 2.47383666
-0.00301686651 3.82270312
4.06963348 -0.0801221877
-3.83667278 0.20170185
-0.558305919 -4.00502634
-3.08166075 3.07134485
4.05650473 0.216092318
-2.60138702 -2.92508793
0.17289412 4.11259222
0.0986794829 3.59671974
-4.0469017 0.181784615
-2.85763764 2.78982997
2.66071105 2.76904631
4.4920187 0.132831037
3.49640274 -2.86189246
3.36894798 2.86820006
-3.21606541 3.15726781
2.65075684 -2.95292974
-3.10492206 -3.08616304
-3.05617619 -3.07225394
2.95721412 2.45938802
3.09324241 -2.67150474
0.25632298 4.19904327
-0.439045012 -4.1415782
-3.18948936 -3.04413104
-2.78081632 2.51957607
2.93156672 -2.68419647
-4.30838013 -0.29917711
2.6024425 2.49664021
-3.61000848 -0.125230223
2.85265017 2.87709546
0.205585271 -3.78641272
-2.54121685 -2.42130017
-0.0586970411 -4.01610041
-3.02809739 2.9729135
2.3899827 -2.95304322
-4.25854826 -0.0833779797
-3.87895513 -0.454652935
-0.309784561 3.84058022
-2.6307044 2.87242723
-3.96428084 -0.0849793553
2.74860215 -2.88112831
-0.348595738 -4.16987133
-2.93992853 2.90348482
3.76677108 -0.303058416
-3.76592302 0.0360192657
3.13157082 2.65549374
2.38104105 -2.65466928
-0.273969501 3.8604641
-4.17941666 -0.0116214715
3.97355628 0.219544068
-3.97540379 -0.261901289
2.73763776 3.0873208
3.92099071 0.251439691
-0.171674028 -4.45432091
3.11138582 -3.3243351
-2.83076835 2.93731713
-3.00355339 -2.82404828
4.0404892 -0.0370964035
0.236082867 3.65404701
-3.82775354 -0.011729965
0.0611679778 4.73921108
2.84327888 2.720927
2.45087743 -2.55540681
2.74710107 2.96446919
4.09739113 -0.0514683761
-2.91969752 -3.09809089
2.32826996 -2.58756566
-3.99876308 -0.213055268
4.01486158 -0.145264745
3.58438015 -0.002597471
-3.05723929 3.09756851
-0.0802093446 3.98032904
-3.021348 2.60574079
2.62178159 -2.38770723
-2.81862926 -2.74608803
-2.8632021 2.68213058
-2.3920927 3.1341362
-3.18828773 2.92450452
-2.80454612 3.04243708
-3.58530354 -0.377941906
2.434093 2.94569635
-4.15346479 -0.190076366
-2.9059279 2.69071937
-3.74372697 -0.0408292562
3.95155931 -0.051151935
2.15205073 2.6486063
0.500695169 4.03015327
0.248596475 -4.02186966
0.365014046 3.97196054
-2.58629894 3.23658872
3.14911342 -3.16005945
0.34065482 -3.89233255
-0.0348716937 -3.73059249
-0.135148972 -4.1977973
0.284896672 4.03119183
-0.286096513 -3.92099047
3.25763321 -2.96807575
3.14518595 3.11004353
-2.6850903 -2.70361876
-4.25430393 0.394083351
0.132351905 4.52656126
2.20618415 2.36783576
-2.96106839 -2.58175516
0.26467365 -4.29048061
-2.9626379 3.06821418
2.95378351 -2.47658658
-2.81353712 -3.11619067
3.87825847 0.0843576342
-3.42503643 2.58305931
2.89871716 3.44155931
-2.69411373 3.15732598
-2.99716663 -2.9163878
-2.95217657 -2.77795434
2.88870454 -3.17252469
-2.90463495 -2.67124033
2.64955139 2.66584945
-4.13970757 -0.37183857
2.6627984 3.09379482
2.80898285 -2.94689131
3.92473722 -0.271971226
-2.67286587 2.86665201
-2.3310194 -3.04654813
2.93027568 2.92448139
-2.65653324 3.04398179
0.249523297 -4.7172327
-3.15524817 -2.81356812
3.47455668 2.78218651
2.59195042 3.21311045
2.691607 -2.89358187
3.59485698 0.0310468804
2.83371973 2.79058242
-3.68473005 -0.24726747
3.58010387 -0.293140978
2.629004 2.97332883
-4.06698895 -0.0172522627
0.0124450196 -3.62117767
4.0736413 0.169360891
2.24899197 -2.93495107
4.52066278 -0.210993245
2.39879107 2.93288994
3.89662385 -0.0794881433
3.77674246 -0.213957593
-0.662025332 3.38950682
-0.41956225 3.8478148
2.78093123 -2.3679781
2.84031415 2.64561152
-2.8563168 -2.83963299
3.2223525 2.86195159
-2.83537006 3.22501945
-2.84666705 2.66119599
3.08817053 2.79904437
-3.91110659 0.135515973
-2.84589982 3.13752866
-4.15555573 -0.0531107336
2.90393543 3.19095755
2.65330362 -2.56026888
-2.97329855 2.66570354
-2.62304688 -2.38424969
-3.44549561 0.0325725228
3.1607728 2.73060846
0.263093203 -4.0941925
-2.67746019 -2.50215006
-2.42580366 2.51680183
2.83820248 -2.99252343
2.36609006 -2.6649642
3.79389477 -0.464549392
-3.58104634 0.353088856
2.87129593 -3.09846878
-3.25980639 -2.89866567
-3.31616569 2.75956297
-2.75683308 -3.09789681
-0.190990612 -3.94206834
0.518038929 -3.7922349
-0.186128139 3.93795252
3.04049301 3.03735971
-2.78161573 -3.07106209
4.06380415 0.0353324972
-2.84170461 -2.47724128
3.10558438 -2.46299815
-3.44581747 -0.621002495
-2.70943975 3.12435341
3.76860762 -0.0887067541
0.180226952 3.61751461
2.49449754 2.96890378
2.34795403 -3.09526491
0.0697169304 -3.4215343
2.57003307 3.13725996
4.10625315 -0.00916483812
3.19670963 -2.96306992
-3.97721338 -0.217373073
0.353871107 -3.66813302
0.0816102847 4.27033424
0.259470165 -4.05510902
0.100072809 4.34443903
-3.90269017 0.304841578
2.67170978 -3.26585627
0.0936872289 -3.96818805
-2.66831112 2.91688895
0.247464076 -3.66982913
4.1942811 -0.0719742551
3.98344278 0.0347511992
4.02950954 -0.200959653
2.72713947 3.02675509
-0.0864086971 4.25714874
-2.4571197 -2.76285696
-2.61104059 -2.480932
-0.171507388 -3.8761766
3.34319711 2.79695177
2.85531211 -2.39281225
3.11101818 -3.0959115
2.71556211 -2.9132297
2.76496482 2.8890028
2.62166977 -2.76160264
-3.64161992 0.140171006
0.0244500414 -4.22942257
0.367936343 -4.33400869
-3.23143411 2.86258245
0.414651811 3.18166852
-0.305846781 4.05599546
-4.33788395 -0.262372255
3.03189635 -2.76651716
-0.237079859 3.97995377
-3.76042223 0.0802837834
3.22494817 2.53517437
2.5521605 -2.44434905
0.505353689 4.10242844
-2.63737082 -2.76526833
-2.89652777 -2.74848628
4.14340878 -0.0144400196
-2.5991714 -2.80594373
-0.133957624 -4.35558987
-0.170145616 4.00084305
-3.39580822 2.99141335
-2.91882658 3.00042915
4.27316046 0.300695807
3.8352201 0.448104113
-0.273542821 -3.88014913
2.79291868 3.12335014
3.77123833 -0.0600588806
4.08307076 -0.277324826
-3.72102261 -0.652893662
3.9872303 -0.283786505
2.92082429 3.41406155
-3.01491117 -2.69257498
-3.29439235 2.98785877
-2.53474808 -3.11654592
3.0234077 -2.55372334
0.160733178 3.93813515
-2.71436191 -2.87615895
-4.17596436 -0.295483887
3.88553548 -0.00963171571
0.227501586 -3.43334818
0.244921356 4.16861868
-0.110773042 4.01191854
-3.7653935 -0.175913677
0.033608444 -3.92730427
-4.17905474 0.0405110717
4.20592022 -0.19246684
-4.00272179 -0.0802262872
2.73091078 2.88338017
-0.24244681 -3.75406504
-4.00122643 0.25847432
-2.60713124 2.60624576
3.34092951 -2.71446133
-0.220747173 4.03946352
-4.83630753 -0.229872122
4.3929925 -0.118728243
2.73944688 2.99479246
2.55775332 -2.71896601
-0.06630826 3.65679216
-2.40969968 2.95088172
2.89967585 -3.11095214
-0.111425206 -3.8624115
-0.20482403 4.22720289
-2.75075984 2.78904939
0.16612041 4.02590799
-4.38388872 0.409859598
2.33744884 3.18988156
3.05715537 -3.09420538
3.8664608 0.154111698
-2.97344184 2.8954134
2.89523959 2.62772989
2.9554565 2.63490558
-3.83598971 -0.0541417114
2.47821808 2.90113211
-0.0555115789 -3.82874441
-4.14776659 0.313816011
2.98528886 2.99347353
-2.71847177 -3.0151341
3.79930925 -0.294159651
0.0608733296 4.36759901
-2.79021549 2.51999974
-4.41581964 0.0963039398
4.04063034 0.569145143
2.7074914 -2.7783618
0.0545367263 3.89920115
-3.006742 -2.72890663
-0.193554148 4.03541851
-2.78993201 -2.65520144
-3.70381498 -0.106450558
4.17630434 0.126677826
-2.74313164 -2.60643315
-2.3711493 -3.17886853
2.43466854 3.06963992
2.81505108 2.71261144
0.36325261 4.36292791
3.89197779 0.0816046
-3.82178044 -0.006943285
3.77914357 -0.254779905
-3.68823218 0.30917266
-3.91430497 0.295237005
0.299296975 -4.03086805
-3.95832562 -0.0954293534
-3.82600522 0.318018526
-0.285014957 4.15083313
0.109469838 -4.08526993
-2.98519802 -3.12894082
-0.00751033425 -3.92678976
3.20232153 -2.49462223
2.76255322 2.92682147
-0.17485407 -4.02034187
2.86722136 2.92829347
2.90678811 -3.31030679
-2.92878342 -2.79720426
0.328945547 3.96121526
4.03833055 0.0380961373
3.2625227 -2.90527415
-0.0560961589 3.83211207
-2.70323801 2.30913877
2.91015053 2.50096321
2.78422737 -3.04918814
0.271597385 3.9198761
-4.15217066 -0.728282154
4.11514235 -0.00780689996
4.34810925 0.0342010483
4.29338551 -0.203627273
4.12998962 -0.103997946
0.555238366 4.21794653
2.74876237 -2.47909951
-3.84570861 0.346290797
-4.05484962 0.0920016319
-2.92569351 3.42912221
3.06011796 3.15875173
-2.6844151 3.0033958
4.2086668 0.10518676
-3.86469364 0.457585067
2.70330977 -2.73565245
2.68203068 3.26091504
0.481440365 -3.72426224
-4.25537539 0.065621607
-2.48482299 -3.07330656
-2.51846361 -2.68402767
-0.275350213 -4.06183195
0.108811118 3.72455812
-2.780231 -2.56991625
-2.8648994 3.21535826
-2.80540943 2.77346849
-2.98687911 2.42185283
-0.191149473 -4.26255131
-2.87779188 -2.80269361
2.90888643 2.78322601
3.50873256 0.0238173623
-0.12874791 4.15128136
-2.50163031 3.34068608
-3.8614409 0.404945493
-2.55990577 3.05567288
-3.86236691 0.217518076
-3.78695846 -0.114500329
3.16385388 -2.89510822
-2.9706521 -2.82557559
2.70563865 -2.65731788
-4.27119303 -0.510481417
0.192092121 3.98376036
-3.18592501 2.81523919
-0.223029092 -4.50724173
3.1644783 2.70179677
2.91378307 3.14493704
-4.1727972 -0.292936176
2.85673475 -2.60657239
-0.312737137 -3.95360518
2.93276501 -2.45879316
2.69606161 -2.49617767
0.20948796 -3.89878869
3.8328042 0.161183447
4.0872798 -0.188838691
-0.404529363 -3.78082466
3.98029637 -0.32255587
-2.90455079 -2.96589756
4.30437231 -0.177180901
0.151435688 -3.81931448
2.37699747 2.63807654
2.60785198 -3.06859446
-4.3651762 -0.000271747238
3.22321272 -3.00853157
-3.07965136 2.66052771
0.430550665 -4.11616707
-0.231263578 -3.95325279
-2.70671582 -3.00253963
-3.22548437 -3.0240922
-0.402784795 4.04015589
3.50515842 2.87137175
-2.9264226 3.23553181
-2.99990582 -2.928828
-3.40181065 -0.213641793
-0.196299314 3.82760549
2.46197295 -3.09309697
4.02123547 0.367096007
-2.73169112 -2.91856098
3.97379279 0.173224404
2.89108396 -2.97407293
2.76633382 3.01512837
2.94125867 2.76783729
3.7450099 -0.23063156
2.58718896 -2.85140634
-2.52359033 3.23162293
3.37672091 2.93048906
0.00788656902 4.08633423
-3.87561369 -0.19450441
3.16765952 -2.95735002
-4.04597521 -0.0737507343
3.18450212 -3.01140881
-2.43046713 -2.93319845
-4.09488583 0.0470912345
-4.15520954 0.227366418
0.041082941 4.42632723
2.96815562 2.84668684
3.14796972 2.54171419
-4.3491683 0.260196954
-0.0631884634 -3.83394146
2.6888814 -2.76425242
-2.62870312 -2.78833365
4.01817751 -0.238932461
2.80422282 -2.75071955
-2.69016099 -2.56612587
2.93661594 2.75504422
-2.73398614 2.27198339
-0.331503719 4.00666094
-3.0941534 -2.73190808
2.81542087 2.3451755
0.164211541 4.2524848
-2.62124181 -2.55949521
2.69137359 2.72882104
-3.92517757 0.403404266
3.6800282 -0.231118679
2.99549246 3.02334547
3.61186004 -0.262434989
-2.7272625 -2.60772848
-0.00860311743 -3.81890702
-2.7305274 -2.84335446
-2.64906645 -2.55653429
0.0833127573 -3.89733648
-2.85150647 3.07811117
2.94673586 2.38230991
-2.88468862 2.30925369
-0.294632256 -4.07402372
-0.078596957 3.81529617
3.76558709 0.156340331
3.10139132 -2.90985394
3.58692741 -0.00655061705
0.344891667 -4.0842824
3.2768383 2.54530334
-3.03866863 2.59051824
2.99333096 -3.17978549
2.57046413 -2.9879086
2.37102365 -2.78596258
-2.66651464 3.03809619
3.67964745 0.214595661
2.75077677 2.49595571
-4.47147655 -0.0664972439
2.80278111 -2.93895936
2.35835147 -2.83597684
-0.0262867399 4.23263645
0.0376153849 -3.52387476
-3.85346889 0.230188832
3.10661101 3.0633204
-4.15612793 -0.457771122
-3.01041174 -3.09836459
0.131950244 -4.02710819
3.1996994 2.18311262
-3.19928169 3.11794353
2.77607489 -3.34781265
4.39129782 -0.0485653505
3.77986789 -0.246829003
0.59500432 4.17410421
3.63563418 0.0751423538
2.77689171 -3.05501318
-2.89632034 2.94844556
-4.1424613 0.35991165
4.61473989 -0.115569234
-3.98149824 0.0973139107
-0.131990984 3.99272418
0.429685056 3.64163899
-2.58995223 2.58934999
3.95656419 -0.141446933
-2.76431274 -2.69820023
3.89932632 -0.245630473
-2.80472684 -3.4878726
-3.87975407 -0.000388906192
3.1417923 -2.55194187
-4.33778906 0.409421951
-3.97548652 -0.22861284
3.4200418 -2.73309588
-2.8395102 -2.82258677
0.154507548 -4.18415403
-2.55770397 2.87235737
2.70235229 2.95298266
2.64194608 -2.80634594
-3.86744595 -0.391154557
2.8708272 3.02966952
-4.05805492 -0.269944668
-3.21525931 -2.88907647
-0.118311025 3.78676748
-2.88042045 -3.22380662
-2.95771694 -3.28717399
2.66992712 -3.41491985
3.95645499 -0.123942196
3.57846165 -2.71451855
4.11208677 -0.3183209
4.30467033 -0.110111237
2.91555977 -2.96284795
-2.91145444 -2.56928277
-4.34450912 -0.0435272381
-0.429709464 -4.40890789
-2.78504515 -2.70349479
-0.160605699 4.1132884
0.0235988796 -4.565732
-0.39594233 -3.63513589
0.184071019 3.94507957
3.24598479 3.0485096
3.03705549 2.47793627
4.08827543 -0.220676631
0.0420573764 -4.17842484
-0.128856659 3.87137556
2.87879515 2.84537578
-4.2041235 -0.0694036782
0.042333927 -4.00957203
2.91230154 2.78240418
-3.79309797 -0.349670082
-2.60507584 -2.53525901
3.83656549 0.0582576394
3.12312508 -3.12758112
-2.56981421 -2.88083386
3.18179131 2.9107058
-2.39230728 2.86949205
-3.73508644 2.69439912
3.17601442 2.95184588
-2.566679 2.77403617
2.98062658 3.33822227
2.81347346 -2.31840253
3.11867094 2.77824926
3.95773768 0.260491401
4.01229429 0.0344331935
3.21684694 -2.75004959
2.9267962 2.79858899
-2.68565416 2.78745699
-2.80396819 -3.07398653
4.0674243 -0.0460462123
-3.23515725 -2.97429657
0.446608812 -4.40962839
-3.08799696 2.62283325
-4.58948803 -0.249738246
-0.0462354273 -3.75761914
2.64863801 2.9686203
-0.0631667003 3.63417149
-2.92464185 2.63365173
-4.49734211 -0.108457074
3.30410242 -2.77932453
-4.00521564 0.059864983
0.127100632 -4.14876413
2.61006498 3.0321002
2.68442369 2.62780499
2.83723497 3.00163412
-0.256192297 4.41194582
-3.03013539 -2.86101222
-2.91046023 2.95179772
3.07163906 3.05239391
-0.0301429406 4.07359552
3.8729558 -0.188446656
-4.0172019 -0.025189586
-3.81068897 0.386922985
-3.40623307 -3.09218287
3.95815587 -0.320686132
-4.27247715 -0.0238864925
2.56905246 3.17807174
2.57850933 2.83239079
3.02334285 -2.99763346
-0.193786055 -4.09346151
-0.137735456 4.05735397
2.81154346 2.95670295
-0.0832548141 -4.14249372
-3.13102174 2.54790163
-2.83776307 2.59442711
2.44506598 2.77270555
2.71485734 2.8282907
-3.53561044 -0.216519713
-2.92355895 2.72490263
-0.0363930836 4.08856392
-2.61986899 -2.42792296
2.7753129 -2.77143931
2.55232263 2.75306439
2.79106474 2.89113998
2.98595238 2.85359025
2.88455534 2.87373662
-2.88095522 -2.94955516
-3.1300025 -2.9470613
3.78098464 -0.441129565
-0.569826663 3.98914528
-4.36143732 0.196911931
2.83136368 -2.5143218
-2.76360154 2.74043059
-2.77209496 2.47090411
0.130910903 3.76207757
-2.777987 2.7977736
-3.74030042 0.0199774243
0.112241261 4.47261
-3.16350913 2.74379778
0.0999789834 -3.4883225
3.17586756 2.64100361
2.83222127 2.44796562
3.91482472 -0.282397687
-2.78381968 -2.81356859
-2.81572032 -2.68729329
2.9118166 -2.900172
-4.20657969 0.175255597
2.69689822 3.0769856
2.60722899 -2.9639132
2.99946952 3.16245723
-2.76781726 -2.93242192
2.58043098 3.01289201
0.18432571 -4.08674479
3.81925988 -0.130520016
-4.3047657 0.0434667133
0.485838324 -3.45854211
-4.12922096 0.266126066
-2.6568253 -2.69523215
0.037455786 4.06932211
-2.91761518 -2.7724719
-0.353821218 -3.49250889
3.90198994 0.113686569
0.0266882442 4.08132935
-0.602471054 3.90410161
0.158853173 -3.51100349
0.0646330267 3.95946002
3.71266603 0.34245348
0.167039528 -3.85391045
-3.93938947 0.207304209
2.71929097 -2.63096929
-0.151316449 3.61454129
-0.160631269 -4.29809046
-2.78815937 -2.54509497
-0.322166532 4.10741329
3.08646607 -2.55002689
-0.104748927 -4.00941944
-4.04852295 -0.0976646915
-3.50058722 -0.317728937
-2.78018522 -2.68035793
2.93710375 2.75765657
-0.167758927 4.21343184
-2.98566866 -2.86308169
0.23058112 -4.48826838
2.75613523 3.36675978
2.69866967 3.32511592
0.310408801 -3.89784765
3.04679871 -2.96641707
3.7813015 0.0690270662
-3.01989412 -2.98329306
-2.61402369 -2.47612762
3.605618 0.307994962
-0.104999363 -3.90007281
0.101933934 -4.0735383
-2.62824726 2.7652905
-2.8015914 2.72075105
-3.8146081 -0.127224788
0.425214469 -4.11604881
-0.136425942 -4.29955006
-4.022964 0.212859586
-4.01139355 -0.189885795
-0.0823933408 -3.85065198
2.77701378 -3.23793054
-2.80416584 -2.4333694
3.10353041 -2.93916988
-0.30254364 3.86284494
0.390884399 3.94313598
2.79339242 -2.95158219
-4.48701239 -0.196986303
4.27968025 -0.167153984
2.66960645 -3.01092815
-4.64134026 -0.103932068
3.93364811 0.125360087
2.59271049 -3.09917665
2.77425218 2.70898628
3.45528674 2.73953748
-3.40777922 -0.074484542
-3.8170023 0.136348084
-2.78398824 2.42327642
4.5139575 0.27140817
-2.67629814 2.93229461
-4.05297661 0.331967652
-0.0161657333 -3.95020175
3.91861701 -0.310290843
3.90286589 0.274413437
0.00879305694 -4.1030674
4.13707685 -0.0367289856
2.72744036 2.91037083
2.6046412 -2.84335804
-2.49793792 -2.64106369
-3.07323122 2.71113563
3.95851707 0.304680645
0.284845471 -3.83525944
-2.79087591 -3.08292913
-0.173947856 4.09449863
4.28767967 0.00749269733
3.57666874 2.89942718
-2.64470863 -2.45965219
3.20929456 3.12777853
0.13681753 3.50836706
-4.14857626 0.334027886
-2.88860297 2.81555104
-2.72079635 -2.8730216
-2.70856118 -2.82283115
4.74194908 -0.189226642
-4.38670397 -0.0687293708
2.68383694 -2.73337531
-2.61440134 -2.72227764
-3.09792995 -2.84763169
2.56481433 3.29557371
4.08339548 0.0848873556
-3.11156845 -2.67932296
4.24228048 -0.13205114
0.0851256996 -4.14866495
0.00132979313 -3.43329787
2.44953489 2.75329447
-2.54608679 3.01461124
3.15730786 -3.01731467
-2.69192719 2.97726035
-3.95299554 -0.318509609
-0.0509660468 3.88194013
2.9144361 -2.32435107
-3.87644935 -0.196767762
3.11003232 -3.13953447
-0.400882393 -4.344491
-2.67298603 2.75148702
2.82400799 2.89291573
-2.84470892 2.64837265
4.26456451 0.321573764
-0.158491462 -4.4566884
-3.97925448 0.0366944112
4.44467306 -0.0808100626
0.408296615 -3.98865223
-2.97956514 3.12148309
-2.61143875 2.74618697
3.00827003 -3.14969063
0.0130822137 -4.05035591
-2.73510313 2.96303105
-2.92995477 2.42706656
3.59426975 -0.1745992
0.197976783 3.99879098
0.000415529037 -4.25985622
-4.17513752 0.263504773
-2.84604406 2.76902509
0.0947728753 -3.97730637
2.95119333 2.81268501
-2.95640039 -2.57786226
2.96486783 -2.57742691
-2.93712711 2.99997759
-2.90598726 3.02835798
0.425935239 -3.98284531
0.304382294 4.0402627
0.146768212 4.07594061
-2.21388626 2.37700272
-2.60168338 -3.41651869
3.67405748 0.0184070822
4.55948591 -0.0847287849
-2.57244778 -2.87630248
2.70141411 -3.22404528
-2.72366667 2.87731791
-2.6070869 2.94141555
0.187105745 3.95988417
2.76853275 2.62254667
2.48530626 -2.92246509
2.86805201 -2.63871193
3.15833378 3.08407354
-3.17517614 3.134794
-0.368626952 4.04948092
0.15733999 4.33442879
-2.60094595 -2.91269636
0.210337237 3.5276823
0.076703839 3.44980526
2.94754171 -3.03857279
2.95269156 -2.6758852
-3.49993539 2.93246603
0.0915171131 -3.84510255
2.75745273 -2.7085166
3.24439883 2.45956445
4.08205938 -0.0913355723
-2.74922824 -2.52197361
3.10985065 -2.62016106
0.20489651 3.83507109
2.5019021 -3.03853083
2.66748595 -2.84129953
-2.9573977 2.72200894
0.00232002209 4.2387352
3.87586546 -0.00107782043
0.401514173 -3.93536615
-2.97477508 2.51932287
0.0138821453 -4.02547121
3.99368215 0.330459028
-2.90940237 -2.60155487
-4.22880554 0.0885175467
0.0329040438 -3.7152679
-2.96662569 2.86546183
-3.7454505 0.232545763
-0.219368249 -3.68733549
-3.00242162 2.6513083
-4.206357 0.229879841
-2.55602407 -3.06380439
-0.232586026 4.03822517
3.38768721 -2.79907322
3.10615277 2.89546418
-2.38106966 -2.66145253
-0.111207642 -4.48607016
-2.59131145 2.49800897
2.92253065 -3.2146399
0.211287916 3.35301805
-2.74850798 2.9834826
0.145371854 -3.49540281
-0.163109273 4.20029593
-2.83805919 3.24450803
-2.99903202 -2.80101085
-3.0941577 2.65109038
-0.106754944 -4.06759214
3.30106783 2.73934174
0.238675475 -4.16165113
-2.81469488 -2.91977596
-3.27495575 -2.86325288
3.20406938 -2.88297462
-0.026309669 -4.09256506
-2.74613762 2.97523713
3.98581457 -0.204959378
-3.05391669 -2.56999302
-0.556760371 4.00615406
4.29248714 0.316707045
0.00339335226 3.77666378
0.296918988 4.00492954
-0.611624539 -4.24848509
-3.39907122 -2.73841596
-4.17578411 -0.0710482597
-2.94864798 3.12488103
2.73041844 -2.50787616
2.54590845 -2.3375144
-0.308850527 3.9172616
-0.0450972915 4.3560257
-2.70077157 -2.6281445
3.50532722 0.242133692
-0.049670238 -4.50667095
-3.55377865 -0.00421842141
2.61634612 -2.78255963
0.696217239 4.36836815
0.443791598 4.21023369
-0.155524865 4.23370075
2.44537687 3.12112331
-2.94990325 -2.66197872
-0.471013099 3.72416878
-0.189206332 -3.87359476
4.0457859 0.0691516623
-2.91126609 -2.33545661
2.74333048 -3.00543261
-4.01261568 0.285705537
0.329232842 3.98354411
0.210933104 -3.93005204
0.285199404 -4.28470421
-3.67611241 -0.0407376774
2.98091412 -2.91814542
4.36087227 0.0649072602
2.77305865 -2.45987725
4.30480194 -0.154030874
-3.12841511 -3.05676222
3.04738092 -2.99566793
3.11063433 3.09923148
-0.152858838 3.86314011
4.10833979 0.315024018
2.80298948 2.79891801
3.76933575 0.249258012
-2.45717216 2.94396782
-2.66452098 -2.88967466
-3.79494953 0.0207502823
0.13653174 -3.89428258
2.72315431 2.8137002
2.8335104 -2.71564198
0.091870822 -4.32297707
-2.62244415 -2.5372107
2.53789473 2.64310527
-3.94334054 -0.117217772
-0.185095459 -4.31357574
4.20238733 0.232642144
-0.0568367057 4.04928064
3.17507982 -2.15160608
-0.138264507 3.77154946
-0.014055117 -4.3563571
0.177037701 -4.41418743
-2.43200135 2.85949206
-0.0395259671 -3.7724545
0.126421764 -4.32577658
2.64007187 -2.82850957
-2.63086963 -2.90817904
-3.06148624 -2.9514327
-2.99595881 3.07753301
-3.04618549 -2.8158896
4.45277023 0.273803622
-3.1054945 2.79814005
0.0662049949 -3.79523945
0.592420578 4.40889168
-2.79801726 2.87539124
4.20207834e-05 4.11151648
0.0561855659 3.91920805
4.05119419 -0.25359726
0.0500474125 3.92968273
-2.84989429 2.92657661
2.72326422 3.22877598
2.73596168 -2.70875144
0.0232329648 3.90907907
0.262325466 -3.75358081
-3.06742644 -3.09023929
4.35765553 -0.339425117
2.92622614 -2.50297451
2.68082809 3.07543111
-2.80789757 2.97427726
-3.88092947 -0.107184909
-4.24006844 0.25321576
3.08888435 -2.7775209
-2.87539911 2.81784654
-3.03220057 -2.67972445
2.79356718 2.99521184
2.87144327 2.90026808
-2.77841234 -2.95715666
-0.207158491 3.99743271
2.97747993 -2.34546375
3.02944589 -2.73298192
-0.0195381343 3.71748209
-2.97793484 2.41703439
-0.195698336 -4.04771423
-2.7486124 2.6176796
3.10788679 -2.68755412
-2.89198971 2.73760962
-3.03288341 -2.36927414
2.78936744 -2.49648571
-0.0251149889 -4.00178194
3.73484278 0.557604551
-3.16396928 -2.78332782
3.09927559 -2.72202349
3.14327574 3.0342803
4.21697092 0.34145695
2.92201686 -2.85732961
-4.43006468 -0.163056791
2.66330194 2.59112954
2.67987037 3.1405406
0.371051937 4.04546881
4.21527672 0.0670812503
-3.70589972 -0.137990996
4.18819189 -0.111777842
-0.51351434 -3.95585895
-2.23361468 -2.97734809
4.10686636 0.0198253822
-4.25551224 0.532330632
-3.73361111 0.0983912349
0.0709063113 -4.15358686
2.99349499 -2.45774817
2.77022791 -3.11518812
0.139115274 -4.01343012
-3.89249849 -0.263358384
-4.02034998 -0.359280735
2.75894833 2.93694901
0.0520612746 -3.68277311
-4.19637346 0.180759028
4.02499485 -0.0794663057
-0.1642088 -4.00736856
0.149074733 3.42408681
-2.70375156 2.92799258
-2.48503542 3.06790018
-0.469504923 4.00358438
-3.42323232 -0.0217296593
-3.25870991 2.9348464
-0.118627712 4.16652012
3.54991317 -0.0372340903
-3.12385368 3.08970475
-3.7383647 -0.353205651
2.63776159 2.89700747
0.142746508 4.03050375
3.83912873 0.0152364876
-4.38392115 -0.0693940893
-3.52547812 -0.160627618
-0.15143472 -4.03923702
3.07240629 2.46818733
-0.615337193 -4.00126266
-3.08917713 2.63122272
-4.00333738 -0.239185452
-3.10310054 -2.69277382
3.78707337 -0.0645043254
4.61371708 0.44684422
2.53726268 -2.66991377
2.83005714 -2.46378732
-2.54389715 3.14520931
3.53564143 -3.42312193
3.97369909 -0.335963994
3.76174808 0.236549199
-3.86348796 0.159493536
3.96976972 0.127773181
-3.99556398 0.020849701
-0.13852331 4.27499771
0.124572344 -3.95469093
-2.69574142 2.40323758
-2.86875629 -2.74746418
-2.85467553 2.83516955
-0.147420406 -3.84181094
3.10307193 3.12949896
-3.16920376 2.79399014
3.08285427 -2.87483001
2.79477596 -2.80528522
4.10486841 2.67225878e-05
-0.0386285596 3.75490808
-2.76076174 -2.26070404
2.66731977 2.4412961
-2.84498119 2.99973679
2.6588912 2.80009675
-0.245841965 3.73734641
4.15259743 -0.0741240978
2.33852243 -3.43872356
2.72395086 3.04077959
-2.61542201 -2.72877789
-3.94375205 0.102354117
-2.73999786 3.14616609
-3.08839583 -2.82798791
-2.63307548 3.06200361
0.143328145 -3.99958205
-0.0306546614 3.79968858
-0.315542042 4.15716076
-2.41330409 -3.0882535
-2.53249788 3.08173037
2.64845967 -2.6433897
2.75730801 2.9356916
2.98847675 -2.72099614
-3.69858313 0.0675710142
-2.49823046 -2.82277989
3.98220062 0.0912050009
3.88994002 -0.0185448527
-0.297022551 3.99630332
0.381850511 3.79238653
0.152152121 -3.81327438
0.222477332 4.04025888
4.79259109 -0.00125742855
2.78647113 -2.36565208
-4.13740301 -0.0666886717
0.13978748 -4.03302765
-2.81212449 2.99861622
4.53326607 -0.178397357
-2.71664596 2.84109354
3.20811844 -3.15059614
4.11327839 -0.137481138
-0.108372428 4.36400795
2.30646563 2.68245053
-2.64379382 -3.31624222
-4.18223476 0.119255297
-0.0133560756 -4.12561989
0.324768215 3.64372993
3.80149794 -0.335001618
-2.40209293 2.92176342
-2.89253807 2.55594778
-2.71029854 -2.92607737
-3.57306147 0.176020324
-2.54831171 2.96643639
-0.259462595 3.8978076
-3.98293233 0.00792894978
3.92142391 -0.229936972
-4.01828051 0.0295351967
-3.20587516 -2.4903636
-0.171920583 -4.27342272
-2.86691904 -2.95183492
2.40697098 -3.08125758
-0.285440296 -4.082757
-3.17361069 3.15967345
-0.142725557 -3.71584845
4.08588028 0.252214521
3.25039721 2.72576618
-2.78943181 -2.920012
-2.64551163 2.91468
0.257275939 -3.81509185
-2.9414978 3.14856863
2.38825965 3.23572636
-0.0636110231 3.99609518
0.000987259788 -3.95966649
2.88801694 -2.46737862
2.66115355 -2.67769647
-3.22290421 -2.46197438
3.77844691 -0.0386756212
-2.44171333 2.62526274
-4.22022343 0.0826272443
3.13723707 -3.10627031
-2.20660448 2.56432223
-2.80237579 -3.13855028
-4.26362419 -0.10697411
-3.9017787 0.312163889
-0.135141492 -3.88385224
-3.68065858 0.353533655
4.09938097 -0.305462629
-4.04314089 0.424623221
-0.158469409 3.8096838
3.03217626 2.83988905
-2.71038365 2.59117174
2.99600625 2.97880507
-4.45804834 0.240153834
4.14164019 0.010921319
-2.64576817 3.15099096
-3.04595637 -3.14661598
0.0575414896 -4.3618927
-0.346542776 4.18465281
2.88552094 2.97318578
-0.282045335 -4.06884193
-2.65510654 2.57092762
-0.165725544 -4.13676548
2.43824387 2.67742705
-2.22470903 -2.63370156
2.84845209 2.75563717
-2.70954609 -2.62347865
3.00003624 -2.42636395
-2.52877259 -2.83448005
0.254493803 3.8482964
-0.0971845165 4.12667608
0.0961987302 -4.03273249
0.0840627849 4.04745913
4.0640893 -0.268440783
-3.22454119 2.61395741
-0.232822374 4.33835268
-2.47708321 3.16708064
3.86364079 -0.0365843698
-2.91192961 -2.8051722
3.91471386 -0.0340774022
-2.85419202 -2.42194343
-3.97467375 -0.555961251
-3.78222275 0.123460829
0.16243726 4.03999567
-0.409741729 -4.54151058
2.99532318 -2.93067718
-2.92459321 2.45000339
0.107476808 3.84845614
-2.80330682 3.0980742
-0.156919733 -3.88589621
-3.06487322 -3.00157166
3.06558204 3.05045033
2.98523021 -3.09921169
-4.15467787 0.45292297
0.301006645 -4.06364202
4.05442047 -0.132783547
-3.04746985 2.66095996
0.475848764 -3.81607699
4.05916786 0.497489244
-0.0264510047 -4.13561249
3.08872128 3.18817639
3.7052803 0.287206441
-2.65847468 2.45749903
2.65276957 -3.29981828
-2.63557649 -2.75438213
3.19595194 3.21909261
-0.241667092 3.6964581
-2.75831413 -3.04439378
-0.0607868209 3.86281657
-3.17302084 2.23280048
3.2168386 -3.46570396
-2.65712929 2.70323396
2.63082552 1.96085286
-2.85165715 -2.49519229
4.12229156 0.0233968459
-2.42331839 2.92603993
2.72546697 -3.15481734
2.81232929 2.73880267
-0.0598494075 3.89550638
-3.24414849 2.93948174
3.82750225 0.173508048
3.94945598 -0.024731433
2.97669125 -2.67957258
-3.20927453 3.31891322
4.08111429 0.25335148
-4.20124388 -0.332110375
2.57094741 -2.75497293
2.79649282 2.86015725
3.84346342 -0.199947491
0.269294709 4.21838903
2.70722985 -2.63206291
-2.73338675 -2.51943922
-0.0219119471 4.02076817
0.0888682231 4.44026661
-3.74354124 0.164212763
4.11093473 0.227176845
0.173183963 3.87185192
0.388329744 -4.04940128
-4.01779127 -0.403447092
0.209702283 -4.36920738
-2.94692659 2.99373293
2.69771314 -2.90050793
-4.2247777 0.359803796
-2.90476727 3.25513053
-2.56928945 -3.02155018
-2.54662347 -3.03087187
-0.205467537 -3.97239518
2.99083734 2.89601564
0.0713703707 3.44855618
-3.20339131 -3.06797004
-0.356887192 3.93431878
0.0123880915 4.27330828
2.80655837 2.69545746
-2.3835814 2.66071558
-2.89901066 2.88961005
-2.92484808 -3.03575706
-2.5906167 -2.68418431
2.78799629 -2.69601464
-4.05699158 0.36498338
-0.566160262 4.10857487
-2.42675447 -2.75527334
0.26071319 -4.12049341
3.87516093 -0.0518199652
3.11661315 -2.78912187
4.73299551 0.195770606
-3.78544259 0.0277313981
3.28350019 -0.043148648
3.05946422 -2.46173882
2.75722742 -3.20864773
2.68373966 2.53658104
0.0433479212 3.80495691
0.18923904 -3.70539284
-0.171818331 -4.37336588
2.77459645 -3.01881719
4.23601675 -0.418825954
-0.040585544 -4.00099754
-2.99584317 -2.54238319
-2.47672224 2.5976696
-0.259640723 4.02264929
4.06532574 -0.239598855
-4.10905695 0.126496643
-0.105270483 3.96977019
2.62362576 2.71394181
3.78531957 0.11858023
-2.70630097 2.82088876
2.64152336 2.70900154
0.0003057461 -3.91970897
-2.70288014 -2.86118555
-0.295840323 -3.82544208
3.77863836 -0.254616022
-0.0683942065 -4.13926172
-2.96656036 3.24676132
2.10996222 -2.80061388
-2.64328766 -3.13372159
0.472346753 -3.42941332
0.354170948 -4.0815773
-0.180729985 4.18501472
2.79111266 -2.37467504
-4.45025682 0.294243693
-2.7465179 2.88924098
-2.90175629 2.66356158
-3.70676541 -0.133428872
-3.00208235 -2.66822243
2.75672221 2.77036071
-4.31836081 -0.263282835
3.03095436 -2.39191532
2.98915911 -2.86302042
-2.9604063 3.21497464
-3.87749004 -0.179469094
0.18384546 -3.91554642
-0.25551939 4.07648039
-2.58789682 -3.14104223
2.64946175 -3.13278198
2.80132246 2.81720471
4.00245714 -0.108521394
-2.95074224 -2.96171498
2.81431866 2.77171111
-3.03620291 2.47840905
-2.72003269 3.27753878
0.49212113 -4.00514412
-2.9967463 -2.94364643
-3.3845613 -2.9139154
2.85657406 2.58526254
0.0122923087 -3.72143579
-2.69478059 -2.84947705
3.65692949 -0.0777932927
2.7865622 3.12559795
-4.21699381 -0.204495028
2.73080659 -3.0338881
0.348355949 -3.94992781
-0.0869984254 -3.51841497
3.13032699 3.25233078
-2.81658959 -2.90853858
-3.06147695 -2.45898771
3.13649368 -2.64841318
0.17197983 4.39517593
0.178836271 -4.10183144
-2.73847222 3.24763393
-2.58550978 3.24587011
4.16316032 0.177214548
4.23871994 -0.069529973
-0.0818414837 4.03703213
-0.142636806 4.46932077
-2.71627665 2.58687687
-3.54613256 0.333644271
-3.33745956 3.14135075
-0.0951800644 3.87468052
0.361411512 -4.5061245
-2.34534001 -3.30948853
0.19615452 -4.18454647
-2.66822648 -2.61808085
-3.61988282 0.252205223
2.57056117 -2.83363056
3.72351789 0.093080081
0.0877019018 -3.92032528
2.58845758 2.45161223
2.93675017 3.0224514
4.17377901 -1.03779912
0.376909256 4.22268391
2.88571548 -3.18948817
-2.54825377 -2.65404844
3.31806421 -2.75246644
-2.91028643 -2.45721602
-3.16488743 -2.91168308
-2.77422714 3.30873585
-3.66686082 -0.0310524628
4.23442316 0.0446155146
-0.246038422 -4.09601164
-2.76818228 2.57696605
0.210524112 -3.73204064
-2.56992674 -2.75460076
4.34706926 0.310410261
2.76040459 -2.27524471
2.59897542 -2.78337479
-0.00293397647 4.07456636
-2.71714878 -3.13434148
-4.1416235 0.208092958
-3.90536547 0.420015186
-2.37051201 2.68902731
-0.102756418 4.11702585
-0.65301609 3.85697818
0.250436306 4.33476877
-3.01423454 -2.45020509
-4.31473255 -0.21394825
-2.40955043 2.75100398
0.0351617113 3.81816006
0.0370890573 4.09295464
3.90056038 -0.182576478
2.93821025 3.03089118
2.94564247 2.33838081
2.82906222 -3.12348127
-0.255912483 3.89694667
-2.78314304 -2.78710151
4.22687626 0.234000549
0.130489007 4.06457281
0.45370248 4.01172304
-0.0014381177 -4.23185778
3.24033833 -2.97766423
0.443819731 -3.94967914
-4.30630445 -0.404787749
-4.08585787 0.0265891328
-2.7181344 -2.8672986
3.88126945 -0.144247904
3.93723726 -0.212489262
-4.2007041 0.192742899
0.0149034811 4.10527802
-0.197110832 3.83995771
-2.88088918 3.14406252
0.109874882 -3.66381621
-3.07372022 2.94564986
3.91276789 0.059463568
-2.88350415 -2.90748692
4.16843414 0.0952781588
2.78683376 2.83622193
2.68757892 2.98953509
-3.04372501 -2.73336482
-0.0191419944 4.33408451
2.91695666 -2.51230454
-2.72695661 2.97536087
2.78801823 -2.72684121
-2.92392969 -2.58578897
0.00590785127 4.07628489
2.9205358 2.62492371
3.81670237 0.436860055
-4.05497551 0.12944901
-3.99960351 -0.284737289
-4.13432598 -0.411623091
0.254010618 4.01545715
-3.97692132 0.0168423206
-4.04748774 0.26767382
-3.77640104 0.148981258
0.233976051 3.95444798
0.149849474 4.25278997
2.77858353 -2.42945361
-2.91061211 2.73966193
0.21844317 -3.75100064
-0.200160012 4.10021687
3.41307783 0.143214107
3.31894255 -0.057480216
0.201266259 3.94093561
-3.74439979 0.298324376
-3.0164125 -2.62880349
-0.163015902 -3.97040009
-2.28099394 -2.90575099
3.74150181 0.599807203
4.2443471 -0.184511572
-3.94105148 -0.199984372
-3.96468544 -0.273056179
0.228074521 4.26410532
2.66652203 -3.24785566
3.23789167 -3.0285151
3.01624107 2.57875991
-0.217344046 4.02953768
-3.44145155 0.0261384938
0.319315761 4.05695581
3.97206807 0.234364122
-0.00133499329 -4.38144016
3.8987484 0.0304367412
0.163581535 -3.86060143
-3.07931709 2.86704659
-2.91943336 2.61748123
0.424642414 -3.92414904
2.67938256 3.28944874
4.01416397 -0.398372054
0.413190514 3.83297849
-2.92419791 2.97345567
-0.206723332 -3.88099003
-3.22792912 -3.03961277
-0.53658551 3.87951016
2.67284131 2.87687278
-3.23937559 -2.72986126
-2.9657588 -2.69512415
3.11948395 -3.09450412
0.0198426712 4.13646555
3.0217557 2.81898928
2.83864713 -2.41802502
-2.61009717 2.95421386
-3.02627206 -2.82281375
3.28967118 -2.56460571
-0.109871998 3.82807875
-2.77667594 2.70734048
3.04400015 3.27317548
-2.78863883 2.99886131
-2.73495698 -3.17053175
-2.7816062 -2.78652072
-2.79557633 -2.58702683
-0.193447635 -3.94279003
3.81029081 0.0155270547
-3.83735967 0.0549225435
-2.82483888 2.83789539
2.85757852 2.75127292
2.86475039 -2.31109095
-0.0279294867 -3.74792457
2.59215784 3.09179902
0.651251614 -4.34358358
0.0619191229 -4.06734753
-2.54773927 -2.40035272
2.5600996 -3.12344861
0.0840428993 4.31603289
2.69606209 -2.78276134
-2.98216271 2.87012839
4.27038956 0.45540303
2.72342324 -2.66515708
-3.12026501 -3.20706344
3.08586264 2.61718011
3.82138491 -0.391994029
0.0121380761 -3.91709208
2.95658898 -3.0805583
2.83957171 2.91511035
0.172466189 -3.89203191
-2.90904284 -2.70563078
-2.57375336 2.97857404
4.50676346 0.390494823
2.65814757 2.70838499
0.365375876 -3.47164345
2.70755291 2.52546644
0.159814492 -4.11053658
0.151343152 3.95263791
-0.0722719431 3.60337043
-0.0553987287 4.41813803
2.75307155 2.83641267
-0.272002518 -3.63956308
0.169907838 -4.12496328
-0.0096742902 4.00654745
2.97110987 3.14271784
-2.97903895 -2.52505231
-0.361042857 3.76673293
3.98421311 -0.473272622
4.18947983 -0.206153885
-4.07258987 0.0800379068
2.63147283 -2.56033754
-0.112979747 3.99837613
-0.317997754 4.19064569
0.0443511456 -3.99085736
-3.02208567 2.52440977
-3.02007413 2.81069517
2.55800366 2.90098548
-3.9371047 0.30125773
3.93203998 -0.259148598
-2.58932877 -2.73313689
-2.855232 3.1073761
2.93726659 -3.26625419
2.28877306 -3.2174871
-2.47335768 2.74928474
3.08776712 2.52285743
-3.00360632 -2.88859463
-4.12506723 0.173314244
-0.134574547 3.80505657
0.360237509 3.93392467
0.247499287 3.89130831
2.54324031 -2.79043651
4.14133501 0.386300772
-3.56536102 -0.0146607915
-3.85982609 0.387342691
-3.59072733 -0.342041969
-0.323606282 -3.82473397
3.18909502 2.64379692
-0.00670939079 -4.20575953
-3.18947601 2.88716316
-4.08135319 -0.131479219
2.72963333 2.61827064
-3.83744955 -0.129188165
3.86047435 -0.0702932477
-0.160325199 -3.88321066
3.15398312 2.88597751
2.61074424 2.6144886
0.0218217019 -4.50121784
-0.15038237 -3.76956367
-2.77096057 -3.12204528
0.338459224 4.2977438
-3.09525514 -3.04122066
2.84956837 2.75387263
3.89789677 0.483527631
-2.64933443 2.5898385
0.101055287 -4.124228
-3.99500942 -0.709408224
-3.14922738 2.88352871
-0.167410091 4.35131788
-0.47140941 4.14003658
0.000794351392 4.03964376
3.98211122 -0.00803413149
4.03862143 0.350139916
4.52472591 0.0362797938
-2.01912451 2.88447022
-0.244280308 -3.49531341
-4.00607395 0.0216093827
0.0644331574 -4.55512381
3.12931919 -2.9296329
-0.271666616 -3.34054756
-2.59455323 3.1057682
0.21560283 -4.3643322
2.63306046 2.36233711
-2.86779928 -2.95234799
2.66610193 2.68136168
3.72835445 -0.273334771
0.102542214 -3.91088533
2.60887551 -2.77134609
0.00300026825 3.8709259
-2.51808333 -2.83831429
-2.75836325 -2.94939017
-3.72604942 0.471912235
2.79696822 2.89584565
0.27626121 4.52378654
4.29235268 -0.146046013
2.74119735 -2.49594736
-0.0338162854 4.01091576
-4.1171217 -0.555459023
-3.94735312 0.144244358
-3.96154046 -0.292588264
-3.92650533 0.537661135
-3.11541343 3.13775206
2.6271975 2.74779868
2.48269916 -3.375525
-4.03251886 0.361379117
-3.04794025 -2.74154305
-4.34349442 0.100955434
-3.7736361 -0.552658975
2.8772018 3.06887364
4.1641798 0.131574079
3.84587455 -0.107230477
3.0075357 2.65353703
4.35032129 0.372375757
0.437902123 3.76656842
3.98861313 0.27423498
-2.81196713 2.7253325
2.53047657 -3.02528214
-4.26296186 -0.0364164859
2.61221814 -3.03602862
-2.74478507 -2.79922175
-0.421609968 -4.0821867
-4.07446146 0.176016331
-0.15955326 -4.34375477
0.415533751 3.97076821
0.0502008125 4.28790855
-2.848943 -2.85345125
-2.88136935 -2.50105548
-2.86222243 2.10834742
4.04627275 0.340989053
0.037717998 3.49192452
3.88684058 -0.187885955
3.22854137 -2.64182401
3.10006475 2.65664577
-2.81895947 2.69338441
-0.352295637 3.66179204
-4.18345833 -0.157756343
-4.13355112 -0.0785544664
-0.154350907 4.21251297
-0.28345257 -4.27717304
2.87370086 -2.79958963
-2.79441237 -2.84740806
3.02961016 2.66900086
-2.68895292 2.49871969
-3.62129831 -0.589828849
-4.12521982 0.59982723
2.78691411 -2.68345213
0.0319973268 4.08361959
-3.347754 2.54831862
-2.61372757 -3.07970858
-2.81905031 3.01989913
-3.73923564 0.259570777
-0.158443034 -4.49430704
-0.00452734763 4.29224634
-2.78916931 -2.37538862
-2.35291672 2.65875626
0.0453537516 -4.03434229
2.61955905 2.74894118
-4.12513781 0.459678501
0.594742179 -4.30110979
-4.00599289 -0.109088533
-0.33295536 4.34638882
2.22943759 -2.38456702
2.59515476 -2.74346137
-3.0766573 -2.64633727
0.101750977 -3.63616514
-4.11380243 -0.167722747
-2.97163105 2.24708939
4.29011583 0.235932291
-3.09140205 2.41712403
0.335327506 -4.30347157
-3.32151079 -2.55394793
4.25743246 0.158225566
-2.40538025 2.89935446
2.46462297 3.09901714
2.65594935 -2.74812913
-2.94859791 2.88973546
-0.107868418 -3.49253583
2.86627364 -2.88581228
0.221616521 -4.36826038
-3.63471341 -0.305930436
3.88078356 -0.229643792
-2.10571122 2.12043619
-3.14246368 -3.24112272
2.52868676 -3.05999136
2.43378758 -2.48577261
2.97138214 2.71512556
4.23273659 0.198172912
-4.20705223 0.10758891
-3.72731948 -0.0287326947
-2.65272593 -2.38649559
2.91809511 -2.95346618
0.602192819 -4.58593988
-0.194976136 3.93009973
2.76016188 -2.99090934
-2.84192157 2.98513103
-0.0551718958 -3.79959202
2.67009258 2.61055899
2.71544719 2.73877406
4.31782103 -0.166030809
2.88206506 3.01397943
4.24650002 -0.304971188
-4.04747629 0.292711258
0.0342658162 -4.17026997
-4.03628683 -0.0701716319
2.97056746 2.75508022
-2.85323834 -2.70189571
4.06081343 0.0995701998
2.66315365 -2.43230319
-3.98108196 -0.00122829631
-0.279042065 -4.03187752
4.18117046 -0.106316037
-0.193510503 4.33073187
2.57326031 2.5529871
4.03872013 -0.0800456852
-2.79708052 2.67672825
2.51167202 -2.56157827
-0.0334611721 -4.14887428
-2.78461289 -3.40992522
-0.153436944 -3.91571903
-0.0270470548 -3.73966432
3.82601738 -0.0903668553
4.08625078 -0.172910646
0.523398638 -4.31555557
2.88243389 2.58211493
-3.07745886 2.77350974
4.272717 -0.106889971
2.5757246 2.84608603
-3.08557224 -3.00395274
-4.14552832 0.11447046
-2.88276124 2.98783779
-3.1986208 -2.68358064
4.05289745 -0.39993602
2.6078279 3.0787909
-0.176881149 -3.45606995
2.76961303 2.84218693
3.04663134 -2.29235458
4.13410854 -0.0570879877
0.125964358 3.91373444
-3.00559592 -3.05867457
-4.02273321 0.331713915
-2.82601428 2.71309662
2.34629679 3.00916934
-2.71627116 3.19809294
2.94480634 -2.79941797
2.51764703 -3.02314234
-3.92704129 -0.0545048341
0.142472968 3.49831533
3.80367708 0.294999242
2.73585796 -2.6875062
4.49571228 -0.149404287
3.91554141 0.735010028
-2.88013148 -2.63626289
2.87463021 -2.97103763
-3.76094413 0.0855240971
2.79621124 -3.03456807
0.16897282 -3.84983325
-3.05266261 2.69325924
4.17927456 -0.291255087
0.326023161 -4.39129972
2.87246752 -2.8267684
-2.89926982 -2.85050416
3.73559785 0.280594587
-0.251558393 -4.24860859
-3.26050854 -2.66187501
-0.13908726 3.84591675
-3.00333929 -2.78612185
3.00186205 -3.03921819
4.06144142 -0.00689462619
0.244822085 -4.18524313
-0.281049699 -3.77345443
-0.232007653 3.90147042
2.73534393 -3.13124728
-3.16193914 2.84458518
4.05446959 -0.0723267347
-2.74073243 -2.65518141
0.0625246018 -3.62550402
-2.87614894 -2.45086622
-0.02229454 -3.61538887
3.87394786 -0.223637313
3.31879616 -0.19350034
3.92967796 -0.317329615
-2.63923359 -2.57646537
-0.00593297509 -3.76546478
-2.74805069 3.14249635
-0.171725959 3.81502318
-0.0660211742 -3.56917834
0.0709781945 -3.8623333
-2.95366693 -3.02540469
0.250092477 4.10129166
2.86372137 -2.89985728
0.0596636608 3.86109209
3.76352262 0.156868786
-3.1224978 3.10507941
4.03764629 0.204015955
-2.91069841 2.65432262
-3.66159987 0.364621699
-4.26743746 0.294517547
2.93786836 -2.95640969
-2.66805816 2.68092585
2.67252946 -3.22875214
4.09365034 -0.328602642
-3.99559903 -0.109562419
-4.07279778 0.276890099
3.35418415 -2.80151939
-3.3240881 3.33955479
3.19998193 -2.99161649
-2.58215332 2.84764695
-3.61705184 0.0644500032
2.7910459 2.88027668
0.40211758 3.83463478
2.88232064 -2.76972795
2.62905335 3.20869064
3.02429533 3.12974453
4.16450977 0.0451590419
0.203967839 4.05875301
-2.80668759 2.61556602
-3.82944059 0.565885484
0.0612392724 4.25531387
2.71696091 -3.08352184
-3.77001643 -0.145176455
0.0637553856 -4.08006907
-4.08148956 -0.105400793
3.10840631 -2.73927212
3.90950871 0.186490715
-3.67995811 -0.14447999
3.0372386 -3.13048935
-0.151716843 4.05479336
-0.373261631 3.76025414
-3.10533881 -3.05181026
0.344941944 3.6084013
-4.19277477 0.321504116
2.78247333 3.31751776
-2.53597665 -3.07431197
3.84877181 -0.194252998
-0.0636238083 3.97221136
-0.133513287 -3.78960061
2.64760804 -2.74450111
2.85935116 2.91175675
-2.86347175 -2.81687856
-2.27923918 -2.92301035
-4.27812004 0.0242674928
-3.18906188 2.79132581
-2.78771663 -2.96224308
-0.0475704446 -3.88190556
-4.13950443 0.053617578
3.26540422 -2.7691884
-4.12552929 -0.278401464
-4.02758932 -0.17372787
-4.00997972 -0.314497739
-2.62538862 -3.23566771
0.183873385 4.36121559
-3.90064287 -0.27858597
0.222772181 4.07684326
4.47917557 -0.280798107
-4.39188671 0.0124940863
-3.89702797 0.0609326735
0.438057542 3.85808659
-2.75943851 2.98042226
-3.05264139 2.66378474
-0.440296143 3.77451658
3.01821351 2.95304751
0.0755774304 -3.80018234
-3.04486728 2.62661552
-3.1396873 -3.08128548
-2.63196206 -2.70990634
-0.163596332 -4.18710804
-3.06107497 -2.67179966
-0.0777978599 -4.28450537
-2.64462614 2.85625339
2.7935009 -2.85368562
2.90681601 -2.52779388
-2.24108505 -2.44805884
2.80353451 2.45241237
