-1.09805107 -0.630276144
-0.422974378 0.0156458765
-0.705709636 -2.53286457
1.19176745 1.9211123
-1.0336982 1.17200434
-3.92643261 -0.277234524
-0.0181860384 -0.972459912
-1.10285926 1.78923082
-1.19674182 2.81104231
-0.0432500429 0.863276541
-0.279144824 -2.06014156
1.12763071 1.10513806
1.45785916 -0.971850276
-1.03157139 -1.42428732
-0.213382781 -0.819978952
0.218906388 -0.463736713
-0.534524083 -1.64166379
-0.218940645 1.90676785
-1.10910392 -0.919470668
1.27076137 -1.99630594
0.0848712772 -0.473628432
-0.555881679 0.703692555
-0.991001904 -0.697092772
0.520672739 0.952652276
0.298235327 -0.939998329
0.538518727 -0.319533914
-0.39064905 0.751490831
0.361862928 -1.65597153
-0.72966373 -0.209238932
-0.0372023247 1.99235487
0.982800543 0.564850211
2.68152976 -0.72546953
3.35806203 0.969317496
-0.906353533 -2.54667377
0.979161382 1.17942846
1.80965352 -0.668255329
0.926968634 -2.73793674
0.376632243 -0.340364188
1.62405467 -0.523003101
-0.161009356 -0.449733615
-0.0164001137 -0.803300023
0.14465569 -1.16498375
-1.10308647 -0.764042616
0.857064009 -0.903605044
-0.36329636 -0.608249605
-0.888380826 0.646997511
0.682906866 -0.355385303
0.837521315 0.406726152
0.981912613 -0.0520983674
-0.992461205 -0.124174178
-0.0921699032 -0.866699815
-0.22250624 -0.753613651
0.835384786 0.642427862
1.32749498 -1.92831516
0.92790097 -2.0424962
-1.86670566 -1.05622673
-1.14561617 1.0321815
-0.484262943 0.735920489
-1.18410707 -0.304500699
0.124823287 -0.321463764
1.82111478 0.838564157
-0.0480482541 -1.59180415
-0.621490121 2.31287718
-0.475220501 3.55489063
0.394753307 0.887274265
-2.06085634 -0.0307881236
1.32054317 -0.064071089
-0.494185925 -1.30859005
-0.68945539 -0.954464018
1.74248004 0.12958625
0.91032356 0.945632517
-0.123023704 1.11905015
1.02316642 -0.0949077085
0.00373118464 -0.535331726
0.412133753 1.7273078
-0.589921176 0.174123853
0.730500877 -0.209581703
-1.10278344 1.67392814
0.54446584 -1.53155315
-0.945336401 1.26440799
-0.319276571 0.556494713
1.06854749 -0.698366463
-0.611105859 -0.194650695
1.61922956 -0.418136567
-0.389170438 0.509231508
1.11203325 0.340339869
0.506013751 -1.15481436
1.28755665 0.366226375
-2.16088533 0.145463333
-0.524262011 -0.167506859
0.39066565 -0.207955688
0.407059252 0.310572416
1.39451623 0.518630087
-0.866529703 -0.809580684
0.773901284 0.935961962
1.26760685 -0.520181954
-1.1793108 -0.771784186
1.3677026 1.18356586
-0.171196267 -0.328298241
1.36576319 0.22028923
1.35237956 -0.0236102156
0.166996017 -1.5778842
-1.15651011 1.95987439
0.328468621 -1.02039909
-1.63444173 1.03266072
1.71011519 -0.50062716
0.918223262 0.411937296
-0.224309653 0.521564603
0.861692011 -2.45792079
0.973251522 -0.544830203
-2.00068331 0.160071641
-0.416634798 0.743216634
1.76666963 1.19213319
1.02210522 0.317859828
0.287282914 -2.23626876
-0.608703792 0.905207157
0.655045152 -2.2790854
-0.131798998 -0.622063875
0.294210225 -0.6314255
-0.965306759 0.971094728
-1.31934333 0.0458399467
-0.609444737 0.289078832
1.69644964 -0.468902528
-1.39923859 -1.21734035
0.83916378 -0.598333299
-0.409597993 0.827525079
0.927066147 -0.396215528
3.4634676 1.32539594
1.005862 0.893121302
-0.597837806 1.14202225
-0.283449858 1.15146506
-1.24921072 0.831783772
-1.75282991 -1.9249773
-0.839201868 -1.27252734
-0.167384759 -2.40461206
-0.829372585 -0.520142674
0.456522077 -0.610452473
0.472475052 0.238213435
0.0467088744 2.35648179
2.80847883 1.18817413
1.02387881 -1.56480324
-0.114715174 0.245686829
-0.0295123234 -1.47642493
0.402140945 -1.08834612
-1.03065705 0.600026906
0.326081693 -0.584967315
0.856583953 -0.458209276
-0.7921803 0.162485957
1.37924266 -1.08690381
-1.55549812 0.135325059
-0.437871218 -2.25161028
0.747733593 -0.58967042
-0.706683397 -0.63515842
-0.461199224 1.87502742
0.61565274 -0.377947032
0.338737696 -0.985672176
-0.562279105 0.594787121
1.06324637 1.23259664
0.520843625 -0.855395138
0.857022405 -0.304463983
2.59123302 0.562541366
-0.754324853 2.95193243
-0.306850672 -0.542763889
1.25136185 1.053478
-0.438451827 -2.43952513
0.0125849117 1.29492629
-1.67302179 -2.00321794
0.397642612 0.189285964
-1.45459127 -1.28769445
0.411493331 -1.47006559
1.03926408 -2.76452708
-0.697857141 -1.37581706
-0.374752522 -0.757835269
0.723509967 1.57534134
0.757049501 1.44375706
0.84431535 0.84918201
-2.8548193 0.545725107
2.25528693 -1.36551988
-1.23003149 1.81164384
2.71358657 0.574522614
-0.478337228 0.137031257
-0.625684857 0.769096196
0.294793099 -0.350525618
-0.631743491 -0.427586287
-0.242020488 1.05724144
-1.86640751 1.0553261
-2.76763201 -1.61454892
0.129216075 1.07687974
1.08879697 0.8500278
-1.78070772 -0.120446689
-3.760288 0.512573063
0.114952855 -0.359911323
0.459376663 -0.0369278975
-2.31854963 0.0159735046
0.736178041 0.25456652
-0.801056027 -0.00154157355
0.670522392 0.172565997
0.205602095 -1.34468889
0.263663352 0.258562982
1.10814905 -2.15515184
-0.0846273452 0.204486758
0.271932274 -1.31193352
0.26016137 0.530249953
-0.31795153 -1.7346102
-0.243791521 -0.63411212
1.57720184 3.64778638
1.55497539 0.134158835
1.08123398 1.08170152
-0.103456967 0.292221606
-0.391120821 -1.94234681
1.78196633 1.82701457
-0.110113293 0.253383309
-0.0169203039 -0.539194524
1.03993118 -0.734454751
-0.0968114734 1.73796642
-0.0198601168 1.43464994
1.14696956 1.4128629
1.41282666 -0.789979756
0.570672095 -0.649985611
-0.652791679 0.947924316
0.60594821 -1.10064113
0.0555765852 0.191093922
-1.17869163 -1.49014771
-0.323849678 -0.970171154
-0.122753114 -1.64048994
0.400038034 -0.537859917
-0.867245972 -1.01306736
0.107911177 0.647776484
-0.689667642 0.0968815535
-0.977518618 -0.587064803
1.00608647 -0.730573297
1.11395776 -0.688159168
0.162572309 1.21673286
-0.136713818 2.48020911
-0.52179271 2.45592284
-0.900745153 0.92694521
-0.690652251 0.874181688
-1.97675681 2.31459022
0.967483819 0.263296008
-1.1005398 -0.701007307
1.60222101 0.209751815
1.76762569 0.216984332
1.75509393 0.200550973
-0.996554315 -0.779572845
0.701348901 -0.568696678
0.19740209 -0.891088545
0.521274388 0.732675672
0.989859819 0.295419723
0.299590856 1.28554845
-1.04699719 0.175939217
-1.56167412 0.472861677
-1.73256731 -0.0481972992
0.882773638 0.213363409
-1.61701941 0.283565909
0.393239498 -0.832745373
-0.848585963 0.941716492
-1.09480381 -0.626617551
-0.175074592 1.5456109
-0.108474195 -0.586676598
-1.34001219 1.39746308
1.93795288 -0.82036972
1.72724843 0.383730292
0.542545676 0.380858749
0.289802432 1.53288853
-0.468093455 -0.204396784
0.555547535 -0.0192399174
-0.92604214 -0.52119112
0.725926459 0.309647799
-1.3007164 0.450311899
1.24336469 1.01907015
0.0741632804 -0.640538454
1.8865236 0.117164299
-0.726631701 2.4121964
0.662903011 0.8106938
0.538111091 1.21104717
0.251709521 0.926359117
0.37324819 -0.221938655
-0.0972024947 -0.121821821
-0.388115227 -0.115034997
-0.0962854177 0.842632174
-0.87441057 0.0764010698
-2.69730997 0.310218245
-1.89022064 0.946552277
0.0967807919 -0.579090834
0.399190664 0.528119266
1.3783952 0.193133831
-1.34275699 0.440169692
0.136648744 -1.92698133
0.39454037 -1.07195342
-1.07457447 -1.13125122
-1.78273845 1.39243829
1.26120436 -0.0428080633
0.951909661 0.523448706
-0.128513217 0.946458101
0.712189436 -1.32299137
-0.78205353 0.922953963
-0.2808761 -1.22879946
0.398116082 2.64011574
1.30479658 0.254038244
-0.436744183 -0.869160712
0.386421978 -0.336373329
-0.74301374 -0.27625224
1.18741381 -1.02716851
-0.497702748 -1.84829962
-0.223203927 0.13071546
-0.877747595 -0.239585206
-0.67226392 -0.0418964252
-0.113459744 -0.992093623
0.788286865 -0.412593156
-0.106079683 -0.418930709
-2.03961754 -0.388528824
-0.725725234 0.302573591
-2.16230464 1.83449936
1.31298494 0.169054002
-0.604893327 -1.04036045
0.00894093327 1.64576936
0.148587227 1.54961562
-1.05951452 -0.780834079
-1.27193797 -0.696276307
-0.663949609 -0.631857097
0.359552205 -0.00597290322
0.223848909 -0.96995455
-0.688267112 -1.19493425
-1.6591965 -1.27766776
-0.924393892 -0.164490953
-0.149603069 -1.00492179
1.1965549 0.453301579
-0.480846941 -1.09514201
1.51522779 0.530426383
-0.765025377 -1.4215759
-1.09292567 -0.390012681
0.918998837 -0.266747802
0.770551503 0.870584249
2.73479056 -0.127527386
1.40526915 0.380761862
0.2440276 0.320873678
-1.55412877 1.26003098
0.620297909 -0.553010046
-2.4482429 -0.696515977
1.46417928 -1.54218888
0.12560074 -0.227534771
-0.175343141 0.126733854
0.400467336 -0.0664488673
1.69481039 -0.1387133
-1.47621942 -0.24531576
-0.836092889 0.32354641
0.133780375 -0.0245212205
1.97695613 -1.93134165
-0.288467854 -0.334350824
0.108979367 0.926097512
-0.613938272 -0.077420935
0.863849461 -1.61551023
0.5121907 2.86947751
0.063725166 -0.680189669
0.189744398 0.591758728
0.252938837 0.342788935
-1.05754375 -0.816892147
-0.865305245 1.30094218
0.022729747 0.358920991
-2.62193322 -0.0530725494
4.15316057 2.16035175
0.140502647 0.642775416
0.118357368 0.348564804
2.02336621 -1.90865314
0.249987841 -0.149140209
-0.523678958 -0.134428084
-0.289402336 0.525773525
0.0725626424 -2.3298316
-1.92038453 0.357307553
-0.62534833 -0.862729847
-0.236196518 -1.70937526
1.36122894 0.00106437504
-0.741406381 -0.408617556
0.177817971 0.393401563
-1.42540765 0.52095902
-0.683968544 -0.0848327875
0.103634 2.26573157
-0.16051501 0.678665042
-1.29305637 1.4343462
-0.2500678 -0.0983495563
-2.32338405 -0.888729095
-1.3535949 -0.593748689
0.411676586 1.27051783
1.17684913 0.294276953
-1.99615455 0.297921658
-0.969378471 -0.0576741211
1.17194533 -0.946954846
1.98385513 -0.994976997
0.0685577318 0.337998956
-0.960887492 -1.05467832
0.478942603 -1.62696362
-0.928443432 3.37257004
-1.61023378 0.198553041
1.23709691 0.768962681
-0.372592032 0.865889251
0.75806582 1.74267745
0.422589004 2.01824355
0.191481113 0.764776468
-0.96924895 -2.31283927
0.0572905689 -0.289872617
-1.39007163 -0.323878586
0.38524434 0.095413357
0.795262158 0.415314823
0.705626607 -0.499024242
-2.49826741 -0.952094734
2.01956987 -0.966147482
-0.0058577368 -0.277938008
0.638875604 0.551699579
0.481798917 -0.553603232
-2.2989583 -0.285709411
0.46723333 -0.131579518
0.319123805 1.37700307
-1.6480248 1.0252763
0.704499364 0.283127129
0.452780783 -1.31396234
-0.860416055 1.57345438
-0.170479074 -0.360147327
-0.581853092 -0.199420303
0.0982308164 -0.0281065926
-2.63357139 -0.350520462
-0.779513061 -0.620665848
1.17448449 0.176553369
-0.161370918 0.0574096888
-1.36531079 2.82704592
0.909627914 1.10494113
1.16540742 2.10066819
0.340227187 0.429846972
0.540982604 0.272116631
0.0325926505 0.302766919
0.173227474 2.27962017
2.93600702 -0.114569679
0.193139926 0.635258257
-0.403941482 -1.06831896
-0.379645437 -0.58513689
-0.128032297 2.20872521
0.738223791 0.236607075
-2.21554375 -0.829381287
-1.56034005 -1.18631375
-1.06540418 1.28116179
-1.98268199 -0.369478315
-0.00176160038 0.266354173
-0.664443672 1.72338676
0.569244802 0.369141221
-1.44656301 0.507255435
-2.18382573 1.17482185
0.32035172 2.07105565
-0.762105048 -0.804613113
-1.94680476 0.94708842
-1.23558044 -0.468519419
1.44849563 -0.031498868
-0.880539954 -2.23158169
-0.661142588 0.418593019
0.496832341 -0.319686741
-1.0035727 -0.238558099
-2.24236727 0.0248990245
0.317388952 -0.203047916
0.891883731 -0.983262479
-0.872641146 1.98686326
-0.66987133 -0.781466067
-1.02303123 3.01399684
-0.938571274 -0.658953786
-0.179287165 2.31211782
-1.37376034 -1.7117244
0.180639848 -0.268097401
-1.04359126 -1.22681892
-0.107571416 1.11306846
0.114340834 1.63863444
-0.011714003 1.52628636
0.95262146 -0.248293728
0.702821791 0.443020731
1.7357986 -1.37542558
0.326671571 -0.43996498
-0.772412896 0.419482559
-1.5335803 -1.17119789
-1.43276238 1.32456589
0.37000832 1.04056764
-0.188159734 -0.197341949
-1.8931787 -0.474769264
0.869624078 0.601493418
-0.518651009 1.28535485
-1.31239176 0.617375195
0.31096518 0.524093866
-0.251973093 -1.22574759
-0.135129154 -0.399750501
1.00610578 1.21696818
-0.832625031 1.73249507
-0.559260964 -0.130637988
-1.16214609 0.615490556
0.928647041 0.394770682
-0.263719618 -0.423613638
0.570783675 -0.179439053
-0.93444556 1.41381693
-2.53624749 0.514191747
-0.458597958 0.935329676
0.729237258 -0.0983009636
0.804493487 -0.300304621
0.00673246942 -0.579911053
0.964621961 -1.00861788
-1.16166925 0.228761464
0.400098741 0.749677122
-1.32160389 -0.857643306
0.382241309 0.744327664
-1.70121169 1.43232501
1.16438746 -0.376935303
-0.264855176 1.72452402
-0.611494899 -2.52968717
-0.397485822 -0.899684429
0.180249572 0.950280666
0.209727362 -1.14052856
1.5852704 -1.51073432
-0.0600894205 -0.737753689
-0.141475543 -0.00729288906
1.17534781 1.24251795
-1.00070918 -0.893532455
0.654974163 2.1801343
0.983316064 -0.578514516
-0.840463817 -1.70689178
0.00864595454 -3.6469593
-1.33274567 -0.758682609
1.20315456 0.0938792229
0.888002396 -0.00826578587
0.216443717 -0.853656888
0.427882254 0.717403471
0.530196369 0.239391074
1.03261626 3.41148138
-0.916053236 1.07682347
-0.142584443 1.56225657
0.660269976 0.558607578
-0.876416624 0.495767802
-0.641186237 -0.819832385
-1.29905307 0.198019966
-2.43612647 -0.47107017
-0.657977402 0.270004213
-2.47701359 -0.743454456
-0.270119756 -0.820375383
-0.0177925136 0.739869475
-0.49295947 -1.32991743
0.139647871 -0.690117598
1.06976748 0.896064162
-0.200867355 2.26338577
0.159631252 -0.880532026
0.497672379 0.307323635
1.18011594 -0.978195488
-0.989114702 -1.04611993
0.915642858 -0.146604195
1.43921578 2.33357549
0.709814668 0.228614211
0.452426136 -0.649509609
-1.09425366 0.808177173
0.34715569 1.51040149
-0.228803724 0.695008039
0.0914670005 -0.557590306
-0.473435551 -0.0497199669
-1.26864088 -1.75482988
0.835437298 -0.405418694
-0.118872292 -0.745613575
-1.86590636 0.949665189
-1.7094897 2.56228304
0.787519515 0.289093643
1.43671632 0.290974736
-2.27025771 1.88899732
-1.0063591 -0.0121391602
0.316716731 -1.40343249
-0.477204382 -0.698218644
1.2554642 -0.0113927722
-1.99331403 -0.138566822
1.40086389 0.839349806
-0.794843197 -0.533071041
-1.22569036 1.27164316
0.27936092 1.63101494
-2.29953599 -1.2783004
0.424498558 1.30112612
1.02576184 0.38866654
0.703738153 -0.548457146
1.39285755 0.202661872
-0.730709374 -1.92076075
1.34075701 -2.53246832
-1.26067829 -0.400615245
1.40349758 -0.13443093
-0.890945554 -0.0678754747
0.952579796 1.53981137
0.00268149655 0.0660329759
0.58255887 2.42886853
0.87124753 -0.414903551
1.11395633 0.75608182
-1.39061356 -2.15304995
1.1319468 0.180945426
-0.385831952 -0.218656212
-0.483727872 -1.18334019
1.5607518 0.580590844
-2.18026185 -1.43588471
2.32271338 0.387305856
0.332008332 1.42790568
0.217342228 1.04548931
1.69887769 -0.0918408558
-0.668708384 0.706595778
1.16449642 -0.957699537
1.48371577 -0.0849944279
0.11002019 -0.240558341
0.267330885 -0.717497468
1.71318626 -0.500933945
1.14314795 -0.392579496
0.975217521 2.03734589
0.627794683 -0.282903582
-0.123517901 0.745710254
1.01248717 -1.36760271
-1.53990185 -0.283928096
-1.69270158 0.579522491
-0.438053489 -0.937218249
1.3476584 -1.21677518
-0.213040322 1.99971712
2.00258827 0.638843358
-1.90716457 -0.501478434
1.01673234 0.316273272
-1.20670629 0.603636503
0.0268486999 -0.132595569
1.27478743 -0.133646697
-0.571889758 -0.449421972
-1.76254761 -0.390314847
0.106232099 -0.696461618
-0.788203478 -1.16142476
1.93651497 -0.0910260603
-3.01876473 -1.35630035
0.152955607 1.09467089
0.536633074 -0.825904608
0.351596773 0.134094357
-1.03408659 0.495297432
0.920579612 1.79769754
1.19965529 -0.918736815
1.27163661 0.573023915
1.01305258 0.7840029
-1.38734245 -1.53245687
1.09453762 -0.318436235
1.08091688 -0.668554723
0.176930085 -0.29648599
0.271581471 0.724137485
1.04365516 2.52964807
-0.298707545 0.703271627
1.29580879 -3.19183135
0.131195739 -2.89867473
0.6729213 2.08143663
-1.02804601 1.20773208
-0.768957198 -0.148144349
0.67131722 0.793150783
-1.37592185 0.121692836
2.09935713 -1.78304935
-0.882507205 -0.327810049
1.0145725 1.41349638
0.926584184 0.493214577
2.03482246 1.32990348
-2.77681494 1.37837899
-0.0577135831 -0.487269074
-2.50713897 0.298900753
-1.26237822 -0.670743406
-1.13611186 -1.56469071
0.234321937 3.8764677
0.217320204 -1.11853337
1.05212283 -0.0691592544
-0.0153859016 1.11567318
-0.999079406 -2.35280728
1.69164658 0.57034409
0.231280237 -0.606780231
1.21819627 -0.0219221972
0.572396934 -1.27444351
-0.588385463 0.632965922
1.02330542 -0.426264405
-0.293177247 0.595174849
1.82347107 1.47857249
-0.127368584 -0.323194623
-1.33093464 0.192976981
0.16474314 -2.47638917
1.3621434 -0.102371611
0.72436291 -0.393790454
-2.27368593 -1.10245848
-0.243924618 0.472745806
-0.798125148 -0.22537218
1.33236516 0.65239042
-0.312042594 0.230513364
0.179695517 0.993149757
0.0625407472 -0.323369056
0.987896979 0.24764201
-0.748458028 -0.711043537
2.29213715 0.0661553144
-0.17554751 -0.28658101
-0.289857447 -0.110325664
-0.386503845 1.03402853
0.856077075 0.664922714
-0.0531870574 1.06583703
-0.227893442 2.3810699
-0.458784729 -0.0248986185
-1.68689895 -0.895149171
2.09387183 -3.44751573
2.06942487 2.95587468
-0.479935467 1.31847262
1.02651632 3.12410927
-0.118232302 0.378519297
-1.35262072 -0.699966729
0.946341097 0.661022305
-0.492317975 -2.04849029
-0.370259553 -1.39066803
-0.529282033 1.30398858
-0.342452526 -0.673002362
-1.84200871 -0.896921813
-1.94927621 -0.335545629
-0.0348818153 -0.384410948
0.84599179 0.0518091992
0.28217414 0.243645623
-1.41932893 1.30509853
-0.265263438 0.48739329
-1.03742611 1.14925361
1.14765394 0.0769270211
0.441679418 0.147307053
0.696781218 -0.119343407
-0.526480675 -2.56931257
0.796200871 2.76157451
1.04472041 -0.809987009
-1.72326255 -1.7764833
-0.116010509 0.308690995
-1.29387331 0.55403477
0.129049599 2.45386267
1.91998363 3.39702559
-0.210398868 -1.21031582
-0.909438193 0.581685662
0.388442606 -0.258283764
-1.05906022 0.172790945
-0.598661363 -2.48855281
0.111517377 -1.28004682
-2.40223694 0.894393981
2.37376714 0.232297912
0.705816984 -0.0136132687
0.622537971 2.07203794
0.335911393 -0.271476239
-0.153090179 0.426623404
-1.19816923 0.939038932
-1.77199173 0.617536128
1.36534309 0.0118485503
1.23851061 -0.125694811
-0.458729565 -0.0814355016
-0.827686667 0.956291676
1.08538365 -0.67846638
1.27780426 1.3975594
-0.930039465 2.9420197
-1.3391974 -0.561637044
1.1458478 0.975631416
1.4766264 -0.188494965
-2.59514666 -0.127808258
-0.00357704796 -0.637785614
-0.482237279 -2.23271561
-1.70012641 -0.518342733
-1.78979111 -1.05189979
2.24726009 -0.961957335
-2.50605726 -2.24022555
0.603555739 1.78676057
-0.701083243 0.466947854
1.19195771 0.34958744
-1.82569492 1.05122113
2.25812769 0.798660517
-0.627210498 -0.0710971206
1.5709728 -0.777949572
0.630156696 0.488575399
0.513392031 -0.699381828
-0.116974406 1.07433403
-0.629117131 -2.73608327
1.29031551 -1.28793526
-0.771153331 -0.748183727
-0.0355853736 2.06356239
-0.0415684767 0.347226858
-0.487862498 -0.64594382
0.186662599 -0.57341522
0.266161501 0.671136975
1.024001 0.147299558
-0.636537969 0.222221971
0.528935611 -0.51890111
-0.614403903 -0.175888211
-1.15468323 1.11705017
-0.629036903 -0.469746768
1.06610489 0.94879806
0.743863821 0.34181878
0.0454107076 0.895127416
-0.112972952 -0.759429455
1.11887479 0.847982645
0.524927139 -0.996334791
-0.757047772 0.343807608
0.159022227 0.323736906
0.276390642 0.848545551
0.576782286 -0.311609864
-1.72382164 -2.03393316
0.581005633 -0.245200306
-1.49162292 -1.54193735
0.511717081 -3.04600072
-0.844700634 -1.78966475
1.64146352 -0.683867037
-1.12929964 0.409915358
0.74925518 -0.244146317
0.500466883 -0.0975004882
0.65070498 -1.84592748
1.67265475 -0.517117381
-0.0765695721 0.933661759
2.00781178 0.00848121196
0.506518066 0.693843067
-0.00999684352 0.341146022
0.568507433 -0.209034532
0.144639194 1.93319511
0.0841805562 0.627863824
-0.836935282 0.841693282
0.604554415 -1.13892758
-0.0932699665 1.01772714
0.812434137 0.206798226
-2.35879469 0.0602734685
0.237509131 2.57892442
2.36401415 1.10468769
0.224116281 -0.165398091
0.40412581 0.268397182
2.08377552 -0.456476718
-0.456683338 -0.698515356
0.468628436 0.23029837
2.37238407 -2.43945265
0.733586967 0.982279062
2.08704972 -1.3444854
0.169437304 0.560491562
0.957861543 -0.656061828
-1.43604493 -0.327167928
-0.512457609 2.02068996
0.522157729 0.182605505
-1.42341483 0.687699497
-0.635581195 0.298309892
0.516587615 -1.05885434
-0.440873057 0.355128556
1.13969231 2.26784849
0.0806798786 -0.322964191
0.18234396 -2.20871305
0.0236789957 0.187133849
-0.23158589 0.343451619
0.905166805 -0.266914904
0.803128183 -1.96896935
0.533540606 0.681359231
0.353343248 -1.69708204
0.627343893 -1.33583593
-0.280057609 0.244039953
1.59690368 -0.298703611
0.624184966 -0.0741066039
0.81342572 -0.416438639
0.308139205 -1.56936789
-1.4099282 2.19935036
-1.67047322 -0.312452883
1.68156242 1.08869767
-2.31126785 2.1407361
-0.441892982 0.484961629
1.28774536 -0.153915882
-1.39605427 -0.8098737
-1.24146128 3.54826474
0.815188766 -1.58900368
0.947474837 -0.433569223
-2.48127913 -1.81136072
1.65284503 0.813701689
1.30138278 -4.07544899
-1.94044685 0.121753275
0.132797763 -1.88187265
0.887202621 0.978825867
-0.164619669 -0.0966626108
-0.0344448313 -0.0142699741
-0.573626876 1.59922254
1.60303688 -1.25159025
-0.295440048 -1.81428015
-0.266692549 -0.569264948
0.97096312 0.812738597
-0.610218227 -0.103267156
-1.58436012 0.925637603
1.68542123 -1.33879817
-0.160490662 -0.108341105
-0.473408401 1.62526166
0.915617883 0.827973723
2.17772174 -0.434663773
1.03757679 -0.472041577
2.38919878 0.114324696
0.379317909 0.733302832
-1.23726082 -0.460252255
-1.18409657 -0.186736032
0.321377486 1.87495351
-1.27815068 -0.411213964
2.58269191 -1.14225578
-0.27881074 0.295045406
-1.54369473 -0.901714563
0.987951398 -0.37004596
0.94609189 -0.0624056496
0.246541888 -2.5279417
-0.230050549 -0.862681568
-0.494372636 -0.780306995
-1.3651917 -0.57310015
-1.93208694 1.61729324
-1.58711767 -0.144787848
-0.379108131 -0.108641773
0.151383415 -0.455111891
1.23208535 -1.45792162
1.09568846 0.0555704273
0.578366458 -1.52212381
-0.998286605 1.26377892
0.0349179804 1.59593081
2.01535821 -1.54026783
0.67015487 -0.434717089
-0.22562699 0.416237742
1.1058867 -2.01491284
0.789085031 1.42981172
0.023941379 0.944663346
-2.21664906 -0.523013711
-0.496809602 2.79338551
1.05934119 -0.104948327
0.905945659 1.73938346
2.17914891 -1.3064518
1.11430168 -0.158480421
-0.886939943 1.33691418
0.0580631793 -1.35927176
-1.33766317 1.03327489
-1.26746285 1.7749871
0.506368577 -0.924454987
-0.00588982832 -0.846331716
-0.80916208 -0.212110966
-1.50117421 -0.465410292
1.68773413 0.355811
1.25372159 1.48186159
0.577794731 0.499021649
-0.782800853 2.22041297
-0.482941657 -0.99724102
1.70162082 0.520602047
-0.0332371593 -1.83552849
0.554696798 -1.84879303
0.556165099 -1.37720561
-0.0195308849 -2.36022091
-1.91628528 0.3153705
-0.518955588 0.175449297
-0.106960766 1.73270035
-0.801692307 0.122584507
2.80019927 0.660226524
1.04518688 -0.932603538
-0.11414738 -0.129981801
-0.776353955 1.03975642
-0.0370062143 -0.423677772
-0.854076803 -0.642899156
-1.621117 0.665017962
0.397952616 -0.764822245
2.17945719 -0.581984103
-0.443365902 0.544589818
-0.658273876 -0.624628425
1.3404839 1.51456606
1.10273111 1.13221276
0.133127034 -1.6178534
-0.599346161 2.01482964
-0.732089877 -1.54885375
-0.487764627 -1.34131145
-1.7628212 0.704197347
0.569458187 -0.429866612
-0.313719839 2.07499218
0.652002752 1.86917162
0.910755515 0.868176818
-3.0636363 0.391885608
0.669141948 1.8878181
-0.165190965 0.875581443
1.07804215 -1.61791086
0.79937005 -0.851895511
-0.16971226 0.568409979
-0.266340703 -0.697134435
-0.744903684 -0.468624562
0.390384257 -0.377400607
-1.69857574 0.185732067
-0.919800222 1.47019124
-0.481353134 -0.738352358
-1.06550694 0.776633799
-0.451480299 1.82712257
-1.10236335 1.06550324
-1.01289856 -0.449899465
0.0505290702 0.141634524
1.43069041 -0.24932386
-1.65832675 1.66242063
-0.077831775 -0.506505013
0.455928832 -1.73029029
-1.11823702 1.09707272
-1.29887879 -0.435306847
2.26037335 -0.876361668
-0.436773837 0.616781175
1.16685772 1.71231365
-0.725459576 0.832092106
-0.427936494 -0.925020218
-1.51812875 -0.944021046
0.691251516 -0.0738389492
-1.8655957 1.32926059
1.11975908 0.868133903
-0.0733967572 0.0243358389
1.4072082 -1.14331257
1.47948432 -0.194004193
-0.426263273 -0.13659291
-0.106506288 0.751078725
1.69125104 0.0997743458
1.34901786 0.26879409
-0.838048816 -0.30337736
-0.329467624 -1.01957035
1.33021009 1.27245939
-0.644245744 -0.762493134
-0.867221653 -0.923537612
-1.21832848 -1.59417117
0.341767579 -0.66447854
-1.07495582 2.098979
-0.0386915132 0.642885327
-0.768679142 -0.703487575
-0.842020392 -0.133856446
-1.61664891 -0.526684582
1.43199635 0.825355887
0.111706279 0.182154834
0.98677808 0.828855634
0.435081542 -0.448925614
-2.51943398 -0.166309014
-0.620365262 0.761865497
0.569552898 -0.046363499
-1.44285917 0.675096214
-0.132652685 0.0655266419
-0.0625544488 0.642099023
0.144498721 -0.34781462
-0.590298533 -0.722797751
-0.813290477 0.56176877
-1.43050992 -1.50925624
0.401991278 -0.420016736
-0.694467247 -0.873533249
-0.228852287 -0.436113596
1.33950007 -0.103714496
0.624442816 1.51787949
-2.02975178 -1.2440064
2.46523523 0.645376563
1.75676775 -1.08669615
-1.11829865 -0.138705418
-0.121364206 2.81675339
1.44969881 2.33134055
1.19306207 0.439999014
1.0539006 1.32423007
-0.0284628533 0.374887288
-0.0165917557 1.02700949
-0.569439232 -1.06989646
1.11447036 -2.24531436
0.660032868 -1.50286698
1.46839619 -1.30781007
-1.22784472 -0.78049463
-0.850031972 -0.367360294
-0.522430062 0.847676396
0.463692605 -0.648616493
-0.0410061926 -0.620958209
0.0920729414 0.75788027
0.332143605 -1.06104279
-0.940094173 0.163309321
-0.733383477 1.20758903
-0.889330208 -3.36566329
-0.0277139116 1.00461745
0.640765727 1.47486198
0.512255013 -0.0320641063
0.798201859 1.93038595
0.488946348 -0.0102172606
-0.124361381 1.39932382
0.864027977 0.850308299
0.0398315601 2.12765098
2.08499074 0.363680631
-1.37644863 -1.59123874
1.19905233 -0.80479151
0.63639605 -0.656100273
-0.912318766 -0.968193889
-0.141997546 -0.847676098
-0.25611949 0.72187829
-0.194151983 -0.132906705
-0.356658489 -0.48225823
0.847424388 -0.760010302
0.0244511459 1.20215368
0.885658324 0.6308707
-0.97854805 1.36122584
-0.746556401 1.01470828
-0.672447979 1.25314593
-0.428436458 -1.17332196
1.07141471 -1.47981417
0.222672284 1.33116055
1.0524236 0.804525137
-0.342258096 1.78127933
-0.509360135 -0.55898422
0.0906463042 -2.05145359
-1.99788189 0.417349219
0.196440816 -0.0996781886
-0.498033524 -0.76438272
0.647625268 0.278521389
1.85639644 1.01070702
-0.566293061 1.95075977
1.09864378 1.41579425
1.28542221 -1.64612961
-1.46005511 -0.570781171
-1.006091 -0.439692706
-0.194674507 -1.083794
0.44413954 -0.244059846
-0.450546384 0.610115707
1.56552207 0.930466533
0.596927822 0.471281767
0.083074972 0.221470311
-0.915911615 0.543274164
-1.5476172 -1.40139282
0.0107156187 1.17793107
-0.431772679 -2.1365633
-1.38038385 0.537192643
-1.95960522 1.92420733
-0.498974591 -1.52584565
0.144926473 -1.17002666
-1.93287611 -0.186285064
1.18594682 -1.37160397
-0.502950549 0.396908879
-0.521289706 1.05128157
0.700025976 -0.823959053
-0.537067652 -1.58498311
-1.51438355 -0.38934049
0.238490343 2.0853281
-0.781704128 0.781212091
-1.82912195 1.27949417
-1.00099993 -1.42011106
-0.938520968 3.30751562
0.251182914 0.953397691
-0.0247326773 -0.763197362
-0.249258637 -1.94308317
-0.233270362 -1.57031488
-0.454684883 0.696211815
-0.979434371 -1.08923674
0.143663585 0.948605835
1.48643875 -2.46836805
0.383723497 -1.47711325
1.56517529 -0.160086647
-0.461905807 0.11136575
0.747431695 -1.07498252
-0.124420054 2.6212666
0.805711687 1.36663532
0.308080196 0.489810944
1.14601576 -0.0222057253
-1.34667325 0.23583585
0.287524432 0.618493676
0.314545989 1.14733052
1.57824326 1.17645347
-0.726324856 -0.391798913
-1.28549278 0.717861295
-1.04495525 2.80993319
-0.699102759 0.636671245
-2.23445725 1.29932201
0.317911625 1.11401772
-0.923022985 -1.1376307
-0.987813354 -0.859499514
-1.67194545 1.22100616
2.63914895 -1.11390328
-1.50907707 1.18970907
0.101862065 0.0413150154
-1.70633602 -0.956163347
1.0571624 -2.3372736
0.310626924 -0.877362132
-2.60922432 2.98454809
-0.926286459 -0.786745965
0.462534964 -0.309093505
-0.801850557 -2.07528615
-0.0680117756 0.627558112
1.72100186 0.501976907
-0.281791598 0.0750772357
-0.874266446 0.948510408
-0.866349339 -0.362006426
-0.432620883 -1.02164841
0.515902996 0.175144702
2.19906855 0.684581101
-0.379417449 -0.764078796
1.59217215 0.499347389
-1.35555017 -0.792241693
-0.495038569 -0.139167398
-0.659755766 0.130732596
-1.2419647 -1.74789464
-1.13053238 -1.00128376
0.428714007 1.43800235
0.238537714 1.99706244
-0.0117957219 0.467574418
-0.309990048 -0.964059114
-0.965133846 -0.967004836
-1.60414839 -1.11819482
-0.00612592231 0.550006866
0.492267013 -1.31549108
1.23369288 -2.00882173
0.510406554 -1.29525816
-0.518422246 -0.976197481
0.10227184 0.510918379
1.33758974 -0.284970343
0.0763620138 2.54395342
-0.490666837 0.151761949
-1.05545366 0.385135233
0.199120149 -1.50627208
0.214706108 0.973836899
0.028735783 0.619396985
0.129524589 0.630341411
0.447690755 -0.577076375
0.899668574 -1.28878272
-0.130603492 -0.678003192
0.7191872 -1.09653878
-1.21431398 -1.75145829
-0.530092835 2.42654705
1.32992506 -1.29055655
0.993187785 -0.290326118
0.254451752 0.77004081
0.605872989 1.18618584
-0.166248366 2.16022706
-1.49056089 -0.475546539
-0.20918332 -0.91717875
1.58723032 -0.17759119
-1.46249294 -0.392648041
-0.0594421327 -1.44186115
-0.181895047 -0.429929316
-1.57839584 -1.55919647
1.98889005 -0.246583283
0.342712045 -0.668497503
-0.351335675 -0.338647634
0.999705791 -0.221435443
-0.693829179 2.63328838
-1.88024914 1.70895243
0.947234213 0.476422846
-0.177077174 0.667257071
-0.313131392 -0.23838757
-1.9189198 0.674611211
1.01816547 0.307061702
-0.563621521 1.24632919
-0.553287625 0.875538588
1.60891235 2.3724432
-1.60213149 0.646197081
0.906425178 1.32521546
1.27084386 -1.4302212
0.856550336 1.3231585
0.14148894 0.346624702
-0.252970874 -2.38481522
0.650796473 0.640650928
0.503535628 1.22814071
1.2332952 1.25412631
-3.77746534 -0.361589909
1.34467912 -0.774973929
1.37094879 0.350628525
-0.516286254 -0.143696785
-1.15155256 -0.857038498
-0.633298993 -1.67250502
0.0307498239 0.779117465
-0.104916848 -0.744189143
-0.109289788 0.905344307
-0.711837471 -1.52862978
2.22751021 1.24035835
0.16777654 -0.783320487
0.0102439588 0.0755438954
-0.598664701 0.243067071
1.78881323 1.2617029
1.44878149 -0.929172635
1.4116801 0.530728579
0.100596413 0.255373091
1.31724644 1.22135818
-0.62323451 -0.200921029
0.368590236 0.584403694
-0.616188049 0.593555331
-0.899729013 -0.913942575
1.42253578 -1.81753242
0.114667602 -0.109419875
-1.30848897 0.767158926
-2.28581882 1.88910353
-0.973363698 0.896865964
1.00360203 -0.402194053
2.1158762 0.215059102
-1.78881347 -0.52680409
1.84505534 1.01816308
1.00971603 -0.105274424
-0.254487038 -1.1734134
-0.992591143 -0.851652741
-1.64724922 -1.77485657
-1.02032781 -0.480578214
0.669045866 -0.103683375
0.790090919 2.6589973
-0.712917745 -0.0874540433
1.23245752 -0.226826265
0.762485206 -0.139241591
-1.87942123 0.172017023
-0.794047296 0.396772027
1.21199846 0.832505345
-0.374138862 0.94129014
-0.123569004 0.647557557
0.0504203588 1.81140673
1.17126191 -0.459668845
1.11370218 1.78411138
-1.43779874 1.13584876
0.295326829 1.07660341
-0.56675148 -0.59404099
-0.834988534 -1.43100548
0.232016131 1.03144908
0.408361167 -0.974320471
0.0627963319 -1.29436994
0.381687284 -0.290044576
0.698418081 0.427320421
-0.711046398 -0.137520388
0.841686368 1.31272805
-0.717387319 -0.0477963835
-0.946800053 0.222408921
0.198864371 1.11874425
-0.955288589 -0.212318301
-0.544217169 0.779023051
0.431982726 -0.0517716408
0.0146012176 1.84976149
0.596834898 1.7913034
0.55763185 -1.67176473
1.20180953 -1.66592181
0.0747039542 0.259589702
-0.973030806 1.29054713
0.683714449 0.749400973
-0.0411165766 0.0877247527
-0.435613811 1.70883
0.611807227 -0.0556284934
0.244902477 0.276293516
-1.12817836 -0.505078256
-0.11439535 -1.10870612
-1.77741659 0.707114935
0.282218784 -0.489159346
0.161195397 -1.25219071
0.211226538 0.191933528
-0.673038542 0.576874554
-0.0980263203 -0.923429906
0.659276843 -0.838650107
0.126389161 -1.35466886
-2.6777401 1.1352303
-0.104168363 -0.85822916
-0.8769539 0.883306444
1.43555593 0.736428142
0.880740762 0.295190632
0.246849269 0.306010395
0.692691624 -0.699505568
-0.509793282 -1.65217149
-0.0507339016 -0.784237385
-0.883743227 -0.19726634
0.770035803 -0.0649054721
-1.69373274 1.87185979
1.06400001 -1.33168805
-0.413546473 0.386584759
0.176219314 0.740944088
-0.151143938 -1.74701786
-0.333450437 -0.283222377
0.841889262 -1.5466243
0.165156811 -0.653246343
-0.943455935 -0.413917273
0.0678186342 0.253586978
-0.957620203 -0.195382699
0.854840279 0.40367344
0.357670456 0.0206355173
1.13817227 -1.13351572
-1.99622285 2.47485161
-1.18654156 -1.2697252
0.019569777 1.72334433
0.751633108 0.420110613
-0.211250186 -0.157118991
0.668815553 1.68566787
0.57287395 -0.279642791
0.708271682 -0.563543558
0.234816313 0.473863006
-0.810980082 -0.416181564
0.508135617 0.634315252
-0.28631857 -1.62644219
-0.675651312 1.11365032
1.25084496 -3.37390041
1.62819242 -1.88769364
0.67128098 -0.48282209
-0.497774601 1.10020673
1.7022649 -0.100999348
1.48497343 1.02804518
-0.565503836 0.336914152
0.322942227 1.28188848
-0.88567102 -1.52950621
-0.170990869 2.81823301
0.447183698 -1.13456082
-2.00468612 -0.426312476
-0.315037727 0.869056761
-0.886027277 1.31418598
0.46957022 0.217508361
-0.81893146 -0.68220669
-0.426002562 0.306883126
-0.350328296 0.630728722
0.0956548676 0.17342937
1.9631902 -2.26517057
0.979960859 -0.271416247
2.0424943 -1.57113099
-0.522044718 1.68475139
0.882484436 -1.24934268
0.832525432 -2.42025518
1.09182298 1.58063638
2.11098051 -0.0200208724
-1.93739462 2.93152118
1.76294863 0.900618911
-0.88552475 -3.12413311
0.122884162 0.627491534
-1.19886899 0.177365959
-2.37213016 0.247591674
-1.28353846 -1.34393263
0.305531859 -0.292792171
-0.997585177 0.105461687
-0.639761865 2.32397485
-0.681919217 -1.59902215
-0.499970108 1.83071923
-0.190891787 2.09909725
-0.142260864 0.476225555
1.18646419 -0.899072468
0.836886585 -0.63245517
1.59056699 0.776120305
1.15944052 -1.48292351
0.122057348 -0.0738963485
1.73779273 -0.341237694
-0.742656469 -0.682958663
0.364338785 -0.223973304
-1.0221169 1.34259307
1.81572592 0.257014394
-0.86353904 1.31898117
0.243345186 1.13802016
-1.24837708 0.985983074
-1.58120179 0.605939746
-1.23728216 -0.650607407
1.34973812 -0.421774596
-0.936063468 1.53102386
0.525366127 -0.807695866
-2.03679228 -0.585258961
0.361513138 -0.120339207
-1.13821113 -0.385736406
-1.33595395 0.288261414
-0.308593154 0.769982636
3.25461674 2.40573621
1.07158065 0.286009341
0.594358265 -1.23958683
2.2803545 -0.0643721372
0.441159278 1.86231029
1.07729578 -0.292205572
1.45010197 -1.22196317
2.33065057 -0.457086176
0.439840019 -1.35884786
-0.502499461 -0.721856594
0.356166154 2.30606031
1.9889636 1.97477055
-0.577524424 -0.958016515
-1.04921639 -3.31327081
0.515067339 -1.03725445
-0.307441205 0.00982014835
1.1603291 -1.39102435
-0.921408832 -0.88324666
-1.12207747 -0.642806947
2.26789093 0.43742469
1.27094352 1.09667206
-0.185017079 -2.20800471
1.73547697 -2.1464467
0.846471906 -1.26627445
-0.207872614 0.93989861
1.28256118 2.45825505
0.0874050334 -0.0310088061
-0.127869993 -0.549715817
-0.207740247 -0.116748273
-0.682517767 0.379119784
-0.246857688 0.408727229
1.4155122 1.4831655
-0.519953012 -0.323190928
3.14151859 1.71069694
-1.47786927 0.152160838
-0.398696691 -0.384807229
-0.763326764 -0.184961289
-0.204212293 0.320785642
0.532398939 0.605704904
0.374392897 -1.02045977
-0.835854292 -5.05524206
-2.54015017 1.07687664
0.0177595541 0.231158704
0.221832827 0.126372904
-0.512962341 -0.768734574
1.20707357 0.478851497
1.16329503 -1.02898479
-0.781553984 0.355809957
1.93402278 -0.760619223
-0.773720205 -1.48017001
0.353346318 -1.24703324
0.817982376 1.09966338
0.336989403 1.83783436
0.407755196 -1.61006343
-1.6801554 0.333016247
0.720272124 -1.34590602
0.820067704 1.10575688
1.5952338 1.35890031
1.78319478 1.18108416
0.351392359 1.15960085
0.421557039 -0.713463664
-0.548189938 0.159220576
-0.506553054 1.61807883
-0.912126124 -1.84926045
1.61585915 -0.452542514
0.977663815 1.4528358
-0.65428561 1.15556097
-0.516384363 -2.29578137
-0.607139945 1.031057
0.040859174 -2.19501376
-1.82955325 0.0264260154
-0.408746034 0.610913396
-0.518769145 0.729464173
1.44292808 -0.486460716
2.03210759 0.350901902
-1.60410511 0.633105516
-0.185756251 -0.148484647
-1.09497976 0.589005947
-0.840511799 0.466786832
0.261529803 2.27792287
-0.67960012 1.20609975
-1.59294033 -4.22728205
0.816908419 0.213931277
0.513068557 -0.176871017
-0.355916351 1.21228921
-1.20261288 -0.235686585
-1.15598691 -0.084484987
0.959503233 2.44906139
-0.246064335 -1.37089956
-1.33086658 1.17569518
0.292029023 -1.25118828
0.776759267 0.0530049764
0.527335763 -2.12755895
-0.844101787 0.898697734
-1.722242 0.309735477
-1.82372272 0.305001467
0.77385509 0.070172593
0.0559491925 1.59496546
1.60245943 1.36994839
-0.346764207 -0.519175172
0.120200753 -0.528635621
1.99130881 -0.840275824
-2.26200366 0.675026119
2.71550059 0.751334667
-0.251098186 1.04814744
0.44867757 -1.2097317
-1.38902569 0.685525835
0.474349976 0.191343844
-0.617189169 3.54094887
-0.491131634 1.85156631
-0.56811893 -1.64072013
0.254926592 -0.899377227
0.247039512 0.822584033
0.543953538 1.39192557
0.42999965 -1.82903719
-0.0603302233 -1.60919523
0.472836554 0.555155754
0.173499972 0.276679188
2.70864892 -1.28947318
-0.0039741518 -0.804613531
0.790374041 1.00604045
0.704654336 1.8542372
0.0470633507 -1.9025631
-0.125756621 1.2474153
2.07296157 -0.268979579
-0.181757569 1.33806062
1.46739817 0.731540799
-1.63407397 -0.692715406
1.46903348 -0.999263406
-0.439124018 -0.130466804
-1.19858074 -1.29012704
-0.175836504 -0.276047677
-0.154363796 1.92850649
1.39062524 -1.98148155
-1.0497185 1.28900862
-0.566797316 0.434873044
-0.387246311 -0.715355277
-0.18599011 -1.84442067
-1.03791773 0.612680137
1.23750007 1.89028037
0.220313311 -0.869733691
0.990968645 1.50612617
-1.27965927 -0.693637133
-0.343611628 0.420376837
0.910686195 2.33824968
-0.562692881 -0.461385459
-0.464138478 0.830037594
1.23020279 1.826406
-1.57242095 0.404224336
-0.159733072 -1.30565
1.35453105 0.908262014
0.299742907 0.118265584
0.555618644 1.01289725
-0.46625039 1.23815596
-0.737358987 0.904678106
0.102853507 -0.427289456
1.15227365 1.60096896
0.570167184 0.985092759
0.269928843 0.901644766
0.410092354 -0.668690622
0.095811367 0.332220137
-1.9918896 -0.949596047
1.05796432 -1.46683669
-0.844970405 0.0571364276
0.748416364 1.6300838
-1.01624358 0.942201316
-0.760116518 -0.663071871
-0.674055398 -0.741102457
-1.36404395 1.12754846
-1.30679309 0.319130599
2.54683161 0.737821996
-0.512177169 0.912272453
-0.630084515 1.57851827
1.0985297 -0.390171468
0.822752893 -0.111726403
-1.36694741 0.84170711
-1.38048959 -0.29614535
0.510190606 0.951289535
0.879984677 0.0869217962
0.494101673 0.221168756
1.47430897 1.59632707
-0.319428235 1.49221206
1.91165257 1.28175354
-0.449701607 0.970544338
0.05097102 0.17623584
0.835608602 -1.37491751
2.4618938 -0.976130366
0.0101061203 1.02732301
0.88728112 -0.0961792022
-0.0970074236 -0.190146029
-0.985953212 1.72231555
0.794996917 -0.426651269
0.379791588 0.601226091
-0.383707881 -0.793910086
0.40593949 0.211942777
-0.481932312 -0.370406717
1.36768699 -1.04441118
-1.5938437 0.358195961
-2.27829862 1.1945039
-0.0465442203 0.333658576
-0.174525961 -0.35227412
-0.88675946 -1.28998196
-1.58860886 0.117247596
-0.235197395 -0.568419874
0.71594125 -0.208947435
-0.332924575 0.716015041
-0.513468146 0.362459779
-1.3273356 0.759648383
0.0502652153 0.471729279
-1.0018425 -1.32295573
0.979148328 0.995696187
-0.975315332 0.504297853
0.0697826743 0.0418219753
-0.172729194 0.739791572
-0.200691208 1.15832675
-1.20763206 1.2117871
-1.55245602 0.219660625
-2.12857032 -1.40871024
-0.077285856 0.530145049
0.427505434 -0.626470327
-1.31107092 0.969534874
-0.629798234 -1.43044531
0.334398448 -0.257163316
0.40845108 0.342597663
0.194680721 -0.454941958
1.14906359 -1.04134631
-1.00231194 0.540539384
-1.06687462 -0.26701045
1.76241517 -2.40737605
1.18604815 -0.0940506309
-0.718300581 -1.07464182
-0.445223063 0.770267606
-2.0299089 -0.269429356
1.79377365 0.310528904
-0.273255974 -0.312867731
-0.525003195 -0.560727417
-0.552733898 -0.970895231
-0.459277362 -0.190244928
-0.454346985 2.69550443
-0.0377055965 -0.782118917
-2.830585 -0.631563842
-2.53812218 1.10349345
1.67656064 0.82915175
1.21462762 0.274204671
0.413423359 -0.0621893108
0.825193882 -1.24979949
0.702908158 1.39216769
1.66499484 1.61780965
0.247187793 -0.335436672
-1.3264389 -0.395005256
-0.366892517 0.145367548
1.6649996 -0.922496378
-1.62780845 -1.50618577
1.51905036 -0.894484401
-0.514694035 0.3644633
-0.379185021 -0.980147481
0.976378143 0.7184816
-2.93565941 -1.78521252
1.66690564 0.443623573
-1.17572081 -0.397218913
0.214957789 0.0452422313
-3.30352688 -0.0137370322
-1.0411787 0.0418570451
0.0551877357 1.12902105
0.0272608921 -0.994544506
-0.999279678 0.202476382
-0.513422728 -1.53824484
0.000251444057 0.0829980969
-0.978369474 0.347216457
0.115171753 -1.04976189
-0.0929939896 -0.871550798
-1.24349761 1.60363686
-2.78654242 -0.614524961
-0.653178275 2.40170741
1.69415867 -0.429267108
-0.502114713 -2.14374971
-1.02188718 1.41104925
-0.593497396 -0.768417358
0.145919174 -1.32286048
-1.78292406 1.95526958
-1.28925467 0.0125578251
1.2471416 -1.71270621
-0.591968954 -0.653564274
-1.39249539 -1.63389099
-2.85875154 1.69454002
-0.997211456 -0.849903345
-0.730527043 -1.85389352
0.872250974 0.978966355
-0.263570905 -0.883709311
-0.502021432 1.00875795
0.598394454 3.05406451
1.17832887 -1.08120215
-0.103602961 0.142021716
-1.90772414 -2.65422583
1.58698189 -0.899652064
-1.39927423 1.26377487
-0.50381583 -1.31113911
-1.09671056 -0.861424565
-0.559690118 -0.765078545
-0.720970511 0.346680552
0.82011199 0.19411993
1.29200542 -1.16715956
-0.388687015 -0.27704981
-0.204208195 -2.21389484
1.36653769 0.320917666
1.64369154 -1.27541935
0.823991299 -1.26542902
-3.32759762 0.368784368
4.89155865 -1.05290735
-1.3937248 0.685378611
4.06173611 -1.26151776
0.488540649 -0.303533494
-0.609891176 -0.71575439
1.29141867 0.0422420241
-0.0873948783 0.0429766327
1.22453845 -0.27139613
0.383546561 0.538019717
0.123933315 0.598169386
0.190410525 -1.35431468
0.537320614 0.359755039
-1.41975367 0.870477438
-0.588652492 0.588037848
1.49828291 0.764374793
-1.27294016 -0.0366419554
-1.1413275 0.655092061
0.114617012 0.55979979
-0.274914145 1.96563935
0.922859192 -0.740927875
-0.104135036 -0.512750626
1.42488718 -0.3656587
0.0762209222 -0.564579964
-0.674599349 0.553569198
-1.32783222 -0.283053845
-0.359193414 -0.0261151195
0.329392195 -0.603228629
0.913863242 -0.136665344
-0.419582486 -0.204706416
1.28210247 0.441477925
1.56634772 0.312879831
0.836000562 0.626104653
0.933733702 0.84670651
0.0296716616 -1.77591097
-0.857323587 0.988187015
-2.19365931 1.85228515
-0.472380489 0.10821785
1.31450701 0.57713753
1.3832221 1.4683758
-0.407007366 1.48866153
-1.31890905 -0.599173903
-1.48188806 -0.668791592
0.57264185 -0.625441372
1.37792683 -2.16055059
3.10490394 -0.00528351218
0.753066242 -0.822831094
-1.56360996 0.793104291
-2.16101718 -0.162833825
-0.178928837 -0.747344911
0.263181686 1.22951114
-0.752647221 0.410993278
-0.540984392 1.70629287
-1.26208687 0.743664443
0.133206144 0.513499558
0.799357414 1.92494178
-0.800789893 -0.62089622
-0.977102041 -1.6793946
-1.28434336 0.851953745
0.294792593 -0.432023942
1.04945087 -0.462892145
-0.79031235 1.53468168
0.484520674 2.31280851
2.53357387 -0.69121629
0.00337569788 -0.0551923998
1.32616222 -0.149971187
1.21420956 0.396802038
-0.431303948 0.74859935
0.355761886 0.0881962478
3.54602933 -0.152813435
-0.96096015 -3.58009005
-1.33826339 0.3237091
0.494237065 1.25570893
1.12370634 -0.643955231
-0.107965633 1.45355821
0.430661649 0.201771915
-2.63070083 -2.50233269
-0.0219170991 -1.01407218
0.418909669 0.345352799
0.463029772 0.926757812
0.924489141 -0.0715827495
1.41853559 0.23457104
0.206830487 0.796509862
0.362330198 1.06301475
-0.0835488588 0.560961902
0.518816829 -1.67778325
-0.450721443 -1.58934391
1.66555142 -1.19463837
-0.0385302678 -0.905158281
-0.751055658 0.171004593
-1.75218451 -0.323132515
0.71750176 1.56616926
1.70773339 -0.348737568
0.134139925 -0.505980194
-0.724560499 -0.286839068
0.604706049 1.26224208
0.15510875 1.9814328
-0.687863231 2.11963987
-0.531715512 1.00059044
0.154496059 0.912212253
-1.11412644 0.7380265
-0.816702008 -0.448293537
0.105165318 -2.58758736
-0.00140493643 0.35313201
0.275531441 1.86000192
-1.76209843 1.14578223
0.6634987 -0.211605817
-0.32144624 1.77013075
0.752508879 2.0986588
-0.414950371 -1.13006043
0.0848697796 -1.40176296
0.58333689 -0.355048984
-0.241734117 1.41885161
0.423654854 0.41462335
-0.272557914 0.798328757
1.36428499 -1.03249025
0.627141058 1.01430583
0.46231395 -0.257992089
0.0494469926 -0.726468503
1.29812741 -1.42160106
0.961935461 -0.0143196061
-0.0555291101 0.781673014
-0.285838723 -0.198840037
-0.848295927 -1.29840922
2.41251993 -1.05818295
0.541914523 0.0517539531
-2.87622023 -0.915873647
-0.963921607 -0.168722242
1.32788563 0.764921069
0.732083797 1.44501615
-1.34840751 -0.578814685
-1.36161661 -0.441045821
-0.826118946 -1.17041302
-0.507392764 1.67887902
1.10849714 0.33643353
0.326544076 -0.235544354
-0.406419426 -2.0894351
-1.05775523 0.202006385
0.770082235 1.0045861
-0.564528942 -0.711988151
-0.549318612 -2.18069124
-1.12954319 0.622629702
-1.30661285 1.11821473
0.292685241 1.25192499
1.05469203 -1.46864748
1.75278199 0.868409634
-0.00898951571 0.971004784
-0.108695664 -0.16083616
-0.26623106 1.29393649
-1.36299145 1.20071721
-2.72069907 1.23179519
-0.898217916 -0.460858613
0.945425391 -0.252216697
-1.09889066 -2.38008881
0.0514095724 -0.782667756
0.577438593 0.32217738
-1.04081452 0.987087011
-1.13280487 -1.64108443
2.81432533 -0.144209251
-2.22364116 0.971673965
1.51455796 -0.169739127
-0.850240588 -0.0517669432
0.362213999 -1.00641298
1.27739549 -2.03224778
-1.80219507 0.361935198
1.33087564 -3.76891899
1.21368349 -0.299885452
0.861986697 -0.847590923
0.483022094 1.88326347
0.326227129 0.383430421
-0.280551583 0.821436405
1.20034289 -0.0749854818
-1.68453074 0.0701573938
0.949232578 0.478460193
-0.728981078 -0.208014846
-0.762847543 0.456842124
-0.451880872 -1.08932233
-1.17454326 0.850906253
1.34269059 -0.784516394
0.642490387 -0.576108515
-1.02769864 1.28667152
0.689395308 -1.30258763
-0.872358918 -1.27027154
-0.196906924 -0.586053014
1.02639961 1.2083019
0.215806216 2.11510992
-1.0675056 -0.367368162
-1.39370656 0.299537778
-1.11433792 -0.0425616205
-0.281952024 0.537885368
1.65264511 -0.424961925
0.0191702396 0.567028046
0.0851201862 0.500621021
-1.48540807 2.20263052
0.155935451 -1.5167048
0.395994306 -1.76687932
-1.36594331 -0.678650618
-0.123766281 0.11985492
-0.0287490804 -0.096143432
0.874836445 -0.539940357
0.120898455 -0.469622761
1.55513561 0.698792219
-1.02939904 0.793668032
0.275983363 -0.336684555
1.77501464 1.72158408
-0.109262377 -0.270251185
-0.491387963 -0.402098775
-0.249220446 0.418571442
-0.491923779 -0.111077622
0.730593741 1.04384172
0.612197697 -0.273812532
-1.03016663 -0.360464334
-0.455965608 -0.1482476
2.22110558 -1.65408027
-0.131739631 -0.741998076
0.165603474 -1.79597831
0.615089715 1.7767179
-3.23990631 -0.512512922
-1.4712894 -1.57282734
0.085672833 0.109404743
0.649323583 1.41616428
-0.628257811 -2.01070356
0.456996262 0.13154684
-0.396855593 -0.0493402146
0.787163615 -1.27233183
-0.217754185 1.18410206
-1.14480639 -0.572143316
-0.746248603 0.767544687
0.284882337 0.0691252053
0.135122985 1.84222758
0.939591885 0.998871565
-0.224386513 -3.04606891
-1.1264751 -0.121029273
0.122293897 1.43458104
-0.310190737 0.29582119
-1.6204927 -0.17096059
-0.632035017 -0.160469592
-0.73641032 -0.908376634
-0.807899356 0.226638794
-0.0923438594 0.146611825
1.34018588 0.177464038
2.90996218 1.30549133
0.00723254122 0.042521473
-0.887513399 -0.868244708
-0.737522483 1.0608418
-1.43429089 -0.44065395
1.11276209 -1.26317275
-0.498909533 2.26405191
0.723531604 0.687694907
0.936991513 -2.37731266
1.431427 1.08670235
-1.06077707 2.84685349
-0.289952666 1.09208095
1.03052282 0.801387846
1.19730079 -0.436092496
0.0818009675 0.352500737
-0.891142547 -0.429136127
0.149061084 -0.930873215
-0.542990088 -0.100151181
-2.52680588 0.296711564
-0.260241419 1.50296533
-1.10318565 -1.88669837
1.93694818 -0.28827703
-0.848350585 1.05368876
0.0919875652 -0.64938724
0.30594644 -0.49846068
0.0512203798 -1.08751261
2.46606708 0.973895371
0.889617562 -0.101313591
0.387483776 1.36483538
3.33800745 1.26655877
0.504097402 -0.221719384
-1.65606499 0.154939398
-0.495669216 0.295456201
-0.398103297 -1.0686022
-2.01088595 1.29953206
-1.23170042 0.149890363
-2.6261816 1.53056669
-0.71176666 0.457691222
0.925953269 0.280192882
-3.02158022 -1.9758147
-0.010015646 1.12486851
0.519167006 1.41452467
1.67067492 0.192193508
-1.93300354 1.02825069
0.855093896 -0.645632863
0.835348964 0.00869387016
-0.884677887 -0.635613024
0.77422905 0.500189006
0.0253218617 -0.829701781
0.407086521 1.17222261
1.85828245 -0.964015126
3.08582878 0.697134793
-0.168201894 -0.252097309
0.210257024 0.344370872
-1.34243608 -0.934125423
-0.419352531 0.00881967321
-2.31138396 -1.89022183
-1.74951875 -0.396522999
-1.19511557 -0.813283801
1.36306179 -0.0552969351
1.99344778 -0.892900348
2.34645963 0.292040825
0.0412649177 0.565814376
-0.120651834 -0.0764363557
1.06241035 -0.532314003
1.51787651 -0.20233117
-0.15857397 -0.975369751
0.332478225 -1.0513252
0.90911901 -0.0428122655
1.13032568 -0.246299878
-0.276133686 0.714216113
1.01602209 1.6271565
0.896495223 0.912487864
0.680928409 -0.198945537
1.57027268 -0.89115572
-0.163924724 -0.172620401
1.11753857 -0.498934984
0.592613161 0.286018491
1.05848753 0.834966063
-1.7468487 -0.0118722543
1.04736114 -1.25570321
0.389683247 0.723872781
0.138817355 1.41544223
0.0347047448 0.221562624
-0.643737078 0.564957857
2.12801051 -0.0796560943
0.134358019 1.98014319
-0.143891484 2.69460988
0.246203989 0.289360225
1.75373006 -0.420329064
-0.475255072 -0.115527973
0.950205386 -0.577270746
-0.905745804 1.1729449
0.620769799 -0.797338247
2.06905246 0.21248433
-0.0997715518 0.112986773
-0.152879775 1.00362778
0.269690096 -0.179156348
1.67664278 -0.583237112
0.270102233 1.98298466
0.508209169 1.01412666
2.95648336 0.408461928
2.1452179 0.365831017
-1.74599326 0.507457554
-0.792589247 -0.487406313
-0.911136687 1.71444094
0.629925132 -0.246416882
-1.89354789 -1.09379828
-0.566666126 -0.215883017
-0.847346008 0.734845817
1.43406594 -1.69775784
-0.651840329 -0.0280349739
-0.472471297 -0.21748516
0.789504349 -0.709914684
-0.734375298 -2.05609345
0.102622077 -0.48143822
1.38446045 -0.0806091502
0.0317924581 1.76049995
-1.11656582 -0.540267646
-0.549160719 -0.0698415861
-1.2379421 -0.432123065
-0.50402987 -0.165852517
0.0166886002 1.49308991
0.540333152 1.22864687
1.15093827 -0.177389085
0.092289485 -0.776546478
0.169928119 0.431787878
-0.114441693 1.73632741
-2.68934941 -0.429542929
-0.0273462478 -0.4358733
0.984865367 -1.33235955
1.61592352 1.55910337
0.329465687 0.845323443
1.02402151 0.243512809
0.220942631 1.36736321
-1.61721516 -0.322348803
-0.730232835 0.407027423
0.592195213 -0.0859203637
-1.02687514 -1.51630592
-0.357048243 0.354915917
1.67052162 -0.271672964
0.515015483 1.66691315
-1.58874965 0.152749509
0.94896394 0.00162736699
0.671339273 0.650420666
-0.94264406 -0.814472139
0.385143936 1.72610223
0.0295691062 -0.925040483
-0.0132211363 1.26742327
-0.514674544 0.443030298
-0.677340806 0.797041774
-0.320463508 1.66870284
-0.965202093 1.50182486
0.152328998 -0.982899845
0.403387845 0.0809307098
-1.10376966 -0.769266963
-0.429090917 -0.806660175
0.938111603 -0.25772348
1.97216702 0.301784903
0.115878776 0.428138822
0.0314981937 -0.841356754
0.807226241 -1.76603734
-1.35188532 -0.847877681
0.341313094 -1.39733708
-0.485108376 1.13453376
-0.26610595 -0.120508626
-0.868870437 -0.538573146
-0.373984247 -1.27571237
-1.56068945 -1.21678567
1.70127773 -0.479813129
0.811416686 -1.74163628
-0.951824248 0.177803829
0.234072447 0.917648673
-2.02794933 1.12993801
1.70532155 -1.66230488
0.0832044929 0.033402741
0.180563286 -0.630405188
-0.290484399 -0.989206016
1.46178174 -0.903648019
0.335554034 -0.84934324
1.55597019 -0.801647544
1.93250513 -0.717323184
-1.866009 1.25381649
-0.982908905 2.08437324
0.569706619 0.181112304
0.156840011 -0.971313
2.01130962 -1.7963078
-2.02741718 0.722055495
2.14407706 -1.24353206
1.82232606 -0.0439765118
-1.30406368 -1.35357487
-0.0612023547 0.0493729524
-0.378696769 -0.706740558
-1.689785 1.07505286
-0.781424999 0.238435313
-1.99303758 -2.18091154
-0.044814568 0.667961955
0.562449336 2.31489587
-1.31213629 -0.473001003
0.992012501 -0.537885904
-1.29134941 0.0758888423
-1.18256974 2.43158126
0.487649173 0.403661489
-0.41184929 1.84051251
-0.703232408 0.00932372361
-2.1011188 -1.95082617
0.339918405 -1.58333385
-0.632069111 2.62363672
-1.22544897 2.00895381
-0.190484107 0.486117482
1.88438261 1.8736062
-0.36662963 0.116773896
1.93520939 1.04359555
-1.04901886 1.15953946
0.83309263 0.15343374
-0.329065949 1.60899866
0.00383692794 0.0224106666
1.08034253 -1.74953341
-0.941987395 0.855689228
2.72711396 0.606968462
-0.567828119 0.216214269
0.213125736 0.199228019
0.569265723 1.22726607
-0.100407049 -1.00566924
-0.55322814 0.274135172
-3.06052732 -0.104038991
-1.04702067 -1.82889473
0.103183009 0.691256523
0.141775072 -1.22273755
0.378827721 -0.214807242
-0.176997975 1.04149759
-0.370037079 -1.04116511
-0.594044566 -0.266903758
-1.10775471 -0.578870773
-0.0831225067 0.443153232
-0.297405392 0.319959521
-0.750457764 0.978528082
0.0287921447 -0.297277361
0.0592885129 -0.308501303
-0.58863157 0.344004899
-0.279474437 1.45614529
-0.0346962512 -0.78686583
0.525142014 0.217138544
-2.82956815 -0.196988225
-1.50516129 -0.381279022
-0.125970528 -2.24863815
0.164344639 1.8995477
2.09222794 0.545236528
1.68460178 0.329788566
-0.625077486 1.90034032
3.02646422 0.603569269
1.36632025 0.41200918
-1.00112247 -1.22917306
0.635598898 0.0534959584
0.972204089 -0.21078974
-2.04356217 -0.592777729
0.0589260161 0.428016931
0.810315907 -0.391264588
0.32769075 -0.21943219
-0.515405118 1.40448689
-0.808241844 0.443842888
-2.26591659 0.0868983492
0.55746752 0.15835008
1.03820765 1.40220809
0.353076041 -0.509838223
0.326322526 -2.6295352
-1.1895678 -0.153898463
1.93374336 1.92019248
-0.0171510819 0.662203908
-1.08326232 3.0155561
-0.232943326 0.43655023
-0.566892982 -0.409264952
0.308423907 0.208613634
-1.00524104 0.0480334796
1.01187336 -0.0448431559
0.151614383 -1.31326413
0.642139256 0.175097883
-0.271332353 -0.758256972
-0.0574630834 -1.28442454
-0.207982421 -1.07691181
-1.46064556 -0.809102416
-0.172779784 -1.46421003
2.72185111 -0.618260264
-2.52079582 1.17444444
-0.237890095 0.332728326
2.26137304 0.0836385787
1.10057545 0.69667238
-1.04490435 -1.09954202
-0.676860929 -1.64389801
-1.47263038 -0.0763640776
1.04321849 0.666644514
-0.298454374 0.453407526
0.0486408547 -0.804244697
0.222269639 1.45973206
-0.0111520179 0.295016408
-1.46263933 -0.245225608
-1.23005545 0.0232807063
-3.75057459 -0.123532102
0.458777845 1.3936125
-0.484639883 -0.51730299
-0.3787269 1.82871532
-1.16906106 1.19118667
-1.38651848 -1.40591216
0.391451627 -0.844686747
-0.694097698 2.03395033
-0.000250214711 0.585890293
-0.337703794 1.12149608
1.63749802 -0.0582614355
3.38607407 -1.57826316
-0.0247127153 -0.190321267
-0.246539488 0.114093825
0.106695317 0.368494868
0.605100989 2.98766708
0.0308120288 0.540921748
0.124509089 0.030804608
-1.01763034 -0.3636567
0.150614828 -0.150960565
-1.24084628 -0.120894
1.8523227 1.29434156
0.660984337 -0.835251033
0.887150884 1.36983168
1.33065832 1.62827897
-0.352639079 -0.0348956808
0.345809042 0.71591413
-0.769703329 -0.963939428
1.75735807 0.0303009581
-0.245763212 0.386241168
-0.505764723 -0.145879641
1.33651066 1.51142979
0.601575255 0.271815151
-0.54792583 -0.162702873
0.160353124 -0.117876016
-1.65697038 0.244449466
-0.592286348 -1.31679273
-0.839796901 -0.380436957
-1.64118695 0.398481786
-0.301527649 -0.276346684
-1.02298391 0.265884995
-0.149106383 -1.08017755
0.803677976 1.26852679
-1.08048737 -0.215989649
-1.58087063 -2.24495244
0.0503078997 0.89255929
-0.31210649 -0.323342383
-1.30481958 0.561614394
0.796817541 1.71062338
-0.846529305 0.535668731
0.0295896642 -1.61581922
0.134787425 1.04599428
-0.414041191 0.0927953869
-0.955483735 -0.281285524
1.13032186 0.654586732
-0.715889394 -2.74336362
0.0179040283 0.984010994
-1.26402998 -0.284824222
0.1926139 -0.397489339
1.1991626 0.29703927
-1.52619565 0.753729939
-1.15220189 1.48352015
-0.316793621 0.521521509
0.250366211 1.1366111
-1.03481019 -0.216691777
0.167844623 1.7879833
-1.84578824 0.857558608
1.72537339 0.743155539
0.406255245 0.189861029
1.12088275 -0.394585013
-2.03345108 -1.65160143
0.0870078802 1.50002813
0.552917957 -1.4132508
0.257832706 2.3831501
-0.739125788 -1.74632871
-0.02586863 -0.374491245
0.920393527 -1.09098411
0.286037892 1.88391316
0.955395758 -0.408245116
-0.673806727 0.560890734
-0.332008332 0.0761282593
0.389560848 0.997077346
-1.43082666 -0.132532895
-0.106527954 0.0454618409
2.60506153 1.83844829
0.0168843195 -0.734547257
-0.101353534 0.653850138
0.86824888 -0.675923645
0.267811 1.42443061
0.358597815 -0.661299706
-0.202892989 1.11087513
-0.49061051 -2.0181675
-2.4741261 -0.630009055
0.338513404 4.19607639
-0.726388216 -0.319116235
0.450705618 0.666706383
1.33671618 -0.61109519
-0.668148577 0.200888753
-1.96147537 1.0347681
-2.14365578 0.128823847
0.61245364 0.351490021
0.603023589 -0.113136157
-0.710754991 0.0465418398
0.633554637 -0.140964717
0.161243901 -1.13149142
-1.12254739 1.01956761
-0.687540114 -0.00520783663
-0.578299582 -0.353791922
-0.11039789 0.485755682
-1.20234191 0.261528999
-1.4247036 1.60857296
0.589583814 -0.493246883
0.165223256 1.23450553
-0.440162718 0.616461754
1.33872509 0.841467917
0.748199463 -0.0252264626
-0.165013164 -0.137864053
-0.451365829 0.557373106
-0.571062267 0.631734014
-1.22449017 0.393094361
-0.30958578 -0.285079747
-0.688751459 -1.34387696
1.06786764 0.928393602
0.49430865 2.03925061
0.176475763 0.360209346
1.01037776 -0.0228491314
-0.265171409 0.190835997
-0.314981639 -0.155818045
1.08513117 0.213173985
-0.941899538 -0.311860979
1.72545111 -0.128588319
1.1150862 0.561953127
-0.427965492 -2.06041837
0.888080835 -1.47800553
-1.45959556 -0.245354503
-0.437761813 -0.73410368
2.11593628 -0.869468391
-0.133526146 0.762371898
0.971354246 0.893576503
1.19899225 0.616128922
-0.348931372 2.14315557
-0.855315685 0.411206484
-1.56964827 2.28486204
2.51631522 -0.412491024
-0.336567372 0.319700092
-0.89937675 0.204768568
2.52620196 0.565571487
1.07750332 -1.36979628
0.587154686 0.641590834
0.235417679 1.93296909
0.57119292 1.09786189
-0.515534401 -1.26791835
0.641730607 -1.28148305
0.960711598 0.410718948
1.50489211 0.550642073
-4.07214928 -0.730014205
1.7041769 0.946207047
-0.934278667 1.02313495
-0.349349558 -0.908635378
0.201308727 0.964057505
-2.15559888 -0.292833537
2.79049969 0.0503416285
-1.66315341 0.612010479
0.636983812 1.09409046
1.3230139 0.420539796
-0.723412097 -1.95090973
-1.5853461 -0.251432478
-2.03119063 1.9891727
0.696557343 0.38128224
2.94716311 -0.111966483
-0.532374084 -0.130642131
-0.712987483 -0.629768014
-0.946152568 -0.193894833
0.333958834 0.427167088
0.170896217 -0.645482719
0.760738611 1.05382121
-0.840825558 1.30199409
0.2794756 -1.25779033
-1.24883282 -0.412874371
-0.789136291 0.96168828
1.13196898 -1.3834095
0.0795558244 -0.36077103
2.87975454 -1.12320185
0.559006751 0.311857462
0.303454369 -0.984565616
0.455265731 -0.278977066
1.48343062 -0.195165291
0.653651237 1.66800773
-1.37869155 -0.920978487
0.282939762 1.08886182
1.49637234 1.47616172
1.42127645 -0.248972967
0.268434972 -1.10003543
-0.238657653 0.903995335
1.83427334 0.678896487
0.0280423909 1.32900786
0.905841351 0.00995507464
-0.117329471 0.739740133
-0.110538706 -0.425854027
2.32852197 1.20560014
-1.09086823 1.78210425
-0.0947660357 0.607123137
-0.035864085 0.860880792
0.531940222 1.10162938
-1.39347744 -0.451717854
0.723752499 -0.338730663
-1.06656635 2.3618691
-0.245970964 0.135434687
0.102577873 -0.0968250036
-0.534005523 0.541234553
0.808255792 0.170854121
0.631947398 1.2929889
1.61231971 -2.38039994
-0.369603932 0.583352745
-0.927000999 -1.52182484
-2.63443613 -0.177717999
-1.04780877 -0.24101007
-0.376722336 0.662708223
1.84897172 -0.110077679
-1.90264499 0.48649922
0.37695998 -0.932199478
0.834409773 -0.265197694
1.98698366 0.430155337
-1.52439332 -0.602046371
2.81146455 1.55280864
0.183162451 1.95515835
0.174456656 1.51085603
0.124249108 0.822792172
0.954969764 1.14464223
-1.23989844 0.116098896
-0.963094473 -0.738320708
-1.55448604 1.00650024
0.00920329429 2.47232413
-0.879538476 0.912618279
-1.67759633 -2.55246782
0.420110106 -0.403157264
-0.729816496 0.842586696
-0.408826768 -0.47073856
-0.834836781 -0.697500527
1.19797742 2.49076009
0.116222747 2.92449498
0.828081727 0.496779561
0.788102448 0.618448317
-0.763080537 1.08654749
-0.568410039 -0.2619991
-0.906039596 -0.0263220221
-0.256672919 -2.19726062
0.529161572 0.279109955
0.60242641 1.34576964
0.530383885 0.193327963
-2.42916465 -0.765615582
-1.15575099 -0.72849369
0.606717169 0.581337452
0.338485062 -1.29265201
0.76079464 -1.90639913
-0.150539771 -2.41124678
0.719454706 -0.128079578
1.92765141 1.47951472
0.91664952 0.563706875
-1.76315057 -0.012502104
-0.213476121 0.418290913
-0.619148493 -1.57712948
0.899031878 1.59511781
0.580563307 0.673447847
-1.30534697 -0.0601127557
0.323760569 -1.31458688
1.73531485 -1.14481533
2.47614551 -0.133821547
0.27660799 1.73951471
-0.553880453 0.974701107
-0.414898932 -0.0746846348
-0.684908807 0.532355309
-0.632326365 -1.1862309
-0.266461909 -0.633570373
0.416077793 -1.10142076
0.688734651 -0.00594769791
-0.765099108 2.31667995
-1.40677333 -0.565230787
-0.791122794 0.569672763
-1.77840066 0.833733082
-0.828041434 0.398800194
-0.226366043 -0.362615019
-0.719839633 -0.823494256
0.64071101 0.361299396
0.431621909 0.198531151
1.49604416 0.486186832
-0.724966764 1.30981302
2.4006741 -0.228389159
0.718411863 -1.93363214
0.0117117083 -0.202207357
0.0935033709 0.963153541
-0.654877841 0.190528601
-1.16892445 0.428616703
-2.29065156 2.13831043
0.58306706 2.25805378
0.469870299 1.03150868
0.207224905 -0.258992374
1.08785856 1.72469151
1.27499807 -0.165091172
-0.810527682 -0.836461961
-1.18595815 0.682069719
0.258887678 -1.19146335
-0.226328909 -0.431099176
-0.290157735 -0.023834724
0.948073268 0.815520585
-1.60039663 -0.398933411
2.68353128 -0.32453078
-0.65924263 1.37323546
-0.369176805 -0.381836027
-0.257453084 -1.49402988
0.806572914 0.791010678
-0.399110794 -0.396560401
-0.154987127 0.22435163
1.04835844 -0.113164082
-1.26016021 -0.0495983362
1.14087355 2.17579794
-1.28459454 0.374152601
-1.53936744 -1.60000098
-2.42627215 0.54166609
0.170125827 1.57320929
0.45590505 -0.388776839
-1.29990137 -1.45330334
1.33382356 -0.440280408
-1.04081833 1.83612609
0.688016176 0.798204124
-0.716156304 0.381857902
1.55515695 2.24319482
1.57133818 -0.144725516
1.54890573 0.186643526
0.313893706 1.05374479
0.766408026 -0.452168077
0.0125606572 0.800558627
-1.54535854 -0.25193277
1.97646594 0.578917801
1.27730572 -0.360501051
1.73086202 -0.282162637
-4.31478691 0.261339307
-0.667912662 -0.146500811
2.0588603 -0.0882368684
-1.67732882 -0.294187039
0.999189138 -0.310412586
1.71812832 -1.19964147
-0.684100509 -0.69739753
-2.02193618 0.605101228
-1.60591066 -1.50636578
0.782683194 -1.31870842
0.810763001 0.125929192
0.29533729 -1.0396409
-1.09902954 -1.00758541
-2.11547184 1.36560977
0.117070131 0.805880785
-1.18646872 -0.337329477
-0.252611637 0.683098495
-1.81310165 0.811543584
-1.0414449 0.80720675
-0.0523421019 0.358614206
0.50003469 0.11931026
-0.120121948 -0.700613737
0.571031213 1.28163624
0.88915503 1.18109941
-0.360065371 0.65826267
0.317967445 0.51240325
-1.73045278 0.321378708
-1.2666477 0.504443765
-2.04990244 1.26482689
0.791488469 0.722541809
-2.22210217 -0.227200285
-2.37256241 2.70397043
-0.979551196 0.614853501
1.0291189 -0.313062042
-0.398488909 0.822132707
-0.0790121406 -2.38951945
2.26707029 -4.00444698
0.044438839 0.584201276
-2.33642864 0.516263366
0.201879695 -1.11678731
-0.842089713 1.6281873
-0.334791958 1.4560411
0.0373344719 -0.225780815
-0.115634173 0.824044108
-0.782525301 -0.0815762579
0.933654666 -1.10994935
-0.448444933 0.0996407866
-0.630656123 -0.505561411
-0.917051017 0.468922913
-2.48953676 -0.722973347
-0.443769485 0.531865835
0.134883761 -1.07866168
1.13345313 -1.18674493
-2.07420874 0.185440868
-0.288024366 1.54351127
0.642846584 -0.121035904
0.192165151 -1.7572093
1.6602385 -0.17866376
0.481725812 -0.387502849
-1.54758358 -0.0444920957
-0.0902309492 -0.645064652
-1.46952701 0.305814952
0.686362743 0.573286295
0.209615588 2.1924243
-0.315277457 1.22370839
1.34425855 0.653966904
-1.79631007 0.440045059
0.794878006 -1.62633514
-1.6728543 2.35850072
-1.873034 -0.210968539
0.264454782 -0.155879244
-0.60060966 -0.341348261
1.28126669 -2.24120545
1.22157133 2.31875849
1.2455678 -0.123349234
0.174774483 1.20605052
-0.731606066 0.546827793
-0.00360334851 -0.416602075
0.0768684223 1.37777293
0.584275723 -1.22582245
-0.162694231 -0.536749899
-0.163540855 -0.689124525
-0.304486185 0.620569468
0.679748356 1.17058408
-0.882856965 -0.505601525
1.06224144 -1.75403428
0.41885826 0.386377454
2.73221684 -0.0167457275
-0.159358472 0.99994725
0.947956145 0.0258965138
-0.580345035 -0.162088409
-1.09646392 0.304781139
-0.938538194 -0.429849714
2.20969057 -1.40741384
1.92561865 1.04778707
0.710297227 1.31777632
-1.45730114 -1.10442877
-1.91509926 -1.69332397
0.00150264334 -0.631677687
-0.404370219 -0.790667176
0.531262219 0.0166884288
-1.13709033 0.973593593
0.269472986 0.989760637
-0.0311294086 0.309622347
0.771875679 -0.587379158
-2.89486194 -2.50039601
-0.975659668 1.21807027
0.675137341 -2.83891487
0.120157354 -1.35754442
1.13548899 0.214574799
0.806216955 -0.198456228
-0.793611109 0.374453753
0.0692660064 -0.485473841
1.59232438 1.2661798
1.2409724 -0.726675391
0.360580087 -2.56156945
-0.841161728 1.38488829
1.09253991 -0.466777831
-0.624999344 -0.838459194
-0.497865587 -1.12707961
-0.245457947 0.557277441
-1.17225564 -1.57894623
-0.475285351 0.870669842
-1.17210138 -0.935793936
-1.00265455 1.27112198
0.351655722 2.08179235
-0.828952909 1.43059969
-1.00333822 -1.25762832
0.666977108 1.3300885
0.403624386 -0.367434651
1.90181303 -1.35318589
-0.311420679 -0.0291106962
0.381414324 1.618204
-2.95244741 1.33996701
-0.848061919 -2.95748234
0.0919491872 -1.77475548
0.522307038 -2.11074758
0.0758466274 0.140063748
-0.99342972 -0.169763222
-1.05861557 0.189304426
-1.67418563 -2.4797709
-0.294316053 -0.964173973
-0.676825106 1.43161559
-1.50025868 1.29403412
0.0572360307 -1.28224611
-1.45331252 0.507683754
0.320837677 -0.278349906
1.14777923 0.227981642
-0.190254271 0.596068919
1.27204978 -1.18640065
1.22640252 0.436592162
0.317079246 -1.17965162
1.89875615 0.225528866
-0.759935975 0.0524666943
-0.63688767 0.280118823
-1.14158118 -0.248736411
0.774012685 -0.360212713
0.876128972 0.152418107
-0.185290277 2.6163764
0.419714779 -0.286128908
-1.39008272 -1.56358099
1.49928224 -1.01360536
-1.41085792 -1.80349195
2.14362407 0.692463636
-1.26091731 0.686481595
-1.06424844 0.470149279
3.5106895 -3.51804662
0.569102943 0.5073874
-0.940834761 1.59969962
0.382277727 -1.00694907
0.332688481 -0.0475540385
-0.109224409 -1.39966965
0.613767982 0.866747677
-0.0619038679 -0.0355160683
0.855407596 0.985836029
-0.942433417 -0.0659677908
-1.80043733 1.99427867
1.01968622 0.439824522
-0.713728428 0.302757651
2.82602453 0.263036251
0.282776117 -2.45486736
-0.350143969 0.295815617
-0.028160613 0.529249728
1.08680403 0.0539889038
-0.606843293 0.618044496
1.14960992 -0.6595155
-0.287843645 0.204998285
-1.38414502 -0.216399357
-2.95738196 0.55163312
1.59338915 -0.471589386
-0.613372564 0.182875156
-0.365917116 1.32477188
0.926972508 0.325947165
-0.0519579872 -1.71846974
-1.24732101 0.0815339088
-0.743168712 0.36579144
-0.760064483 0.371800065
-0.401531756 0.953821599
1.33671916 1.158234
-0.695398986 -0.24697198
-0.898161411 0.990334511
0.0973851308 1.35602236
-0.321022451 -1.69572926
0.201407045 0.496137679
-0.174476907 -0.0488381051
-3.14197063 -1.41078079
-0.59087348 -0.352466732
-0.758305013 0.946427464
1.75279355 -0.42622444
-0.683916569 0.600074291
-1.15390754 -0.441439152
-0.394145608 -1.11865032
-1.20824325 -0.469329298
0.582525492 0.584766805
-0.773359716 0.290390015
-1.53502667 0.326330483
1.19465256 -0.784356833
-0.885494888 -0.0835138932
-0.0593686476 0.0214434471
-0.613654017 0.687615812
0.31452623 1.68183446
-2.45896888 -0.193125576
1.68863809 0.619445622
-1.44393384 -0.672809243
-0.719672561 1.82822001
-1.52981472 -1.18593717
1.2633934 -0.776996136
-2.77839661 0.368789136
-1.02877665 0.458156288
-3.2851069 0.119902179
0.960778594 0.555397272
-1.8552748 0.0961452499
0.473847538 0.59360224
2.74586463 -1.13662493
-1.30273509 0.0636630505
0.339484215 0.785640299
0.876668751 -1.65010631
1.94017553 -1.39525735
-0.508282125 0.0215388518
1.65181005 -0.340447187
1.22085273 0.0813195109
-2.50426364 -0.718482614
0.869956851 -0.188343495
0.291186452 -1.56908715
-1.28554082 2.56607008
0.430114061 0.841768086
0.786136031 1.71485889
0.924537122 -0.614206791
-0.234785527 0.314163923
0.630978107 0.588562131
-0.0782207325 -1.78774118
-1.44885969 0.298344433
-0.923798203 -0.245422348
-0.41924566 -1.17531073
0.573773563 -0.108969495
-0.959530056 0.432113469
0.199182928 0.583753765
1.47694814 -0.376328647
2.1672771 1.28080976
-1.25103807 -0.0623971894
0.550600529 0.676908314
0.975100279 0.365519315
-0.535251856 -0.959887207
-0.794508755 -1.73183489
1.09115231 -0.713718712
0.00613856036 -1.44526708
-0.0290275067 0.267361343
-0.141383469 -1.64890969
-0.811592519 0.489800751
0.620753288 1.73577619
-0.187263936 -0.736382961
-0.167870596 1.41438758
-0.133104429 -0.503644407
0.248442546 0.959761739
0.858640194 0.955411494
-0.162014797 0.506096542
0.633997977 1.13531303
-2.15514088 -2.01610303
0.169829175 0.990253866
-0.150449961 1.70494103
-0.304952711 0.00183863193
-0.834119797 0.676600277
-1.27924728 0.120247379
-1.47478402 0.197222739
0.521422803 -0.0807294101
2.02748346 0.329136789
0.321626782 0.244436398
-1.02694905 0.123256072
-0.76824224 -0.812645614
0.334257334 1.26622415
-1.27255225 -0.31727773
1.38521063 0.430663526
-0.30151543 1.12432086
2.08296061 1.87058926
-1.11632812 -0.306075841
1.93979263 -1.00455666
1.2467593 -0.445801318
-0.321345806 2.11479235
-0.213763535 -0.649831176
-0.155286312 -0.791884363
-0.768339455 -0.0371775627
0.0861773938 -2.058743
-1.3807776 0.893419981
-0.0758193135 -2.3975606
2.87329912 -2.36829185
-0.104521334 -0.125886202
0.0649861544 0.545528233
-0.0535655245 1.2056334
1.19222558 0.641992807
-1.40295732 0.827990949
0.60384196 -0.692863166
0.330489606 0.726634085
0.608429193 0.221994102
1.08091223 1.3905828
-0.850695431 -1.17383981
-0.549726903 1.2892698
0.00707427319 -1.56628489
-2.23590755 0.00561718643
1.04017925 -0.199809879
-1.18582535 -0.450361222
-0.990518153 1.17722797
-0.912427425 1.79785109
-2.27854013 0.415344477
-2.07155061 -0.376985878
1.37326789 1.98575962
-2.30206633 -1.54093874
-1.39391005 1.53322625
0.284722388 -0.297291726
1.18253362 0.426524371
-1.92393041 -0.75292784
1.25690901 0.318199366
-1.20763075 0.750371695
-1.30277789 0.846515059
2.02546978 0.628710449
1.44126701 -1.65949857
-0.919633746 0.771061778
-0.378275514 0.0871869773
-2.10224915 -0.288996816
-0.689134657 -1.0373708
0.437947333 -0.0198720172
0.917794943 -1.58375466
-0.567548394 -0.344095618
-0.189113051 -0.87654531
3.68344975 -2.81049895
0.352480412 -0.249142215
-0.199240386 1.08090222
-0.444583118 0.658361435
0.123717889 0.291389883
-0.227158532 -1.23382545
2.00799751 -0.0470018946
-0.544246137 -0.449978501
0.0189408697 -0.721281111
-0.396544755 2.90770745
-0.132274091 0.970349073
-0.807068169 0.613703787
-2.71558905 1.92113638
-0.96275574 -0.956821263
-0.831021428 0.444016129
-0.652500987 1.34955049
0.0237135999 -0.566472888
-1.16717696 -0.10743361
-0.671573162 -2.05796981
-0.926943421 -0.382812053
2.42505956 1.37325573
0.431905806 -0.473908722
0.185886309 1.90201521
0.724518001 -0.719004869
0.232545689 -0.461370766
1.53397095 2.56541824
1.0284605 -0.645603299
-0.520566225 -0.426892847
-0.360555172 0.986474395
0.18897374 1.07571983
2.74302125 0.0452642553
1.23977113 -1.24191475
-0.75161159 -2.05690384
-1.21819472 0.405156672
0.635346532 -1.07894373
0.959837079 1.05845523
-0.348811209 -1.81345344
1.36216927 1.62110782
1.92860281 -0.657828569
-1.21597815 0.25477311
-0.905797005 -0.514740407
2.27432561 0.564961195
0.77962935 1.04058278
2.96078444 -1.26055181
-0.23353605 0.296434313
0.0878019705 -0.613755822
1.20110917 0.456855476
0.820732057 -0.691836417
0.497082949 -0.330068976
-0.288311213 0.669831514
-0.911681473 0.243822858
-0.0881369039 0.485294104
-0.0537125766 -0.09353479
-0.134821162 -1.42672169
-1.18018806 0.404796243
0.0872018486 -0.360273272
1.03628385 -0.92204833
1.13642585 -2.84155107
1.46953058 0.409031123
0.146806836 -0.42763862
-0.671024799 -1.43132305
0.00327177066 -0.876872838
-0.442702413 -0.173626795
-0.576300323 0.0746581033
-0.408829838 0.51347363
-2.25327015 0.0114480462
0.284823507 -0.938067019
-0.444803029 0.0306451619
1.10517395 -0.540851772
1.16013026 -0.112429433
1.31842542 0.686263442
-1.08000958 -0.0551914573
0.711858571 -0.398619533
-0.44609499 -0.7911852
-1.35584807 0.575177312
0.779523969 -0.12650618
-1.48315334 -1.46012831
-0.234010547 -1.02996397
-1.54588187 2.22544575
0.0083719492 1.02170944
1.35668647 -0.142828882
0.897604883 0.224081457
0.188324243 -0.886213362
-1.0872277 -0.439955086
-0.297284335 -1.46415091
-0.0431399941 0.63443023
-2.19707227 -0.420010328
-1.13232553 0.409508854
-0.0259883665 -0.773480654
1.13168454 -0.0122678727
0.441930771 -1.28646958
1.50849247 -1.45150185
1.44600689 -0.670634687
0.0926156938 2.10029531
1.33006275 0.580361187
-1.3313117 1.48348975
-0.207516 -0.226199836
-1.50312865 -1.08187354
1.29203105 -0.248034656
0.625404835 1.24591398
-0.141308963 -0.27133137
-2.29566669 -1.61302972
-0.765440702 0.898319721
-0.202659458 0.644376695
-1.5976615 2.23431611
-0.159002662 -0.489834398
-0.957429409 -0.291619301
1.93576944 0.854034543
-0.372422516 -1.22019684
-1.32578433 0.793513179
0.883333087 0.657991886
0.884174228 -0.540612519
-1.97565818 1.03290272
0.836069107 -0.487252593
-0.688497603 1.10703456
1.75335371 1.34369326
-1.01755035 0.417194188
-0.537898421 -0.773770273
0.652321339 -0.697272122
-0.396012634 -0.998028874
-1.83461857 0.357381582
-0.315697521 -0.250472337
0.490143895 2.49188995
-0.560526133 0.417761475
-0.306675971 -0.13507539
0.713330925 -1.19760132
0.0633035526 -0.143890113
0.278880715 0.724995732
0.857938528 -0.654412389
0.492499918 -1.05003154
-1.13345957 -0.538324118
-0.765806735 -1.11099517
-1.42432618 -0.966627359
-0.70292002 1.02913249
2.14736962 0.188641623
0.954947948 0.97156471
0.758574128 -0.979756355
-1.05332291 0.35330224
-0.126770481 1.66949606
0.706854224 -0.673178315
-1.81897616 1.05853927
0.0720266923 -0.190629497
0.8824085 -0.855087996
0.0893156826 0.204667985
-2.67213917 0.8053087
0.52706784 -0.444970161
-0.726811647 -0.23110041
0.70998317 0.39511776
-1.52920711 -1.39504623
-0.0250991769 -0.270495057
-0.251194745 0.93349421
-0.37947464 0.894819975
1.81539214 -1.08501065
-0.287490457 1.02796721
-0.0730772689 -0.544165134
-0.28903991 -0.156397596
-0.375461906 2.11850548
-0.0516785048 2.03751445
0.697020829 0.219052434
-0.0750272572 0.669513404
-0.766166568 -2.057621
1.25931358 1.54305613
0.160768822 -0.369507462
-0.438066423 -0.0722335577
0.226136714 0.334038615
-0.488996565 -0.326928586
-0.286863387 -2.18846941
-1.28964949 1.5344044
-1.97899306 1.28606939
1.45096636 -1.37152243
-1.1649164 -0.750554383
-0.665392339 -1.15460038
-1.33683109 1.97086883
-0.022394063 0.325421125
0.658407271 -1.08628726
-1.35397828 -0.364519805
0.631097734 -0.277877718
-1.89920151 1.03766489
-0.309222847 0.534346104
-1.14876103 0.685766399
-0.0507581905 0.488108516
1.07383609 0.750467777
-3.06046367 0.891493976
-0.917130411 -0.542034805
-0.301219314 -0.338719517
-0.469136238 -0.538353443
1.57558978 -0.655731618
0.633942127 -0.868058085
-1.89479709 -0.647060215
1.48598027 1.15744674
-0.707811236 0.121640265
-0.834034741 -0.891262949
-0.731040657 -0.700531721
-0.0461386591 -1.15556633
1.28201151 1.05024254
-1.16145432 -0.54783833
-0.764293611 0.317961037
1.37815022 0.0962882191
0.021235045 -0.644086063
0.301262796 -2.47905207
0.0944382176 -0.731210649
-0.591087997 -0.908100665
-0.648934722 -2.45878577
1.30420303 -1.24585783
1.59228039 -0.71915251
-1.70268202 -1.81912768
-1.98459971 1.04399943
-0.23673138 -1.02486825
1.00011861 -0.98227638
0.499189913 2.63540792
-0.180141538 -0.650759935
0.02271327 0.278282821
1.23979723 0.185270637
-0.741506219 1.66612124
0.253069818 0.161708325
-0.451004833 0.426455051
-0.223795906 -0.180216536
0.397014916 -0.669823825
1.66087282 0.940752923
-0.748634875 -0.143046349
0.356601208 0.000168979168
1.547176 0.367826492
0.267054468 -0.943367958
0.565940797 0.0213360097
0.598938584 0.898525596
0.630721807 0.475978553
0.451042235 0.807021201
2.72632241 0.342604935
1.32483709 0.13146098
1.06487405 -0.669465899
-0.344238281 -0.435268283
-0.697688878 0.464959949
-3.24809504 -1.96217132
1.01382864 1.38262057
0.550860286 -0.634543955
-0.356156051 1.28328013
0.801471233 -0.454542965
-0.809604466 -0.232425764
1.25013113 0.524503887
-0.790186644 -0.340580463
-1.03977811 -0.548410058
0.663009107 -1.80410028
0.293753624 -1.59867048
-1.27312028 1.72043157
-0.314602762 -1.69591486
-0.0635996014 -0.973724306
0.0232066382 -2.69922376
0.270104289 0.454688907
-0.279225498 0.228962064
0.14089103 -0.378411621
0.00369301252 1.01284087
0.210197002 3.23735094
0.926427543 -1.48539913
-1.97463751 -3.03945351
-0.493256748 0.204840541
-3.50764966 -0.590554476
0.818446517 1.7589767
0.0459592044 -0.422072232
0.231613263 -2.01639009
-1.09879088 0.383185208
-0.137801379 0.113501742
-0.950316787 1.70401621
2.1871829 2.64066458
-3.00148869 -0.512925684
0.0787136853 -0.548846841
0.507401347 2.51560163
-1.11915708 -0.100861311
-0.441800714 0.544101596
-2.95757699 -2.41365671
-0.424064249 0.00619718432
-0.394551098 2.97394943
-0.745797992 -2.12336969
2.63454556 0.241968125
-0.600045145 1.6770699
-0.283972561 0.111804985
1.63211203 -0.682538807
1.44303226 0.658363819
1.02224243 -0.0239469558
-0.475428104 2.94748545
-2.75407529 -0.294143915
0.574627042 1.66997504
-0.178689584 -0.589461446
1.23491299 1.07535529
-0.290334135 0.955702364
0.16732803 -0.9148826
-1.4345243 -0.00999132544
2.22277784 0.233175993
0.160711661 0.552265763
0.158565044 2.33140659
-0.0395588651 0.47846204
-0.196578622 0.0293884948
0.144080043 -2.23198795
-0.975341558 0.279496223
-1.37241209 2.32354927
2.16796422 -0.494065374
-0.857715368 -0.267317563
-0.457358479 0.894545615
0.161330357 0.204525232
-1.24082923 -0.0309677981
0.324843884 -0.00487020984
0.0659277737 -1.13712549
-0.0141537031 -0.807274461
-0.393470973 2.73401618
-0.706066132 0.617823541
0.204508886 -2.08221531
0.0173162557 1.12013948
-0.255354404 -0.157937348
-0.413527817 -1.13109839
0.488059968 1.09643936
-1.38939488 0.568434954
0.304854333 1.96436727
1.76220548 0.345393717
-0.176039666 -0.425860226
0.57627964 0.663784027
-1.33323371 1.33807492
0.625363052 0.477867365
-1.50517488 -0.0490011275
-1.01176381 -0.310305774
-0.560505211 -0.135043442
-0.146987826 0.742582679
-0.415492296 0.248944923
-0.749906659 0.464659721
-0.58017993 0.846455276
-2.31283951 1.09416223
1.68544304 1.05378056
0.123448849 -0.302296817
1.33250034 0.531948149
0.431080371 1.4451282
-0.591443121 2.877213
-1.42761779 0.408735633
-1.63079941 1.31793225
0.285551369 1.5660218
0.241938531 0.396979094
-0.35853222 1.49383867
-2.07900262 -0.890087187
0.483108938 -0.325524122
0.500504553 -0.776554346
0.966517806 1.06254053
1.05957139 -1.13310575
0.197444811 0.186224192
-0.261926383 0.642400622
0.271419704 -1.52566588
-1.65327895 1.57294297
-0.541236222 1.58461261
-0.490345538 1.00973082
0.900053084 0.175313398
-3.16719437 0.613653183
0.445825756 -2.31252694
1.60577381 -2.12172794
1.01114082 -2.26456523
0.166164905 -0.370995879
2.54654121 -3.07863331
0.0520231724 -0.37641412
-0.0559776798 0.639074922
-0.280635744 -1.14320302
0.743887842 -0.905171812
-0.682060659 1.07053232
2.2769196 0.69044441
1.15602601 -0.344524622
-1.89338124 -1.77560759
1.16364169 0.520554006
-1.5332315 0.432989806
0.842133284 -1.24065793
-1.47962213 -0.0386364087
-1.16199923 -0.332098216
-0.52301383 0.164168268
-0.365578473 -0.250018418
0.306470394 -0.613088131
-2.72074151 -0.342313498
-0.997441709 1.39993489
0.542616367 0.00409509987
-1.259637 -0.764008343
-1.7165693 0.267032683
-1.71977282 0.89536649
-0.407691687 0.469728529
0.310361236 -0.452728242
0.467885852 0.481095672
0.67388624 -0.0858656764
-1.18870199 0.719051957
1.13055384 -0.90743196
-0.729485512 1.12022853
0.305680335 0.252734065
0.0804207027 -0.854045987
-2.47968888 -1.65126967
-0.438473821 -0.854588807
-0.272596717 1.27587414
1.11394429 -1.46889114
-0.726358056 0.0354094654
-1.4906106 0.793458164
-0.577694237 2.7644124
-0.130671531 0.604933977
-1.22282612 0.301554322
2.16717601 1.40416324
2.31650519 -1.46408892
-1.13464642 0.983183384
-0.423372716 0.108628243
-0.513138771 0.597906291
1.30776703 -1.27844691
1.97686005 -0.476657927
-0.294693947 0.755554676
0.803214788 -2.00423503
-0.91609931 -0.238170356
-0.18317768 -0.648843646
0.189965159 1.0203526
0.873782337 -0.0619227663
0.296617061 -1.15003526
-0.0209522471 -1.38981462
2.05231643 -0.328724831
1.58268499 2.52329612
-1.07737494 0.223985255
-0.0133129088 -2.35453653
-0.383359313 -1.02895522
0.596203685 0.738497138
0.546612024 -0.411105841
-0.792780936 0.827056348
-0.549200416 -1.83194625
-0.317174464 0.872997999
0.666016996 -0.632671237
0.102707289 -2.5830586
0.056810312 0.999083757
-1.15732741 0.418526769
1.38924956 1.42992139
0.293353289 -2.14806509
0.212420523 -0.0530378558
0.575479627 -0.613195539
1.04630709 0.456154764
0.319840401 0.104251429
0.701447308 -1.02923644
-1.08370233 -0.809628725
-0.0618716776 -0.58182323
-1.99586618 0.173253328
0.599408805 1.50476563
-2.08491564 0.0747490227
0.876425803 -0.883587182
-0.566124499 1.7586832
1.53454483 0.988601983
-0.280001223 0.469939411
-1.10445881 1.74976563
1.04511678 -0.164904535
-0.684063077 -1.25138402
0.898530126 -1.31786275
-0.187694743 -0.382090569
-1.42124736 -0.700942397
-0.672614813 1.44924939
-0.277008265 0.413368732
1.02807403 0.26673311
1.84666324 0.955915511
-0.608637393 -0.225290388
0.27942723 3.48403502
-0.518777609 -1.01281416
-0.816482186 0.553606153
0.88808465 -0.303902596
1.52940905 -0.192637041
0.799637914 1.37347162
0.905617654 0.725470006
-1.15025687 -0.688097775
0.489737928 -1.21599901
-1.44462216 -1.48264432
-0.146913901 -0.000728234649
-0.315819949 1.06828535
2.337116 1.0995729
0.271787494 0.371032864
1.75424552 -0.0271813013
1.82850659 -0.673279881
0.696314275 -1.09620154
1.29984176 1.08561218
-0.849165559 -2.21722698
-0.36112383 0.477888763
1.01943064 -0.722551584
-1.1124332 0.641640663
-2.41480327 0.437398553
-0.110976897 0.865253866
-1.89343452 -0.2383053
-1.2888124 -2.42380238
1.28922462 -1.10786557
0.520385623 0.220137089
0.429422677 -0.0792277902
-1.06561315 0.571754456
-0.349525243 -1.05030131
-0.427503049 -0.835011244
1.42651832 -0.606158435
-2.66499615 0.921353459
1.54124188 -1.17003417
0.153487042 -1.48344183
3.04818201 3.39754391
-0.761665106 -1.09634042
0.513257086 -2.48083425
0.476212263 0.242180616
1.35531914 0.452736735
3.25329399 -1.03340089
1.35520661 0.638777792
0.728982568 1.97189021
0.0545671135 -0.0255257487
-0.660985947 -2.15009069
-0.37820068 0.602653623
1.56106412 -0.772802651
0.164533272 0.890585899
1.39223623 0.167658091
-0.895317316 -0.0458071269
0.633845389 0.943420529
1.77221537 0.00707947835
0.719222903 -0.0639653951
0.467840612 0.245562658
0.0824552998 -1.08359659
0.356884062 -1.20714974
0.407754183 1.60385191
0.606811643 0.51592505
-0.736557245 0.28406316
-0.119491026 -0.560859382
0.4393318 -1.70546615
-0.113448329 -1.99565065
0.800913811 1.51283121
-0.00824140478 -0.915453196
1.24958599 1.45904565
0.138176903 -0.110121898
1.68985844 -0.27960515
-0.795195878 -1.17390621
0.323658168 -1.33728755
-0.269063354 -0.36125049
-2.27231002 -0.602183223
1.76516652 -1.19192052
-0.659397185 0.704256058
-0.511908472 0.295587212
0.0961283669 2.27150345
1.03066838 -0.215842947
1.96325946 -1.57795191
2.31650853 1.90815878
0.692506731 0.916568696
-0.714160204 -0.481324524
-1.43716848 -0.0464468524
-0.460124791 1.27522099
1.46682286 1.45883596
-0.894086897 0.794468284
-1.25906682 -1.64432144
-0.190980405 -0.207861543
-0.137257114 -0.399174601
0.713992417 0.572456002
0.53259629 0.616700888
1.00447917 0.145194232
0.182460129 1.53885877
-0.551495314 -1.01507092
-0.678076446 0.292656809
0.455360472 1.22488904
-0.669786453 -1.59464157
-0.316975176 1.90035963
0.933458567 0.293166846
0.0802685618 -0.666908801
-0.520489514 1.09163284
-0.297483653 -0.211370289
-0.188044935 0.808118999
-0.639401913 1.21542025
-0.18109715 0.491654694
-0.965348005 1.08213043
-1.18025398 0.392538011
-1.27086532 -0.899521232
0.823798597 -1.7639333
-0.542138577 -0.083221361
0.140611589 -0.0243065841
-0.325872093 0.162908331
0.350086123 0.44986558
1.2612741 2.25894284
-0.556721568 -0.221746147
0.247111022 -0.417707115
1.92144608 -2.35783362
0.22963579 0.376648635
-2.36703777 -2.21758389
3.05119634 -0.65737617
0.274379194 -4.22197247
0.39808479 1.99514771
0.84404999 0.553315938
0.116138302 1.81325722
0.640609026 1.44843924
-0.821616411 -0.181572631
-2.48893881 1.64965689
0.342309892 -0.883986831
2.27420545 -1.13448274
-0.0043182373 0.682195783
0.637005627 2.18212652
0.139925569 0.688232243
0.401748866 0.231037408
0.168014646 -1.07796764
0.0578162298 -0.514869988
0.915393233 -2.69888091
-1.52490687 0.47377187
0.174230412 -1.04275525
1.25673699 -0.459675938
-0.00363920815 -0.0601796359
3.02055311 -0.697654784
0.94674468 -0.415810734
-0.445426464 -0.0471277498
1.21534014 -3.77952409
1.3064034 0.922508717
0.818458319 0.538940787
0.883798718 -0.619271636
-0.733977139 0.39012742
0.153959632 0.0305362977
0.508106291 -1.28951311
0.655056238 0.173391193
0.530493915 0.164418936
0.319367647 0.990329385
0.0947075412 -0.541276395
-1.42093301 0.88164711
3.09400129 0.241762608
0.386652857 2.50254917
-1.21322012 0.350301236
-0.222295582 1.1761595
0.411829442 -1.24283695
-0.915700138 -0.838499844
1.55729187 0.809144437
-0.629893124 0.213953853
-1.14687324 1.01954961
1.74358392 1.70126939
0.274434805 -0.491210401
0.53227973 -1.66988552
-0.0971373469 -1.75773931
1.15288734 0.57060647
1.831949 -0.50427413
0.691606998 0.742475629
-0.209250733 -1.40491688
-0.566524267 -0.434173673
1.56809032 0.291224986
1.50537646 -1.87963736
-0.269529015 3.90997028
0.393436283 0.0306735002
0.142998219 0.0926830396
-2.50305963 -0.0643270537
0.942776978 1.18006921
1.07221639 2.14366674
-1.43975425 -1.15861654
1.25587869 -0.408553094
-0.823564947 -1.04443073
1.31220889 -0.128689483
-1.37447095 -0.755480826
0.704950571 0.716284394
-0.665632665 1.82537365
-1.10256815 0.766159713
0.89753896 -1.25160158
2.67008877 0.889086962
0.80844599 2.5527916
-1.09868193 -0.493408233
1.75618637 -0.159069836
-0.0719368011 1.23838365
-2.73244381 2.70636272
0.361352563 -1.82477164
-0.116556883 0.242158413
0.42722711 0.801625252
0.333113223 0.156461209
-0.0833913833 -0.131266922
1.16033924 1.15329325
0.693717957 -0.917335629
0.874971151 -2.70399427
0.650071263 0.314977139
0.340397865 -0.0129495561
0.80860424 1.30878854
0.605031013 0.0602150559
0.515071571 -1.26515698
-1.41743028 1.91562343
-1.56624854 1.18600249
-1.27493429 -0.0299457796
0.742735922 0.289743066
-0.998726785 0.247466117
1.73455846 1.43289363
0.568490684 0.37326014
-0.0686563253 -1.55257785
-0.802447855 -2.12830877
3.04338121 -4.33335352
0.106932968 0.373852611
-1.36664045 0.689292789
-2.68615866 0.790948093
0.535793781 1.00162685
-2.70421362 3.23128009
0.0847405046 -1.05653846
0.0955193713 -0.841375709
-0.481091082 -0.301872939
1.27730012 -0.941384971
0.0287252273 0.636959195
-1.77294374 -1.97659004
-0.22734195 -1.96226716
0.176700324 1.77685285
0.101798438 -0.172210664
1.56244969 0.334700942
0.820935667 -0.272207111
1.29661489 0.840707898
1.11640835 -0.623440981
0.455536962 -1.26348412
0.282826096 0.506739378
-0.738006949 0.94031024
-1.36074924 0.993991017
1.25709331 -0.811667621
1.18510962 1.97625411
0.618505359 0.540796697
-1.16207421 1.0184586
-0.953490853 -0.505916476
-0.697790921 1.77458346
1.19821525 0.852629006
0.0568700768 0.790945411
0.180671319 0.581486166
0.483573258 -0.596352518
1.07376742 0.487592101
1.10169041 1.56938601
1.76637721 0.317140311
0.098244071 0.642008841
-1.11136138 -0.0703429878
0.417464882 -0.560184717
-2.60471272 1.49976158
-0.810527444 -0.442781866
1.11445129 -1.04031265
-0.616820216 0.301772058
-0.673874199 -0.506818652
0.129050702 -1.94026685
-0.186395273 -0.376390874
0.573211551 -1.98094857
0.281547576 2.39521217
0.90911293 -1.64251721
-1.47996676 -0.130047992
0.930404663 -1.35447073
-0.947718501 0.116485268
-0.438456953 -3.53554511
-0.706588984 1.05050266
0.114674211 -0.118422754
-0.46454832 0.489688754
-0.514082789 2.06128407
0.290559471 -0.354374349
-0.693744183 1.31432593
-0.413908988 0.761222959
-0.824980438 1.69843161
0.396211654 -0.161261573
1.74475181 -1.44736564
1.85676408 0.597356558
-0.738857508 1.00798988
-0.172862813 -1.29723835
0.342880815 0.238299713
-0.869606256 -2.16222906
-1.13427758 0.233893782
0.0986206383 0.202004001
1.25930727 0.0788450092
-1.49760687 1.19452953
1.31637716 0.653588593
-1.49839544 -0.445964634
0.454355478 -0.436220914
-0.39403674 0.13826254
-1.68955517 0.0271009505
0.836804628 0.668450713
1.55857432 -1.91640854
-0.433722764 -0.0976067409
-0.553866625 0.164391354
-0.418171734 -0.258167356
-0.898506463 -1.80332077
0.743482649 -0.0461076275
-1.08899641 -0.227788568
-1.22482967 -0.645242393
0.322011709 0.211143047
0.456718951 -1.50776827
0.490453005 2.59780383
0.758499086 0.63144815
-1.11146855 0.405598938
0.534911335 -0.421305418
0.645581901 1.78751779
3.28749728 -2.90496206
-0.595935702 1.2440784
-1.9286952 -0.605723858
-0.129970342 0.353266954
1.13464737 -0.427177042
0.524031699 -2.68533278
0.86470741 0.347157329
-1.58242154 -0.603920639
-0.58898145 -0.928507268
0.103586458 -2.41028976
0.922493279 1.71330869
0.540612698 1.50651765
0.175973222 1.16122341
1.99113011 1.30857551
0.533808351 -1.05983388
0.221283987 0.373511553
0.252607733 -2.45468521
-0.267409801 1.82111073
1.00403762 -1.14826941
-1.71824718 1.59124851
-1.26918459 1.12937403
-1.62242603 -0.82997936
-1.68119037 -0.161160529
-1.76865482 1.41239572
0.992942035 -0.655157268
-0.949487746 0.557874024
-0.227846622 -1.42451191
-0.420459181 1.58752298
-2.47276735 0.889321685
-0.415746391 1.05378723
0.583036482 -0.615361154
-0.134442493 -0.0178022459
-2.85041714 -1.22319245
0.409325957 0.854632676
0.997412026 0.291415095
-2.05828834 0.133103997
1.05386782 0.281485438
-0.446199089 0.815838337
-0.353556365 0.323712885
1.0035677 0.876973689
-1.13173532 -1.86183858
-0.1191222 2.89400864
-1.37764382 0.165419266
-0.258152843 1.41854906
1.43263578 -0.14064604
0.783293486 0.643906295
1.13847971 -0.564616203
0.265448093 -0.745817542
-2.15402842 -1.34787416
0.118144423 -0.458517849
0.714667678 -1.21487796
-0.0431705639 1.57607639
1.65697277 0.858391464
-0.530777335 0.925442696
0.973510563 0.585953653
-0.735634446 -0.342211992
-1.91892827 -0.480808705
1.37490201 0.744599462
0.378686249 -0.681567907
0.218850017 -2.5533061
-0.149817407 -0.181339085
-0.413372725 -0.196718976
-0.920168221 1.78369939
-0.183842719 -0.185462371
-0.577696443 0.327213585
0.147873223 0.665061355
-1.24645591 0.742220223
-1.0909034 0.594753265
1.58379591 0.00385209173
-0.159148097 -0.520889819
3.14388275 -1.81798923
0.367146909 1.05911863
1.85612619 0.958331704
-0.940272272 1.8689363
-1.44303823 1.58176398
1.08532381 -2.0391078
0.708619356 0.808461368
1.52066422 1.65525639
0.030858824 0.950475693
1.36442852 -0.400188476
-1.43869591 0.465991855
0.284009486 -0.27628544
-1.07761931 -0.666923702
-1.11547005 -0.319272846
-0.328328639 -0.317035258
-0.0866308957 -0.372014195
0.573760271 1.09618032
-1.02269602 3.39327908
-0.236941844 -0.26297459
0.980894625 -1.11723876
1.12723207 1.15450537
1.18373477 0.602258861
1.93143141 1.97483325
1.58548295 -0.99319917
1.62373328 -0.601201296
0.791318893 0.353986621
-1.32676959 -2.24340725
0.538047254 -0.0515302345
0.748726189 0.832081795
-1.2524848 -2.05739594
-0.45504567 1.53757906
-1.16915762 -1.49982226
-1.71698177 -1.88776648
-0.0447983705 2.14270735
1.05362856 -0.483391017
1.39787126 -0.650196552
-1.6341244 0.787651658
0.799830556 0.300532132
-0.954069018 1.24065959
0.423878729 0.879534364
1.43572426 2.11206627
-2.51250505 -1.60089922
0.274508089 0.662428498
1.03128839 0.498987436
-1.4519645 0.0407789983
-1.17451286 -0.0969822854
0.268913358 1.13840914
0.580882728 -2.35057235
0.517354429 -0.347837865
0.9015944 -1.70762563
-1.05980647 -2.61188173
3.28539467 -0.497812033
0.245145157 -1.9891063
-0.0542283207 -0.518637061
-2.64687777 -0.464706659
0.223653421 0.472278178
1.74626935 -1.09864688
1.81055617 1.14249969
-0.0389986075 0.140459418
-0.766245902 -0.956980228
0.828492582 -0.011013139
-0.466145784 1.44570327
-0.730889499 -1.42559409
-0.168695509 -2.10470819
0.207312867 -0.0469569638
0.586013734 0.0437954143
0.499046803 0.193810225
-1.11707592 0.960048497
-2.26713848 0.574922442
0.0232956223 -0.38835451
-0.0867560431 0.835718036
1.1146729 -1.76302588
0.941259146 2.96957302
-2.10852742 -0.166588187
0.950051367 0.113457754
1.2239629 1.08172846
-0.940735638 0.676178813
1.49749327 -0.624814272
1.42982221 -1.46389914
0.536612689 -1.65399444
0.0936705545 0.251724452
1.16379321 -0.371107131
1.43704093 0.559189498
0.834538698 -0.737012744
-0.335855216 1.3014791
0.530981004 0.188218802
0.017574545 -0.11900796
-2.75768423 1.88477778
0.926541328 0.165324062
0.102477111 -0.899937332
-1.94823039 -2.01215172
1.02596831 0.61171782
-0.329657376 0.473139822
0.344735026 -0.513581932
-1.72586536 0.402927279
-0.297526568 -0.317732155
0.599418044 -1.19941771
-0.906288624 -1.07269847
0.0931994244 -0.681155682
-1.06570446 1.48677301
2.33697152 1.00315464
-1.42841852 -0.99214083
-1.98775983 0.589262128
-0.462931752 -1.63429976
0.68601042 0.256629169
-0.0691366121 -0.354956865
-0.33875227 -0.923435569
0.363790572 -1.56696808
-1.4978826 0.773141742
2.23016858 1.0296762
0.951190352 0.285793841
0.626071811 -0.37391603
0.860632479 0.420242548
0.689022481 -1.25734711
0.219197899 -1.86293972
0.136297271 0.016584998
2.63061357 0.964077055
-1.43127322 -0.314059585
-0.746983409 -0.99549973
1.03685904 1.80294025
-0.894542217 -0.669098735
-0.329927057 -0.0829166546
1.17451227 -1.01588881
0.411328256 -0.649940431
1.02220178 0.580926538
-1.99414325 -0.405123442
0.717815399 -0.00181250274
-0.17936632 -1.54806113
-0.927384138 -0.578716815
2.95625663 1.80018449
-0.360007912 -0.109260358
-3.20340824 -0.584386587
0.540207744 -0.917455554
-1.04491115 0.252590239
0.0326525867 0.450726092
-0.543676257 -0.263745904
0.212582514 -0.492848098
0.194965705 -1.07295525
-0.0383757465 -0.744892478
-0.816767335 0.460386455
-0.645595372 -0.464641422
-1.07909441 0.483294189
-1.00534379 0.592674315
0.349384934 1.64583981
1.31581867 0.824938774
0.129597947 1.83927107
0.220108226 -2.65617418
1.76098669 2.28554249
2.92546225 -0.175473243
0.602065027 0.276631743
-0.337707788 -0.331906408
-1.58896112 -1.04759705
-1.9667424 -0.0348177701
0.863152444 -0.75783515
0.0626040399 0.211255923
-1.33329034 -1.2955761
0.795132279 0.693249881
-0.493204981 -0.200087845
0.603178144 2.08148241
0.686874747 -0.76662761
0.630455554 -0.923203886
0.274939209 -0.100218222
3.16769338 0.121360675
1.10832143 -0.130084038
-0.820955515 -0.651811779
-0.500844121 -0.0483082868
0.991006434 -0.251358569
1.53728807 -1.35770643
1.04973829 0.572600782
-0.818155646 0.163580894
2.57334375 1.12333179
-0.743360996 0.228288144
0.134557515 1.30918384
-0.41440171 -0.0649193153
0.675621808 -0.827622771
1.22022247 2.47732425
-0.0732085556 -2.74124384
0.912563443 1.58201671
0.995393455 0.401808977
-0.768588841 -0.661031365
1.41509151 1.58626437
1.44992423 -0.0425417013
1.56423616 1.00633359
-0.229272157 1.68923485
-1.5838201 0.888705611
-1.3761009 0.327893168
1.24287689 1.18405914
0.249588922 1.75056434
0.477545589 1.53622305
-0.0935476273 -2.50095129
0.128715739 0.064102158
0.453345537 0.670608044
-1.17330039 -0.718654573
-0.716727436 -0.0403881408
0.260643125 2.11385632
2.33069825 -0.602070987
1.33205783 0.275642127
-2.15653968 -0.360075951
0.672213912 -1.06903005
0.581386447 0.437980115
-1.42422247 2.0711956
0.154991969 -0.235928208
1.11616862 0.890339255
-1.36729491 -1.9553659
-1.4485302 -2.29685879
-0.525742114 -0.255112231
1.46213257 0.98072958
0.642348707 -1.18195856
-1.78457761 0.327527732
0.543426812 -0.68075645
-0.161208004 0.29572776
2.58193755 0.946464121
-0.630024135 -0.247786298
-1.15912688 -0.68101418
-0.937594414 0.527927041
-0.283663988 1.88110864
-1.06536794 -1.51956952
-1.61650264 -3.00288439
0.111184694 -0.73879385
0.749795079 -0.595803022
-1.15848362 0.395400584
1.07378459 -1.49847794
0.709242821 -0.975941181
1.42089438 1.78931546
1.83072543 -0.646953881
-0.193361461 -1.20139027
0.0930501819 -0.866298079
0.123175055 -1.27086341
-1.66859698 -0.381549269
0.0537286624 -0.557337523
1.35828447 1.53224683
1.76924574 2.55593777
0.914838076 -0.98696506
0.260703027 0.423154086
-0.166422814 0.331123352
-0.413256913 1.55069101
-1.17694986 1.23241532
0.465783477 1.49553549
0.289226562 -1.79680943
-1.22697997 0.0732822791
-0.243100166 -0.719774961
0.168796599 0.955698907
-1.11268783 1.19455147
0.0721504837 -2.2132206
1.24240398 1.14003146
1.39081216 0.0453707762
0.899322093 -0.841606796
-0.587332606 -0.0138425045
1.04688323 -0.703402221
0.205348313 0.204121396
-2.41291571 1.74949193
0.33739838 -1.87000537
-0.184582531 -1.353338
1.32609499 0.657908857
-1.7551465 0.38149631
1.37599218 0.757631123
-0.255389035 1.83914399
0.523848176 0.593743265
-2.46976638 1.78950155
2.35426188 1.77636683
1.08008206 -0.0857963562
-1.43607605 -2.11833096
-3.29012632 0.271325707
0.908734322 -0.153597847
-0.992942274 0.0466763079
0.0853218287 -0.552590132
2.8255415 1.10796726
2.91902757 -0.920231342
0.307397127 -0.0353345126
-0.556980252 -0.145215467
0.765085101 1.61648679
-0.64675194 2.19238448
-1.46742606 -1.28010643
-1.10061383 0.467116386
0.296277314 0.302665055
-0.557745218 1.05112767
1.38439405 0.49950394
0.795819461 -1.15980637
-0.765434623 1.71996891
1.36993968 1.99748886
-0.633702874 1.2121346
-0.177280352 -0.376122236
0.533134401 1.95340371
-0.0600055382 0.507239878
-1.39771867 -0.615489185
-1.30801392 -0.727689624
-0.0159621853 -2.24061346
1.0080179 -0.446214318
-0.495558411 -0.279326618
-0.615423918 -0.822184861
-1.33602893 -1.62558663
0.841980219 -1.31853962
0.456183702 -0.935614347
-1.53935945 1.63277066
1.18719876 -1.11352336
-0.588178098 1.66656077
-1.52447414 0.300042897
2.02642751 0.0863173008
0.0114207324 1.57792115
1.8077246 -0.350963205
1.33250153 0.301971495
-1.04785526 -1.66442752
0.527118266 0.96580106
0.835506022 1.02818537
0.687417209 -0.0355824605
1.12420237 0.613459766
1.19348276 -0.561939836
1.83068871 -0.287343889
0.652732551 1.15585816
-0.108089469 0.298912287
-1.31806111 -1.56234753
-0.627606928 -1.70974958
-0.106862165 -1.41164708
0.567315817 2.45717406
-0.894186974 1.12031901
0.950938404 -0.242794931
0.0327309743 -1.39023745
-1.18937647 0.377903938
0.281663746 -0.84090656
-0.664103806 0.990204573
0.320514977 -0.873568952
-0.579624653 -0.046398636
-0.673270047 -1.3097285
-0.0964398533 1.10547185
0.487911433 0.053394109
-0.239322171 -0.298153162
-0.0790102333 0.922206759
-0.0314841866 1.45021737
1.07907557 -0.998732209
2.70246744 0.933158398
-0.195157766 0.669829369
0.374145299 0.308507979
0.928290784 0.696999669
-0.730591416 -0.344531089
0.895418704 1.2908529
0.522522748 0.424696177
0.385189712 0.760980964
-0.224619552 1.15676069
1.83574903 -0.264978975
0.400942177 -0.684619963
-0.747956395 1.27612948
0.682750463 0.309048116
0.600983858 0.588764489
0.0416972674 0.763755202
-1.97566235 0.314216375
-0.680562139 1.03831553
1.16018283 0.610097587
0.476038545 1.47446692
0.0609366819 -0.0898414478
-1.19819391 -0.032940641
0.419898361 -0.0430417359
0.745064139 0.152626961
1.77826834 -0.903678
-0.560158789 1.60040212
-0.32959494 -1.32000744
-0.815165877 -0.0330599025
1.02926505 0.134204626
-1.17030108 0.0327598788
-2.87255025 -0.576578557
-1.42134154 -1.72106969
1.36838067 -0.304807872
-0.58846736 1.10961235
0.498488009 -0.173236549
0.498198032 0.836921692
0.619856179 0.0941103995
-0.318163127 -0.918312192
1.51456559 0.8676368
-1.12778544 -0.260198206
-0.890935302 -1.87791276
-0.43411234 -0.654572546
-1.24211431 0.692225993
1.15335321 0.225508228
1.05010808 1.13112402
0.00374023058 1.15549636
1.14037871 -1.26555014
-1.08753395 1.09349406
-1.19487679 0.0402230322
0.782253861 -2.32630014
-0.0944364667 0.100374162
-1.87454319 0.0155901294
0.422109425 0.659416914
-0.523552299 -0.587712646
0.0945384502 -0.371852845
1.47136176 -1.91511238
1.65640152 0.246614069
1.30385458 -0.294557214
0.24975419 0.833860099
-0.592875719 -2.35183787
-0.226720139 -1.94850612
-1.04257584 -0.436207473
-0.0895035863 0.374876976
0.115717635 0.662636578
-1.40864134 -0.14888671
-0.544232488 -0.619660139
-0.551655233 1.82876945
1.5334543 -0.912602663
-0.208323613 0.00336965173
-1.01108611 -0.348102808
-2.0179708 -1.68189919
0.522568524 0.351734042
-2.12223125 0.219569668
-0.34263745 -0.140370905
1.087816 0.122449979
0.766312361 1.13240123
-2.1882534 -0.2158048
-0.769659102 0.442191631
-1.61183691 0.0100318696
-0.0369426869 -1.12704003
-0.46708256 1.4075352
3.56073451 -1.00605166
0.0797438473 -1.46713316
0.306686908 2.20937061
-0.499224097 0.688439071
1.12686825 0.822356105
-0.446405888 -0.0460186452
-0.20008947 1.43156457
-0.536284089 -2.16662002
-1.45822084 1.5657444
0.12731196 -0.567818522
-2.04554367 1.52836275
0.821417034 0.340949953
-0.572163939 -0.151565194
0.611186028 0.362331867
-0.126452297 -3.12000275
-0.895047605 1.60982633
1.35048342 -1.5858382
0.639220953 -0.467146784
-1.75021458 1.10262072
0.428357124 1.13544095
2.01974964 0.70240134
-1.26413441 -0.733522773
0.218600228 -0.256425947
0.388923764 0.908139467
1.41868365 -0.223237321
2.55471325 0.254229009
-1.81118453 0.0697928518
-1.09767544 0.00941209868
-0.602914512 -1.082757
-0.22766903 0.218031377
0.840942621 -1.29004061
0.43879348 3.12842488
0.0298831072 -0.0267545842
-1.14369917 0.966407478
-0.173805282 -0.012739908
0.0986911058 1.33482254
1.08481729 -2.40177512
-0.738430083 -1.83158255
0.191417694 0.159115613
0.795062721 -0.0446784422
-0.101088516 0.590399146
1.48002088 0.911517739
-1.52156222 1.3439374
0.42333582 1.13534594
-0.716445684 0.648067296
0.15117 1.33845484
0.829766035 0.11623171
-0.399524361 -1.52722859
0.563182712 1.35487711
0.747533023 0.496561497
0.976428807 -0.36843887
0.105095148 -1.32250929
-0.829363108 0.542103708
0.536235213 0.916062474
1.82214236 1.53810728
0.518733621 -0.310812622
-1.25637603 0.869747281
0.165747732 -1.33889389
-1.54583848 0.0210574716
-0.992364407 -1.97664464
-0.31904906 3.51248813
0.647680759 -0.967849135
0.630470574 -0.613875687
0.701479137 -0.415772498
0.712842166 -0.323047012
-0.873230577 1.25280929
0.621188104 0.826962352
-2.36808252 -1.32875204
-0.719862759 0.352940857
1.37240326 -0.802207768
-2.41563106 0.748097181
0.206122145 -1.31714571
-0.363965482 0.749832034
-0.660628974 0.323081255
0.999330103 0.905201554
-1.97143066 0.057267867
1.78725481 -0.228256524
-1.08548701 1.00726736
2.97444606 -1.42812145
1.49627733 -1.49007308
-0.486543119 -0.128763407
-0.769714117 -0.730604887
1.58467555 -0.605151415
0.507072568 -0.549384356
-1.0086422 -0.0332327932
1.48637831 -0.490047216
-1.73831403 -1.77623928
0.931620717 -0.0904237032
-1.70455372 1.44103658
1.73093617 1.30513346
-1.26041949 0.564732075
-0.467792958 -0.0418366529
0.286057115 -1.94850898
1.51580119 -0.212728247
-0.578166604 0.0117051881
-0.567172587 -2.87072229
1.00531054 -0.595542073
-0.122571632 -0.893218398
1.69552243 1.85769558
1.76613843 0.363362104
1.01366174 -1.25577426
-2.04728198 1.04473829
-0.0383450016 -0.450513661
0.452967227 -0.273056805
1.61529076 -0.132304817
-0.543146908 -0.376590669
-0.123823076 0.247452661
-0.809236467 1.01840711
-0.581413507 0.520355284
-1.35988414 1.40256047
-1.68973041 1.17738998
-0.542007029 0.202860922
-1.82832706 0.409604937
0.704333425 -2.15873981
0.441286981 0.0993794203
-1.07920575 1.41124213
0.330451727 0.806488514
-0.221756697 -0.206960827
1.61918426 -0.953044236
-1.52731884 0.154471278
-1.07311082 1.47966695
-3.92083216 -1.91995466
-1.61524427 -0.964734018
0.0649818182 0.810135961
-1.5994848 -0.708577931
0.598460078 -0.86024636
-0.21166411 -1.39476204
0.266502112 -0.254406452
-1.12411892 -0.454512119
-0.0625949576 -1.23351789
0.227414355 -0.0329470076
-1.43121624 2.17267799
0.236563534 0.571131587
-1.40897965 0.783635736
1.46504045 0.832220018
1.04674196 -0.827763736
-1.88382506 0.0945593491
-0.195332348 -1.20877445
-0.199794367 0.560427666
-0.473620534 -0.393713117
0.49047035 -0.126274198
0.892738163 -0.478258699
-0.940505505 0.425320894
-0.663442612 0.996762693
0.773416817 -1.17930603
0.848090351 0.303244084
0.266570479 0.875782251
-0.721668184 1.89779019
0.309176981 1.15331006
2.38622904 0.289775044
0.595401406 -1.98364949
0.722516 -0.0554481298
0.530025363 -2.14040065
0.544201493 0.602730691
1.03935766 -4.13633919
-4.24086809 0.925517261
2.28437328 0.0595802739
1.11745095 0.75602442
-1.03365934 0.637031078
-1.58171821 1.32837915
-2.20863771 -1.10543263
0.93609488 0.312568009
-0.443733454 -0.61616987
0.153704211 0.917147756
-0.961012423 -0.0957647115
-0.142980799 -1.5103544
0.416234523 3.59842753
-3.25452662 1.16301274
-0.860006094 0.48809126
-0.220731914 -0.468601018
1.10425568 1.10189641
-0.374785334 -0.271106035
1.25491416 0.138527185
0.748434842 -2.99086022
0.48496455 1.88216007
0.714613497 1.71175063
0.398092061 -1.11476612
1.36889255 -0.204788417
-1.42481816 -0.393036276
-0.750347018 0.512412012
1.68938339 1.737993
-0.873111486 -0.363220721
0.658627391 -0.906312227
-1.11953282 -0.256572574
-1.21339846 -0.450360388
-0.74757874 -0.113299169
-1.13783324 0.34277752
-1.49609423 0.209975153
-0.261799812 -0.161044627
2.38335514 0.544518232
-0.941859007 -1.1554724
-0.323062271 2.28627729
-0.759316504 1.36885715
0.27301687 0.609334886
0.468602717 0.673523784
-0.0133985691 -0.0278287046
1.46594989 -0.560925364
-1.19361961 0.029263299
0.717199385 -1.25241864
0.00806932896 -0.988921225
-0.487066746 0.578632414
0.467572212 -1.15057719
1.21444046 -1.34581935
-0.593365669 0.993147314
3.93850088 0.447628289
0.769334674 -1.04150116
1.38122809 0.713689208
-0.440643817 -0.300165355
1.64484417 0.984747171
-0.908033311 -0.159152687
0.626017153 -0.866559803
-2.14981747 0.0361186415
0.259369314 -0.0409289524
0.361617297 0.502083659
0.466867417 0.53372848
-1.58447945 0.264938116
0.120738864 1.88477552
-0.200042829 -0.486062437
0.691312671 -2.14710283
-2.63203645 1.44610703
-0.11115028 -0.14819251
0.545192242 0.906098366
0.871595085 -0.0589658469
-0.774307609 -1.44109166
-2.0939641 0.408358365
-1.20550156 0.143025443
0.567715466 -0.315524608
-1.64613426 -0.681245923
-0.350727409 -0.0595001504
0.703191698 0.997656703
-1.03987122 -0.451946944
0.410188675 0.595663071
-1.21948814 -0.701668978
1.78790689 -0.557954311
1.87676454 -1.066401
0.495632917 1.52177107
0.0165245272 1.72241664
0.841123939 -0.139971286
-0.22412467 1.29855824
1.32709336 -0.287720114
0.489950836 -1.38124037
0.495671332 1.95034087
0.860990107 -0.217891097
1.07251871 1.17335081
2.19658756 -1.22539616
0.299333394 -0.271049798
0.892120957 -2.19616604
0.154334307 1.05928755
-1.56001854 1.04972064
-1.61358774 0.654073119
1.20381427 0.301928669
-0.717452288 -0.909077585
-0.414636254 -1.10821176
1.08431041 1.23647559
0.0836829394 0.720703542
0.143639758 0.930992961
-1.02059853 0.747125626
1.61263871 -0.647694707
0.927501261 0.227939576
-1.44218349 0.229272604
0.566886485 1.26574039
3.20401955 2.47848916
2.26424217 -1.24322212
-2.58746791 -0.0979907811
1.01355767 0.24639228
0.56385535 2.39787555
1.76335514 0.104274578
0.64949578 -0.260154366
0.11972791 2.61534667
-0.825622439 0.151492357
-1.64787591 0.234199613
-0.694186568 0.559985161
0.457017183 -0.332486093
0.704094887 -0.278980374
-0.932190359 0.676037312
0.727567255 1.78315759
0.376687616 -0.886914134
-1.15208483 1.70561481
-0.312232107 0.141713232
0.482397199 0.62440896
2.42192888 0.736469626
0.0216844603 1.12919271
-1.06749249 -0.890131652
-0.4351919 -0.497588038
-0.477684557 -1.11258709
-0.677761674 -0.0411334969
0.797117054 -0.35091278
-3.33184576 0.141838714
0.0147693632 0.58283031
-0.388385415 0.421456218
0.102224462 1.45975375
0.640372992 -2.05518818
0.38687107 1.12616491
1.85973835 0.531505346
1.22166002 -0.766903102
0.375258505 -0.023285035
0.596805215 0.709869087
0.177240133 1.17248809
0.516665697 0.591234505
2.87422442 -0.257309675
-1.26392817 0.108133152
0.754857838 1.77437043
1.30394554 -2.19492364
0.0865950063 -0.112513795
1.55085826 -2.10001063
0.991993189 -1.5812757
-0.352796286 -0.815306008
1.15414703 2.08838129
-0.523421228 -3.00292468
-2.76037455 -0.469125867
1.29391873 1.88502872
-2.07278299 -1.11130011
1.06650567 -0.308001488
-0.0877605528 0.490368485
-0.391205549 -0.283009678
-0.924089551 -0.214724645
-0.85897702 0.73641938
1.03249276 0.798933566
0.589013934 -1.65603685
-0.972130477 1.30420077
-0.90758276 -0.576695263
-0.291743189 0.237876579
0.858724356 -1.50692677
1.38826931 1.62921369
2.93841815 -0.31039691
-1.19061089 0.714457512
-1.47099066 -0.0198985934
1.39279306 -0.724203885
-0.0280015972 -0.793983519
-1.08031225 -0.0953701586
-2.66913438 -0.326298952
1.40507174 -0.695010722
-1.22717333 2.23924112
-0.802670062 -1.91030455
-1.94005859 -1.5831269
1.71310687 0.808127224
-0.722468913 0.749553382
1.71933651 -0.94560647
0.403055608 -1.39357126
-1.88225687 0.428134173
1.91861725 0.207652599
-0.9184677 3.34890676
-1.84902692 1.27821207
1.77395821 -0.39494592
1.1891278 -0.190836966
2.11798477 -0.813175559
0.345184326 0.119476542
-1.20572329 -0.417388171
1.16713715 -0.423938632
-0.0277739502 0.681627989
-0.271072865 1.03876233
-0.85040307 -0.901728034
-0.133951068 1.22699535
0.101995118 0.206091881
-1.07205224 -1.9860189
-0.566061616 -1.15127194
-1.63087547 0.517745376
-1.55951023 -0.81129092
-1.20992994 0.588831186
0.981596708 0.436559707
1.18128395 2.61357808
-0.361716598 -0.854394794
-0.198872194 0.0496234335
0.735644042 -1.16676509
-1.75067806 -0.561063647
0.518297255 -1.94737208
-1.91667438 -1.58155119
1.6566062 -0.306429833
0.691752493 0.183166981
0.664586306 0.287200183
-0.316701978 0.262029111
0.220149189 1.72109187
0.533867955 0.735328555
1.71846795 0.580953717
0.567821324 0.561508656
1.40747523 2.5639987
2.18884659 1.87203252
0.344992965 -1.28216934
-1.18083549 0.130066276
2.8996737 2.71083307
-1.6235404 1.49923158
0.998857975 0.536469042
-0.17723906 3.3519187
-0.102388449 0.714188695
0.904478788 0.475784957
-0.274390906 2.2317071
-1.08581841 -0.481598526
-0.21393913 -0.414096892
0.738927066 2.21866775
-0.012864504 -0.468130618
0.502303064 -2.01130438
1.03520977 -0.948252559
1.69771898 -1.06395912
1.21223366 0.677099884
-0.208875537 1.05377698
-1.10710371 -0.222966999
0.912002146 -0.380174398
-0.580780506 0.0332063586
0.089151524 0.283162087
-0.191203356 2.60118532
-0.0463872254 -0.781172872
-0.732529581 0.604126871
-0.474092066 -0.0905718356
0.222267464 -0.0544098429
-0.0233887844 0.453407168
-0.0839914531 -1.37617421
0.665250957 0.757777512
-1.31444609 0.583723545
-0.365756869 0.233788043
-0.671400189 -1.06926262
-1.0493772 1.19619644
1.01808333 -0.471485525
1.23227453 -1.70645285
-2.08499622 -0.21546109
0.172103748 -0.246874481
0.530438364 0.284265161
-0.413431078 -0.474926203
0.383675694 -0.425000608
-0.377199471 0.109700218
-1.56616437 -0.888731897
0.12034367 0.803109765
-0.71139586 0.125872225
-0.94322753 -0.2143448
-1.88083982 2.34560156
0.684866965 0.584340453
-1.39107847 1.19479609
0.364723802 -1.23976111
-1.35554588 -1.52871633
0.332917511 0.865603387
0.506920159 -0.282367259
0.646946549 1.74237561
-0.887488365 2.5613687
0.389144152 -0.267947018
0.0063016722 -0.395675957
0.22640565 1.12393427
-0.0784198493 -1.31948674
-0.848235309 0.792674124
-1.576141 0.409301519
0.0476134792 0.697666585
-0.280059367 -1.01402581
1.03553677 -0.49450928
1.07296538 -1.34381628
1.79541457 0.361288071
-1.58826888 1.64571071
-1.60419238 1.18314266
0.685810745 0.622766137
0.109561905 -1.35615611
-1.39497626 -1.52505231
-0.519873083 1.61701822
0.131747797 0.83540374
-0.565119445 1.18995368
0.879220724 1.62772477
1.1916188 0.463731229
2.06151748 0.17567268
0.972816527 -1.38306296
-0.337576389 1.64466226
-0.583462477 -0.010840524
0.0423115417 -1.50673842
-1.26597726 0.694356263
1.18933201 1.01106715
1.44244075 0.190018594
-0.100222394 1.55286753
0.530926585 0.392675519
-0.217779726 -0.881641507
-0.804999709 0.117868841
-0.178224131 1.32865334
-1.20490396 1.30813229
0.631035089 0.14640896
-1.45626676 -0.285420567
-0.550069332 0.432279497
1.99962664 1.42289186
2.2398417 -0.849127829
-1.16757989 0.000822409987
-0.0446375832 1.24121153
1.64064336 0.346068919
-2.11379147 -0.306469619
-0.462284088 -1.02739739
1.3061105 -0.36593619
-1.15458846 -0.0741337165
-1.231969 -1.7515645
1.16659153 1.69105744
-0.0433264449 0.976632774
-0.16021432 0.797093928
0.737356424 0.758771956
-1.06257772 -0.208058342
0.940623462 0.339642942
1.37978137 0.419640958
0.307240427 0.346360743
-1.06439567 -0.391204447
0.99046874 0.377894998
-1.13661027 -2.20880079
0.194411546 0.382440686
-0.897898376 -1.34383214
0.134962082 -1.40611732
-0.0891500339 0.3845855
-0.278903872 -1.83392644
-1.78802335 -2.20013571
0.753716767 0.757629395
-0.308799118 1.08566201
-2.87917972 1.82382965
-1.75133848 0.186838269
0.696378648 -0.407912552
0.724719048 0.731500208
0.55525291 -0.190154791
0.0422321185 -2.45963144
1.68486977 -0.586072206
0.764695823 0.802026629
-0.810748339 -3.00657916
-0.811873376 0.851132393
1.22245693 -0.479926407
0.955126226 -1.67548978
0.309586883 0.870260894
2.01336741 0.338725299
0.73970902 1.23860466
-0.0646613017 0.0936900228
-0.23499912 0.641954958
1.37571263 -0.0839934796
-0.0411265194 0.148734882
-0.021287594 2.94673085
-1.41892362 0.426904172
-1.35698795 -1.31203306
-0.544732332 0.164809614
1.01571345 1.23439145
1.39445877 -1.1180166
0.954211175 1.01401937
0.854495466 0.00418747589
0.652398765 1.10646117
0.761636972 -0.137893438
-0.714951575 -0.575682759
0.868544638 -0.156385571
-0.0439208522 0.72463572
-0.918538928 -0.622057438
-0.794968903 -0.0956205726
-1.28393078 1.16461074
-1.20446873 1.50456142
0.547522426 -0.146542639
-0.346865982 0.107362404
0.418956339 0.925035179
-1.21807981 0.812680244
-1.48599088 -0.264688611
-0.687705636 0.625930667
1.06010687 0.969349504
0.462934643 0.0412730351
-0.724364877 0.099012062
1.72057223 -0.133170515
2.18424177 1.61046529
3.3040328 -0.254237503
-2.11204815 2.1676693
1.1786381 -1.0849185
-0.799543142 0.0421446003
-0.928365648 -0.570912838
1.44819272 -0.785896301
-1.69682074 0.258040756
-1.76515305 -0.285534441
-0.457402557 -0.268158734
-0.13956514 -2.27275872
1.24447775 -0.39915514
0.215719581 1.77883983
-2.43580461 -0.802975237
-0.467006922 -1.21415234
-0.758863747 0.540032029
1.05073547 -1.31699288
0.929597616 -1.53135455
1.53432393 0.542878568
1.0970608 -0.494944304
-1.21134937 0.908896923
0.618023157 0.528832555
2.11115551 -2.08632612
-0.643729508 -1.39439654
-0.760946751 0.177881554
1.07325482 -0.784642994
2.85680175 -0.168910339
0.851178169 -1.27623701
1.41777182 0.196540937
0.582111001 1.43809867
0.564225256 -0.413474441
0.400598466 -0.394535929
2.64270997 -1.7143513
0.270490229 0.833536863
0.339706063 -0.916230857
1.74496078 -0.474738359
-1.32268143 -0.179861233
-1.47095811 -0.977854252
0.00998706836 0.11537189
-0.0790233091 1.61249101
-0.861362696 -0.0116956308
-0.154635355 -0.215884432
0.64482528 -0.297052503
-0.205127716 -0.332578033
-0.257817954 -0.34904477
1.25209427 1.48531067
-0.339452833 1.39151525
0.338677883 -1.36633968
0.0810729414 -0.876047254
1.19247055 -1.18547404
-0.815372407 -0.816274405
2.30207515 -0.884613216
-0.92876792 1.23886502
1.20820951 -0.449979097
-0.866880178 -0.7132532
-0.0142159518 -0.688288569
-1.55220926 1.73055589
-0.187823892 1.81211472
-3.47347784 0.420342147
-0.257329911 -0.593957543
0.508655369 -0.242673144
0.266191304 -1.25056756
0.967367589 0.632760406
0.24040702 1.02472234
-0.452118635 0.0894736648
-3.61193562 -0.644814789
0.0551950373 0.40360415
-2.69130182 0.284881473
0.228589609 0.469604075
-4.00467205 0.219447285
0.261733651 0.348168671
0.128948316 1.50751233
0.268052459 1.47138584
0.401009679 -0.0710505992
1.40454626 -0.444187671
-0.319371223 -0.583541691
0.403691918 -0.0254716948
-0.840920627 0.17103295
0.224226475 -0.385596484
1.052935 -0.379577994
0.431025803 0.631670237
0.273105383 -0.337980062
0.492340207 -0.803490758
1.15546155 -0.764340997
0.101192147 -0.246122345
2.23723602 0.465934157
1.14077079 -1.20725965
-1.1887598 1.07772183
0.102282032 0.215862453
0.491116166 0.136029378
1.29585254 0.324554086
0.23852475 0.69883877
-0.709648252 0.703014851
1.31088924 0.680512369
-0.178150266 1.2561568
1.30951786 1.39141846
0.824566483 -1.23581469
-0.60335052 -0.393935204
0.437562466 -0.438042253
0.501098216 0.0987596214
-0.347958088 -0.68506372
0.720834136 0.382353723
0.0731461793 1.47208917
0.164816201 -1.06977463
0.539875329 -0.212066546
1.37507331 1.50155008
1.70956361 -1.07633269
-0.398406357 -1.85150576
-0.306000471 0.90532279
-2.30869627 0.812722743
0.108258754 -0.537831604
1.84129262 1.84444439
0.466849387 -0.518681586
-2.32888269 0.927877188
-0.517632306 -1.97583556
-1.05252242 -0.927971423
1.77747107 -1.20669508
0.13953504 1.29103851
-1.44621468 -0.727046669
-0.122642443 -0.712254643
-0.327943742 1.27957129
-1.27878523 1.40053189
-0.189498365 0.389481127
0.454936057 -0.912049174
1.48572695 -0.195036396
0.302644908 2.01283288
-0.729440928 1.36748767
-0.431516081 -1.69765282
2.14163113 -2.18465114
0.316518039 1.43712115
-1.19119072 0.0561605804
-0.330909371 1.34972382
0.878618479 0.171929985
-0.842871666 -0.255399674
-0.982028842 0.997091353
-0.486030221 0.675157547
-0.107749119 -0.612701535
0.640825033 2.048172
-1.24609196 0.9656353
2.77745748 -0.294308215
-1.13552308 -1.55146718
0.25304395 -0.929912925
-0.649096072 1.65798044
-0.5939821 -2.26822925
1.07578492 -0.161650762
-1.18662429 0.0952358693
0.320524901 0.799892902
-0.160053045 -0.500169396
-2.10922384 -2.50191641
-2.88955569 0.892387986
0.18341209 -0.678543866
-2.89315796 -0.918924093
-0.308947921 2.46679926
0.928567767 -1.96953273
-1.35318339 -0.446097195
0.590564251 1.20635724
0.992956102 2.2156198
-0.0672644973 1.12394309
3.22285986 -0.354526937
1.45893168 -0.955133379
0.354528964 0.620507002
0.235721633 -0.376415908
-2.07236028 0.150728717
0.474340588 -0.812568188
1.36995006 1.58207166
0.00396046881 0.192906573
1.78977978 0.0735106915
0.220598936 0.0995444134
-0.478140295 -1.35419631
-0.025737904 -2.73184037
2.19154263 -0.400392771
-0.0719877928 0.0178315677
0.442501217 1.05376256
0.550942779 0.465443134
-1.15495718 1.82487285
-0.357842147 0.387465268
-1.21550703 0.408109993
0.162906721 0.0688385442
-0.708654284 -1.28533459
-0.622012854 0.649141669
1.07057321 0.34017539
0.379065216 2.91071033
-0.851115406 0.976494074
0.438181937 1.56559861
0.146173283 1.61860454
-0.118185915 0.387412399
0.781983256 -0.000502046198
-0.796941757 0.221832663
-1.7135582 0.0302526299
0.77452606 -2.11851406
-0.377096683 -0.64207375
-0.421631008 -2.49015665
-0.810700476 0.546410918
2.56833744 0.528461933
0.285527736 1.04140937
1.53750825 0.563831866
1.33755302 1.41836882
0.158696115 0.980591238
0.764525115 -2.02302265
-0.833952129 0.215056777
1.10321689 -0.652323961
-0.116348736 1.01511419
-0.72490865 0.352035284
-0.376078635 0.675094366
1.63729036 1.55851102
0.973240674 0.81903255
-1.08624125 2.8198657
0.243268266 0.155570939
-1.46480811 0.825108051
1.56712568 0.0848011076
-1.08869612 0.568115413
0.878256142 0.237894461
-0.25703305 -0.557194889
-1.59843445 2.24564838
0.168461353 -0.33201623
0.141469732 -1.32303071
-1.35272098 0.954478383
0.896873415 0.775194645
-0.517704904 0.226904541
-2.08440304 -0.510139346
-0.118853942 -0.904071152
-0.597653866 -0.00300365314
-0.769426167 0.0826641172
0.634471714 -0.090823926
-1.98152959 -0.448242277
-0.182932079 1.5953126
-2.64713168 0.0519342683
0.751204133 -1.46388543
-0.640749633 0.952398062
0.669725418 -1.11849177
-1.80960584 -1.08373845
0.303004533 -0.816614091
-1.56751609 0.723668933
-0.431099683 0.192618713
-1.07547259 -0.697128296
0.393296838 -0.228443861
-0.60915494 0.608365417
0.0430377312 1.46960771
-2.52073026 1.29045749
0.146479011 0.365522593
0.33473593 -0.709284127
-0.591071546 1.61900759
-0.418929011 -0.542885721
0.102258258 1.26083589
3.45775008 1.38994098
1.35598469 -0.991888583
0.142152995 0.048991669
-1.04927194 -0.487841159
-0.784452021 0.0837754533
0.214005888 0.689525068
-0.653245807 -0.0605803877
-1.26466632 1.02530062
-0.433579832 -1.45373666
1.13498151 -0.2529338
0.963087261 0.172113553
-2.17165208 0.369374961
0.334102809 -0.285535127
1.91247606 1.01748419
-0.224755496 -0.00369917601
0.777327776 -2.34870577
0.228140742 -0.900931776
-0.0474126749 0.100200459
0.197401971 -0.359346956
-0.134309053 1.60556197
-1.50933301 -0.892298937
0.663861275 -0.418027043
-0.78790921 -1.90257895
0.324463993 -1.69452333
-0.751496315 -0.0734462887
-0.367198884 -0.996811867
1.21779299 -2.42517281
-1.7320255 1.15882742
-1.48637712 -1.77739942
1.78227472 -0.514078319
-0.146089002 1.21643198
-0.269833475 -0.516991258
0.698178053 1.21503949
-0.0879446268 0.390761107
-0.325220317 0.36470598
-2.42846417 0.326438308
-2.16810107 0.504834056
3.69761825 0.0359147042
-0.0666947514 -0.902667642
-0.422284782 -0.227614716
-0.388834655 1.33759689
-1.85646844 -2.90043712
1.06748414 -0.0115496665
-1.35100746 0.261479676
0.215435699 1.09570551
-3.15217257 -0.838373065
-0.60149169 -0.70949471
2.38709879 1.77791834
-1.14480138 -0.345548421
0.780796587 0.628332913
0.736027181 -0.480821103
0.481584102 -0.43178618
-0.239041165 0.166081548
1.22426736 1.6722424
-0.69261837 -1.08949018
1.3480804 0.529916048
2.10058165 -1.07533288
-1.22349894 0.701151073
-1.00066352 -0.233594269
-0.103920221 1.30165458
0.320239842 -0.473097682
1.88964653 -0.779195547
1.37073159 0.411087513
0.929022372 0.20698683
0.682060659 -1.18720102
0.930652857 -0.165074795
-0.817410052 0.500278711
0.358871371 -0.469666779
1.3709166 0.421413958
0.435018986 -0.553411365
0.348898053 -1.10263014
0.118376173 -1.44329536
1.76226306 3.14250827
-0.176748857 -0.278779387
0.155758545 -0.961558998
1.33344722 0.0320704132
-0.907493353 -0.686473131
0.325419992 0.0770780668
-1.62315798 -0.186032251
-0.924040675 1.01770473
-0.712646663 0.281350642
-1.42921364 -2.10623765
-0.246927842 0.374895573
-1.73732007 -1.56603098
0.157265872 1.18500006
-0.984060585 0.334403157
-0.880519867 1.5467205
1.56493199 -0.940478802
-2.0331192 2.79247141
-0.885692894 0.611397684
-1.07378173 -1.84159255
0.0500251651 0.959544301
-0.273857236 0.288162291
-0.0257317107 -0.582909584
-0.189772725 -2.08936286
-1.72685254 1.71288204
-0.156504348 0.444306821
-0.522272468 0.108604714
-0.264459699 1.3245337
-0.135648981 0.22140339
0.498610198 0.0235816408
0.724856138 -0.44018048
-0.708171785 -0.713730991
0.243312299 -1.29679
0.472929418 -0.0775748491
1.73926151 0.943479419
1.58997464 -0.809674501
1.4732126 -2.80526924
0.177303806 -0.922819674
-0.554799914 -0.064478077
0.312992126 -0.633918226
-0.104105905 0.476407588
1.07656467 -0.341906101
-2.00612092 0.238049299
1.56603849 1.80177402
0.774055064 -0.885303617
-1.26858985 -1.53125167
-0.930822968 -1.41142106
-0.596012056 2.11766911
-1.11821103 -1.03916788
-0.245426342 -0.175517023
0.134511814 0.423008621
1.17200685 -1.12307596
-0.121412292 -1.58261859
-1.15497649 -1.01883304
0.810102582 0.998972476
-0.308026493 0.697239637
0.566087186 2.4682579
-2.21760607 -0.0175166354
-0.14968735 1.1299634
0.40412429 0.596045732
-0.775236785 -2.36285782
-0.891699374 0.638165891
-1.56070876 0.827319443
0.541826606 0.164420679
-0.955897629 0.573664546
1.08998585 -0.728859663
-2.16050673 1.9809674
-1.12396836 0.493961334
-0.593211591 -1.01885343
0.632884264 0.132346168
0.0561144687 -2.53363609
0.264521241 -0.888822973
0.517315984 0.0423446931
0.445220977 1.26491582
1.40089738 -0.547969222
-0.940127075 -2.35375762
0.699479163 -0.369138658
2.36211967 -0.902467549
0.930907547 -0.127325699
-0.404371679 1.16762388
1.20830154 0.625885665
-0.714134455 -2.0530324
-0.724749923 -0.409425765
0.506183267 -0.322944224
0.6455338 -1.69250071
-1.8829391 1.98325181
-0.258154988 1.49537992
-1.85787153 -0.441882223
0.665734053 -1.54008317
0.103108212 -0.00396248326
1.2737987 1.18282366
1.50168777 1.8920275
0.167951092 -0.474308938
0.94500196 -0.621045887
-0.132034644 1.06703651
1.93227577 0.0442633964
-0.337241113 0.145639688
0.123760462 0.239653707
-1.35238791 0.199371696
1.0556457 -0.329733133
1.24695301 -1.21689975
-2.08346868 1.33186936
-0.0399893224 1.47110868
-1.50356483 -1.66792822
-2.08217335 1.3418256
0.112183139 -0.27358982
1.13850951 -0.807526469
-0.887820065 -0.464496642
0.746057391 0.140657365
0.58337146 0.189424664
-0.593815207 -1.21286452
-1.63875449 -0.791937768
1.11598337 -1.45574427
-1.85161591 2.21408796
-0.537245274 2.38317442
-0.0660046116 1.49780738
-1.03292155 -1.94279885
-0.445303351 0.607237279
-1.0615468 0.124341726
-2.38331676 -1.20713329
-0.654423296 1.53174329
0.248073816 0.74128747
-2.34597278 0.996012628
-0.695496559 0.835871816
-0.0108640995 -0.232457414
1.27741206 1.94317722
-0.402030855 -2.30174875
0.28382206 1.03742397
1.70639074 2.06946921
0.086647369 0.111412019
-1.42769814 -2.82878947
-1.81901121 0.294674963
-0.1121701 -0.517195821
0.552175522 1.31154287
-0.764739633 -0.00822833925
-1.42045355 1.19396627
0.769895732 -0.452731222
-1.66344213 0.326298177
1.0648371 0.120262042
0.453651696 0.21901378
1.44593072 0.218437716
0.211717606 -1.34268034
1.07359946 -0.442685246
0.0301152077 0.0530321933
2.78776503 -0.184792995
1.57739329 -0.168452054
-2.43058372 -0.508974969
-0.701323628 1.30167365
1.3713522 0.531960964
0.502008557 0.0140193477
-1.68875813 -1.58324289
-0.96825403 -0.00777579099
-0.284216642 0.272042334
-1.25222635 0.937184691
0.412176281 -0.0514703356
1.2048223 0.47118029
-0.861492693 0.308860987
-0.980424881 -0.100023657
0.854836643 1.82859147
2.51261568 -1.02786922
-0.690612078 -1.4403342
-2.05347371 -1.57232952
-0.173881441 -0.167967826
0.490513593 0.483354807
-0.753439128 0.445125401
1.59497678 2.35224724
-1.33785689 0.0335339457
0.102818444 -1.29285026
-1.13776684 2.39277101
-2.79557514 -0.863815188
0.0953467786 0.128955498
0.331826538 2.53557587
0.61638689 -0.389086068
0.811512113 1.24888718
-0.770245612 -0.245399803
-0.122847825 1.12941313
0.738949835 0.769683838
-0.498716891 0.766805708
-1.93020058 0.221383959
-0.166227132 1.12262952
0.378394425 1.12937987
0.123047501 -0.0232267156
2.6582818 -0.0819374323
1.10506475 -0.721188605
1.54862022 -1.67096412
0.857206643 0.837656379
-2.35547948 0.869032621
-0.550744236 0.598872125
1.2914449 -0.612037361
-2.91869235 -0.415804893
0.367847532 0.444284469
-2.43105626 0.928254843
-0.492514104 -0.883825719
0.560728431 0.741385579
0.786431789 0.214589745
0.192853138 -0.617325783
1.55095685 -0.910777211
-0.0265571624 -0.623796701
-1.35670424 0.613189459
0.155455843 -2.64341974
-1.40677834 -0.964367688
-2.10043335 0.302091807
2.3194406 1.29834497
0.23232168 1.88510048
-0.875703037 0.867652655
0.0494829118 -1.1143682
1.07625163 1.50893736
0.535073638 -0.322547078
-0.5305897 1.60808992
0.835173011 -2.02935171
0.0855535418 -0.127839237
-1.27649331 -0.812219739
1.53031361 -0.840899289
1.44579339 -0.367660165
-0.350489169 -1.6568321
-0.422665983 -1.42655623
1.5457077 0.872032404
-0.805027306 -1.59878004
-0.572116494 0.365316272
-0.965827584 -1.33792865
1.29140115 0.547856629
-1.01909351 0.632767141
0.0804120898 0.843624532
-0.183335736 0.686390579
1.19263792 1.19537699
-0.798561454 -0.0179496408
0.607805371 -0.699379027
-0.362452507 0.173251078
-0.00126066338 -0.046420332
-1.139907 -1.08859265
-1.14076185 -0.377632469
0.878840268 -0.339948028
-0.789002955 -0.416407436
-1.18284428 0.313402653
-0.983414352 -0.459386766
1.75982332 -1.17224956
0.660306513 -0.253870994
1.18453288 0.603078187
-0.420173287 0.110240214
0.667654514 -0.149202764
-0.139936447 0.353963345
0.892413795 0.616298378
-0.786949873 -0.637991428
0.192228273 1.41964495
-1.05034781 1.22296047
0.874288201 -1.15239847
-0.283056259 0.439085543
2.15309262 0.216275781
1.4127661 -0.134953216
-0.73883307 0.989961028
0.156242847 1.72011411
0.884570897 -0.770988762
-0.632689357 -1.83785498
1.18355775 0.264441848
1.15049016 -3.18917084
1.33894002 1.17174554
-0.362578899 -0.155491158
-0.523810625 -0.636499941
-0.549881637 0.17230086
0.649216354 -1.40906107
1.74693966 2.09146905
-0.254746944 -0.868705451
0.0861624107 0.606294513
-2.68481755 -0.931948423
-0.561673641 -0.547157705
-1.47135687 -0.242369518
0.498616308 1.77660763
0.0922577232 -1.13235879
0.209430844 1.76615453
-0.923183858 0.502581954
-0.261872143 0.214991763
1.19658875 2.29071307
-0.816860378 0.104001015
-0.463394642 0.302689612
-0.854886532 -0.926352739
0.550082862 1.43144226
-1.03940868 0.712036788
-1.17098045 1.39611816
1.46431828 -2.09630585
-0.622843623 1.37838876
0.177333593 0.00816414505
0.869697392 0.517071784
-0.990030527 1.65538538
-0.143677488 1.00775647
0.618148685 0.291103452
-0.381717622 0.628252566
1.73506725 2.76992941
1.33821869 1.22613192
3.00370955 0.386332631
-1.31892824 1.30831563
1.13144004 -0.869915724
-1.04967868 1.66379201
-0.49588272 1.23476481
0.429408431 -1.34090137
1.18751884 1.18102121
-1.65419757 1.93551683
-1.55472684 -0.725518525
1.01389194 0.99895227
-0.417612284 0.0876232609
-0.13194342 -0.112926781
0.168789536 -1.4284637
-0.343822658 -0.205218986
0.605691195 -0.115899727
-2.07578683 -0.112751395
-0.943486989 1.22478449
-0.686266303 0.701162279
0.105415896 -0.914221525
-0.934497356 -0.906609237
-0.684408605 1.0916853
-0.123013228 -0.101810761
-1.06019795 -1.59941614
0.314701766 -1.17826951
-0.72001195 -0.553107619
0.0393295884 0.0858468562
2.77562189 -0.769646287
1.10666215 -1.1622051
-0.296747714 -0.22110182
-3.02180672 0.0320426263
1.18331885 -1.2213738
2.43106198 2.17763305
1.03874695 1.49729896
0.989630163 -0.021828264
1.44629335 0.684669852
-1.27402341 -1.57264614
0.107723922 1.35697603
-0.612127662 1.18940449
0.380892932 0.581786036
-0.371874124 1.13092005
0.126154214 -0.284970015
-2.84759808 0.70264852
-0.313351929 0.19016014
-1.37029862 2.4626708
-0.078021571 0.202818349
0.678108871 -1.40459645
0.775316417 -0.094916597
-1.75331676 -2.36480045
1.32294977 -0.886947811
-0.392900348 0.978690028
1.85145402 -0.655227125
0.929694235 -0.150606737
1.39974046 -1.09264457
0.00875632279 0.314043373
0.590656281 1.40022206
1.8916235 1.77047133
0.136783078 1.37417781
-1.80784047 0.884667039
2.05144548 1.84616673
-0.505891085 0.0312212408
0.291355819 -1.12859142
-0.537253916 0.775775969
-0.244645804 1.29466832
1.95065856 -1.0554446
0.25444755 0.556877851
0.962355137 -0.878463984
1.48359871 -1.72492969
-0.136607662 0.604003131
-2.33694315 2.53153753
0.384919345 -0.285618126
-0.85649842 0.280590564
-2.13810205 -0.280749589
-0.282344759 -0.501644135
-0.113251299 1.49475062
-0.119699679 1.4486959
1.76785183 0.774600863
1.76860881 -1.34744859
1.18259168 2.29164672
0.450543761 0.987051487
-1.08549547 1.42502606
0.272443891 -1.91876531
0.653252304 -0.931672812
-1.29392397 -1.02969193
0.581974328 -0.530395567
-0.905534208 -0.289131463
-1.57574522 -0.886372447
0.422458291 -0.0315586776
-1.17349672 -0.62523967
0.297903866 -0.452611327
-0.999860466 -0.70871985
-0.92639184 0.125941843
0.340725034 1.57323062
-1.47210753 -1.17301321
0.798133194 -1.97363591
-0.216823861 1.11905026
1.41138577 -0.0776648223
-0.774966955 -0.711789191
0.234413579 0.303710401
0.662556291 -0.0495363176
0.467060924 -0.344664454
1.86091816 -1.06313336
-1.5401715 0.419367164
0.060153082 0.977093101
-0.462298423 0.713446736
-2.86168718 0.734699428
1.9108417 -1.38137054
0.621354103 0.959539235
0.646192312 -1.93047941
-2.88281202 -0.487997055
2.15767717 1.12569404
-0.376175582 -1.55571008
0.651709318 2.22055054
0.529975295 -0.336383671
2.89073133 -1.88491189
1.13104641 0.805779219
-1.64513528 -1.40007102
0.860629976 -2.34206462
-0.513668001 3.18677545
-1.55563426 0.381180882
-0.0800825953 1.13287902
0.174625278 0.583187282
0.0632789806 0.0364754274
-1.06205797 0.765852273
0.622809589 0.520278335
0.238613412 0.897498727
-0.322391689 0.225569338
-0.791332603 0.161689818
-0.188647479 -0.122981213
-1.38265812 -3.30661893
0.570109487 0.781306267
1.36141419 0.0176157672
1.12478077 -1.88349771
-0.645774841 0.711097062
1.21510935 0.947054386
-2.48427296 -1.15662038
-0.585079968 1.46568632
-2.85847259 -0.735961437
1.37370622 1.31515706
-1.12811315 -1.13140142
2.15797472 1.28535831
1.49378729 0.486299336
0.913371384 -0.481139034
-2.43346477 0.880368829
1.98166144 -2.01622367
-1.01777422 1.01247334
1.12983084 -1.61920691
0.629961133 -1.21324182
0.0915032104 -2.56409502
-0.760510087 0.216758952
-0.704006493 0.792969227
0.32856831 1.64731812
0.110233776 1.84677374
1.22746348 -0.03489713
-0.518220067 0.2616961
2.23823333 -1.28417027
-1.71187806 -1.36436808
-2.49947882 0.181753784
1.03378773 -0.725064695
-2.02158117 -1.51477027
-0.583036244 -0.3885957
1.16555548 1.64712644
1.24708176 0.950181127
0.839269757 -0.171485409
-0.460053176 0.750955105
0.730993867 -1.99504542
-0.251262009 2.11455178
-0.352106035 -1.84117091
0.19359909 0.396470994
0.25346455 -0.292969465
1.83127892 -0.686307847
1.78403997 -1.77801025
0.919280767 -0.396805346
-2.13347888 -1.89302826
0.150566339 0.846008897
-0.47286275 0.964984
-0.393650472 0.740521908
-0.762327671 3.1507287
-0.994181693 -0.131540954
-1.30234146 0.656585634
-0.127822086 -0.0252792276
0.139100701 0.256540716
-0.222463116 -0.672063828
2.30970454 1.58459079
1.31861794 -1.75870466
-0.394817024 0.190778777
-0.819001794 0.857886195
-0.164104149 -0.247094348
0.280169636 1.65659881
-0.327120632 -0.418608546
-1.56354082 -1.21762538
0.16915822 1.49398124
0.302948684 -0.576327384
-1.56712914 -0.204184994
-0.362125397 -1.54441249
0.572391093 -0.112841159
0.290582091 -1.49019325
1.73868799 0.319991976
-0.395774662 1.88600624
1.42314589 0.263557196
0.7275635 1.64779842
1.43908465 -0.821456492
-0.786026597 -2.00198245
-3.14495611 -1.03846097
0.0308830403 -1.05508971
-0.366672993 -0.187446415
-1.00292695 -0.125610441
0.517791688 0.142530635
-1.08145428 0.0822158083
0.0933463573 0.133513153
-0.763453364 0.0617948472
-0.608812451 1.43824553
-0.997122586 1.09844434
1.95629191 -0.805064201
0.537356913 -1.18956578
0.572109282 1.95555758
-1.74547911 -0.793419421
-0.401798934 -0.508011222
0.144880757 0.951911509
-1.18607926 -1.35892248
2.15049028 -1.68596709
-0.0558153465 0.692546546
-0.0141749792 0.68001771
0.700567901 -0.34256205
1.39265907 -0.376652271
-0.561075985 -0.695599735
0.880914867 0.89375335
0.569059193 1.20866454
-0.350479811 1.29274166
0.874589145 -2.08242464
1.47797954 -1.27275085
0.777169645 0.037267223
-0.309520245 -1.12258697
0.390933871 0.86815846
-0.997998595 0.240901917
-0.579148829 -1.44542503
-0.559509754 1.57262528
0.458511174 -0.311738133
-0.170981944 0.0800745934
0.243763849 2.10431099
0.882503867 -0.590007663
0.432965457 -0.156707987
-0.00736214127 -0.593905985
-1.05018401 -1.09041107
-1.54509044 1.47202599
-0.181610286 1.48380709
1.79899693 -0.624462008
-3.61919141 0.577551246
0.30480966 -2.03452826
-0.00130910706 1.08310282
-0.353491634 0.559171975
-0.653560162 0.327392101
0.155539542 -0.491487324
-1.64086103 -0.3097758
-1.16104531 -0.548199236
1.32373464 -0.722784102
0.940523267 -0.0715394765
-0.991737783 0.645150244
0.0549098067 -0.106470235
-0.449425399 -0.378951102
-0.372939199 0.76002264
1.58731759 0.183737129
-0.354134113 -0.138220623
-0.433233351 -1.25408673
-2.08122516 -0.151098341
-1.98538351 -0.185972631
0.992654204 0.906865299
-0.0183752216 -0.227008715
0.264691025 -1.64489269
1.57613683 0.965866029
1.57136011 0.566596508
0.432935238 -0.906782627
-0.0871573165 0.958372772
-0.389107168 1.51605451
0.575371027 -0.503648281
-1.09733486 -0.745611966
-0.217731386 -1.19246554
-0.454460323 0.84645468
-0.192366838 0.79860276
-4.28990555 -2.10942197
-2.0744381 -0.056456428
-0.380291641 1.52331936
-1.49212742 1.55392742
1.62111902 1.52482891
0.0961242318 0.122322381
1.88552618 -0.139825419
-1.36647725 -1.94074941
-1.35855973 -0.89884752
0.132393554 0.00420613214
0.935381055 0.86018306
1.23722529 2.19861794
0.647458315 0.990646422
-1.36008561 0.0300112404
-2.21423888 0.489154756
0.402949095 -0.0253283344
-1.71517062 0.492404729
0.786851406 -0.249348179
-2.43444514 -0.7888515
0.0584881082 -0.335914165
-0.0899921581 1.4107852
0.534321606 -0.615273118
1.09039724 -1.26247513
-0.436566621 -1.12909007
-1.54720879 -0.56853646
2.12562609 0.596774697
0.246000454 -1.2723403
1.07748318 -1.80157626
0.829892814 -0.561190188
0.262357026 -0.165186748
-0.205063492 -1.18389535
0.313393176 -0.276758522
0.806964755 -0.066848591
-0.180783182 0.762344062
-1.19931674 0.805848181
1.89589775 0.529250741
-0.499369144 -1.27207959
1.36300087 -0.546053171
-2.23045015 -0.731559634
-1.29011941 -1.36129916
1.55555296 -0.482341319
0.0464866534 0.353208125
-1.90616024 -0.272195131
0.682066321 0.76513344
-0.284006357 0.311843544
-0.732672632 -0.609896481
-0.903169394 0.444341004
0.116290793 0.416233897
-1.1216861 -0.844091296
-1.15086651 0.348186135
-1.01098621 -0.431195706
0.55086112 -1.14647508
-0.246314451 0.899764299
-0.516220272 -1.57971561
-3.13067222 0.949031651
-0.416216671 0.023208756
0.287214339 -1.51817453
-0.836697817 -0.948838592
-1.11118138 1.58174539
0.356856376 0.12923713
-0.739162326 -0.381662905
-0.388004273 1.52660775
-2.29416275 -0.225023717
2.12554216 -0.617455721
1.80719352 -2.00014234
-1.06481421 0.131802276
-1.54147947 -0.608233392
0.702933967 0.733280241
-1.37054634 1.38897836
0.921354234 1.69622397
1.71327186 1.24939561
-1.23349261 0.297064632
0.85259825 -1.31428123
-0.765703321 1.88916552
-1.43314993 -0.97394985
-0.839439929 -1.71385789
0.482416451 -1.48229325
-2.09120131 0.444241166
-0.160940945 -0.0111801699
-0.0307086539 0.560602069
0.574412704 -0.260416269
-1.66139078 1.51915431
-1.05127311 0.397462636
-0.381138116 0.164897352
0.706562221 -0.299429476
-1.96884108 0.550456047
1.41562545 -0.905083477
2.08087182 0.191816092
-1.70702553 -0.424426705
1.03995776 1.86916924
-1.27829671 -1.57254982
-0.455080748 -0.588835716
2.87878108 -0.691377282
-0.376272917 -0.0123466849
-0.457653463 0.0297230892
-1.54442799 -2.23677588
1.36719251 -1.29645503
1.49596381 -2.23664379
-0.162693366 -0.769420445
0.642187059 1.7586205
-0.413599849 0.412856728
-0.731828392 -1.2535032
0.224268317 0.78094852
-1.18663573 -0.431277186
-1.11878479 0.268941045
0.446419358 0.510910094
-1.76532269 -0.810236037
0.0850768089 -0.327858776
1.15453196 -1.85500395
0.0578590296 -0.459996909
-2.54116368 -0.157446861
-0.0748960301 1.88047719
-0.35861814 1.32967424
2.57748914 -0.279568553
-0.457280993 1.43831921
-1.15250528 -0.282555938
-0.40651834 -0.144618586
2.0774672 -0.807440042
0.289943635 0.28752929
-0.806014299 -0.104151569
0.643021107 -0.810516953
-1.08931887 -1.71161938
-1.50535762 0.37120387
-0.992010117 -0.443569422
3.31240535 -1.94137156
-0.0672658384 -0.326207906
0.548843443 -0.431855381
0.942636132 -0.127600774
0.505471647 2.16148734
0.522143483 -0.415084273
-0.406503737 -0.131615877
0.83746016 1.72062659
-0.251466841 -0.134264454
1.0820812 0.383022249
-0.441545278 0.255794048
-1.15767312 0.696054578
-2.32751298 -0.814048052
-0.739356101 0.850650012
-0.0235992856 -0.350335598
0.458070368 -0.866375446
0.802197039 0.964272857
-1.28426719 0.348128557
1.07730293 -0.592089236
-0.319948494 -2.17855906
-0.624422789 -0.29260093
-1.06967986 -0.181617171
-0.948771477 -0.296120703
-1.95245135 -0.181540221
-0.945463836 -1.42560899
0.354803324 -0.0135486536
0.0681372285 0.369637787
0.188231751 -1.06817627
-1.03269887 2.11167431
0.69161433 -2.11505032
-0.905314386 1.91654313
0.4716703 1.43338132
0.429767787 0.102009639
-0.741498888 -2.03401613
0.282443881 0.316689968
-0.0451278016 0.748414457
-1.17356956 2.20565224
1.06207871 -0.608867764
-2.27789688 2.63903689
0.101465844 -0.603695571
-1.3863318 -0.213530824
-2.00055671 1.07773495
2.11542368 -0.686525583
0.579358578 -0.642018199
-0.67849052 0.403953195
0.556987047 -0.726938248
1.82432139 0.186643511
-0.126065657 -0.119828716
-0.0964287817 1.1841929
2.01278973 0.914768398
-0.566126883 0.315651298
0.601289988 0.4913086
1.57826769 1.4203403
-1.71310949 0.078245908
0.983458877 0.175763905
-1.29425871 0.317421466
0.56602037 1.04209065
0.61133647 0.599393725
-1.16487241 0.609900057
-1.21278393 -0.443717718
-1.12258732 -0.737379193
-0.0467792042 0.318622798
-0.14973554 1.08407497
-0.683300912 0.236820042
0.776154399 -1.00237966
0.888099432 0.396173596
2.25161791 0.321542025
-0.158382729 2.59967637
-0.691744387 0.118779339
-1.38677764 0.0253685303
1.33796144 -0.115926988
1.32619119 -1.63452768
-1.17151344 -1.83566463
-0.761527002 -0.072113283
-1.60824847 -0.964086473
0.872246325 -0.422755867
-1.23492491 -0.58201468
-1.09030545 0.656539202
0.628881633 0.942047596
-0.707193971 -0.60441345
2.00210357 -0.162009016
1.97306931 -0.726433873
0.0120215472 -1.02405834
-0.178576067 -0.212118253
-0.0568906181 0.361732304
-1.46549642 -0.367013395
-1.12605393 0.670651555
-0.312239647 -0.527938604
0.565548301 -1.32051456
0.392131686 -0.130996004
-0.590837359 0.989760339
0.273475975 -1.25152791
-1.38107681 2.35427833
-0.0449290574 1.05740225
0.352510244 -0.174326286
1.56014943 1.63150263
1.27921116 1.10012245
-0.229264989 1.23889661
-1.36269307 2.11788177
0.482582927 0.736588836
1.36352098 1.1225121
1.49654126 -0.0742978752
-0.682994962 2.01605177
0.525059521 -0.601112485
-0.0936701372 -1.06150949
-1.14984858 1.05765319
-1.62756801 0.00839872099
1.08104789 -0.930361211
0.371013612 -0.187254116
0.870854855 1.69890666
-0.309256256 -2.4412632
-0.399164617 -2.15545821
0.288229614 -0.456154913
-0.851175189 1.8043505
-0.637744308 1.12776923
0.228844553 0.67670542
-0.210478663 -0.067445837
-0.230586648 -0.564644516
0.843568683 -0.17761603
-1.08273757 -0.308629513
-2.00675178 0.969274461
0.40223074 -0.0893643349
-1.48023546 0.76667577
1.91781878 -0.944019675
-0.510247588 2.55674028
-1.213274 -1.12572432
0.699186802 0.00574064255
0.203334212 -1.02342165
0.229935065 0.208274901
-1.04703557 -0.177509338
2.01909947 0.733625829
0.591243982 -0.0981623083
-0.279056191 -0.546857595
1.37755096 0.190357074
0.723863125 1.25323284
1.26087523 -1.56655383
-0.368199557 -0.0948351026
0.437161922 -0.40653035
-2.14973283 -0.919044554
-0.607641399 -0.907505095
1.01951933 -1.87156808
0.214801624 0.721880913
0.362199157 -0.0060592182
-1.08053446 0.686607301
-2.91607666 0.743350625
1.02267373 0.913293898
-1.12524915 -1.2727313
-2.75792885 -2.93674588
-0.839330137 -0.00857354701
0.854437411 -2.58573794
1.34927595 -1.32756674
-3.16053367 -0.534235597
-1.23017383 0.0237111654
2.5927217 -1.01798689
2.74916911 -2.05336332
-0.387320071 0.206640035
1.33421624 -1.60450792
-0.779019415 1.35163975
1.67652369 0.60738802
1.45166063 -0.174708158
-1.4982872 -0.713576674
-1.12591863 -2.33363724
-0.116777912 0.0815993845
0.557710767 1.1065613
0.558867216 0.650651515
-0.0433506817 1.82617462
-0.846726954 -1.51005244
0.388517648 1.13583839
-2.29341674 -0.31073454
2.91838837 -2.24128222
0.071285598 0.797435045
0.313132346 -0.710492134
-0.814819157 -1.7957263
0.445925623 1.49379492
1.59522021 0.683450878
0.137355402 1.0443058
0.36717537 -0.487260342
-1.78403473 2.04783344
0.450518876 0.101164907
-0.366540343 1.49171853
-1.08440864 -0.723004103
0.264148086 -0.858145833
-0.311078936 0.532313824
0.436347812 0.548498094
0.866654873 -1.02848232
-1.37744451 0.33955285
-0.0960092694 0.712972403
0.00298886932 0.955188274
-0.984844685 -1.61395717
-1.79411352 0.288137674
-1.42647171 -0.881271124
-1.99228024 -0.76467824
2.09054852 -1.30342126
0.0655027777 -0.0592840463
0.603699803 1.43140876
0.163659975 -1.23400843
-2.2385211 0.850787163
0.888756752 0.25251928
0.0774593353 -0.111224353
0.200784713 -1.8258369
-0.930781305 0.0591193549
1.90235317 0.00698477775
2.04665184 -0.0284104645
-1.85327005 0.580459654
-1.39892316 -1.17046213
0.978295803 1.47590506
0.703667283 0.551092684
-0.558874846 0.273156226
-1.2043587 2.81255174
0.246846229 -2.21349216
0.873744786 -1.49582672
1.26901948 -1.47363758
0.177803665 1.61516488
-0.773771465 -0.815650582
1.29643059 -0.21229516
-0.8074435 1.26127255
1.74257064 -0.144489333
0.585458517 0.222779244
0.877059877 0.0718899816
0.265868157 -1.6948396
-1.20920062 0.578655064
-0.703635812 -2.12873149
-0.84585309 -0.132525459
-0.971974075 -1.728531
-0.414009929 1.05170107
0.725735784 0.855338335
0.782893181 0.752039015
-0.137541324 0.587602258
2.16198444 -1.95451653
-0.378404021 -0.306230068
1.29660201 2.49071288
-0.139769584 -0.50756067
0.461658001 -1.52318466
0.349431008 -0.057506334
-2.67658591 0.237977028
-1.7217356 -1.13794255
0.485458851 -0.428581893
1.79001033 1.02403641
0.664042532 -0.183601141
0.24704951 2.33172822
0.664021611 0.877863586
0.125375375 1.58485222
-2.12671995 1.41127682
0.430515766 0.202085286
-1.29129791 -0.611715198
0.0466769524 -0.594323039
-0.992323995 0.030569179
-0.328765661 0.515532792
0.511448383 0.558472693
-2.88126493 0.890982747
0.823768318 -0.715257883
0.11606089 -0.65551573
-0.424736351 1.5074321
-0.378464788 -1.13017881
1.27234769 0.312048703
-0.422935754 1.06765139
0.0945639536 0.710469723
0.0671563745 0.178187385
0.944485366 -1.54522157
-1.95113754 0.36906293
-0.100802936 -2.62066102
-0.425369769 0.177491769
-2.52418852 1.0514245
0.119397618 1.07986081
-0.351830006 1.04202199
0.31174612 3.67639995
-1.94003987 0.638112605
-0.155087307 0.738377929
-0.641195059 -0.111701339
-0.833281636 1.64266789
0.00824682321 -1.84609103
0.663404465 -1.81230223
0.22416012 -0.174369261
0.398286492 -0.268625975
0.835650921 -0.661652565
1.06793463 -0.0248136334
-0.164025798 -1.55397439
0.134887293 -1.23601997
-0.0606292263 1.04230809
-0.360942185 0.271848917
-1.31172681 -0.518049479
0.123860657 -1.19903648
-0.315369934 -0.494090497
1.60742664 1.85797453
-1.29530752 0.353913486
0.482631326 0.423252583
-0.371160984 1.67320967
-0.434090674 1.16888642
-2.40558863 0.105613843
0.387935936 0.180846453
-1.33688223 -1.81062651
-2.16408587 -1.0144664
-1.27746463 -3.58018923
-0.376431733 -0.200418994
0.847325921 0.435056567
0.0782110542 -0.104229696
0.346765161 0.371317923
-0.524544597 1.37276793
1.65511334 -0.442374378
-0.186479777 -0.11198011
-0.439143896 -0.468991697
-1.08416975 -1.03768075
0.741351247 -1.00566804
-0.691263556 -0.244987249
2.19494438 -1.2215215
-1.85720539 -3.8479948
-0.693176448 -1.21136642
-0.0907890052 1.97270465
0.817083955 -1.5036658
-0.946777821 -0.959893942
0.311638147 -1.73318005
0.589780927 -0.827430069
0.677452564 -0.456870347
-1.04345787 0.278392613
-1.16456771 -1.5975666
-0.617355764 -1.12941718
0.857156157 0.108117126
-0.130543649 0.651412487
1.56398356 0.0500809401
0.34216544 0.0585698076
-1.70749187 0.816218495
-0.150285378 -0.876653492
-0.029022608 0.722656429
1.14686573 0.497591764
0.641820133 -1.86757374
-0.938743412 -0.164645776
-1.66789913 0.400037766
-0.149040222 -0.092618458
1.15793478 0.635504901
-0.222071439 -1.24546313
0.456647635 0.665627897
-0.0570377856 2.14447141
-0.2079916 -0.371166766
0.460703939 -0.0411833562
0.222048327 1.31062043
-1.0276829 0.00169228762
-0.834087431 -1.04382789
0.626891851 -0.253550649
0.709692001 1.02068019
0.0614605099 1.76654363
-0.0242929794 -1.63001454
-1.59796238 0.131860971
-0.765352964 -1.33150196
-0.334047794 1.53891635
-0.14362818 1.06942105
-1.69451618 -1.60347223
1.37715828 -0.470370442
-1.04084742 0.0498849489
1.03891134 -2.88762999
-1.43406379 0.412634194
0.616185546 0.984259725
-1.81283545 -0.859815061
1.40256834 -1.12540281
0.802223504 0.815666676
0.823229313 -1.09217846
0.548397183 -0.549422383
-1.43640471 0.700155079
0.550068498 -0.0661257729
1.08782089 0.880976975
-1.44405615 -2.28660893
0.242056027 -0.0441952012
1.54943919 1.10457373
-0.24663727 -0.165653437
0.506769896 -0.318765819
-0.688367188 1.03238511
-1.09829903 -0.885091364
0.335969001 1.19424689
0.153233483 -0.677951932
0.42260918 0.19839941
0.844047546 -1.72941387
-0.651844442 -0.188088268
-0.304900676 -0.523937225
-0.745072901 0.100393727
-1.1363374 0.419939965
-1.96245301 -0.131589219
-1.51238263 -1.01922476
0.268698484 -1.27042174
1.76067233 -0.421192914
1.03202856 -2.69048142
0.43386808 0.895544648
-0.322207093 1.00386417
0.875898957 1.57529068
1.02052271 -0.612993658
0.882943392 -0.53226614
-0.351561278 -0.947200418
-0.773255229 -0.162593246
-1.77625382 1.05982637
0.674700975 1.4543699
0.0348069295 1.08109045
-0.92108041 1.66752815
0.509477258 -0.111318946
-0.905337036 0.0834617019
-0.820319891 0.423900366
-0.928392887 -0.335849047
0.973206222 0.770298302
1.27043152 -1.73256755
3.13664699 -1.30565536
0.495968342 -0.513624072
-1.66560709 0.960139215
-0.886484742 1.11302924
0.162352979 1.15609765
0.335403413 0.733318388
-0.154314697 -0.681525946
-1.38400781 -0.642607331
-2.05377507 0.215276122
0.153131515 -0.512461066
0.275868416 -0.342632353
0.24024564 1.19244504
0.172363102 0.224088788
-1.42758858 0.946796715
0.990828693 -1.2213037
-0.408588678 0.867569029
-0.297768921 -0.107110783
-0.778611064 0.458894074
-2.14405823 -1.51126242
0.938383222 -0.329449177
1.27038169 1.31198072
4.00122881 -0.194766313
-1.34588218 -1.43661785
-1.0448873 -0.279351354
0.767318368 -0.292919129
-1.01531696 0.380391598
-0.228525802 0.668335617
-0.578807116 -0.42147392
-0.111850902 -0.890926182
-0.250037134 -0.429787308
1.17159915 0.793571115
0.234383225 1.11287475
-1.39184284 0.73045069
1.09823036 0.594018936
-1.08760953 0.789910674
2.52542448 0.596090376
1.4642148 1.03850424
0.716216683 -0.249209121
-1.36155796 1.3624537
-1.73168182 -0.65549463
0.450698107 0.289718091
-1.74249923 0.960774124
-0.130595043 -2.93718767
-0.565428019 -1.01611769
-0.665296674 0.04684126
-1.5428226 -1.0822413
-0.131937623 0.509409785
-0.0967629477 -0.616012573
0.0737577081 0.026224684
-0.878747702 0.75153178
0.096852161 0.625939846
1.10155368 -0.136545673
1.44162607 -0.0368943587
1.33155394 -2.44162297
-3.36112094 0.665816784
-1.24630916 -1.74024475
-0.526946485 -2.1184411
-2.01056528 0.320341557
1.06404567 -1.17735326
2.10222363 -0.487595111
-0.445168674 2.83507085
1.75014853 0.990998507
-0.402226448 1.48210657
-0.956995428 -1.63134992
2.28011847 0.723692894
-0.633671224 -0.92837435
0.591296136 -0.216712832
0.88697046 0.552314281
1.06437266 -1.23787844
0.800295413 -0.816214383
-0.561076164 0.636419952
-2.16882205 0.334091693
-0.95869714 2.03096914
-2.34705687 0.714833617
2.19885612 0.094465822
-0.58210516 -0.179228425
0.857113659 0.385795474
0.908934534 -0.358945847
0.313058317 0.968601763
-1.87347257 1.74887013
0.553828239 0.329088002
-2.12222481 -1.41118348
-2.39595771 -0.424820125
-1.89491463 -1.71558309
-0.780663073 -1.22613311
-0.0441770032 -0.351667553
-1.92058456 -0.831696928
-1.94560766 1.25770319
0.22268106 -0.140487611
0.605686545 0.039425008
0.533045173 -0.784592807
1.03506505 -0.215445474
-1.09964895 1.932042
-0.000954207964 -1.58212852
0.407200187 0.429718375
0.942323923 -0.106111899
-1.87794316 -0.336529046
-2.65714645 -1.43480265
-1.56428289 1.45984411
0.531674623 -0.511847198
-1.15670466 -1.87324965
0.0240344889 -0.417002082
0.235195771 -0.717831731
-1.9169718 0.440725982
1.15449417 -1.71751857
-0.971815884 0.592549562
-0.721581876 -0.142044112
-1.8624841 1.30363321
-0.0887938589 2.84786987
0.753154755 -0.286928713
0.832438409 1.82047844
-0.170652643 0.525976777
1.72155774 -0.689111888
0.914543509 -0.674956143
1.5469079 1.39713025
0.26955986 -0.0517184548
-1.11437011 0.216176152
1.37163925 -2.02641416
-0.425987542 -1.05388081
-0.294728994 2.51420069
-1.01669514 0.695811033
-1.53041828 -0.153080747
-1.17967427 -0.912234783
-1.35760701 0.830246985
0.946418703 -1.4226495
4.5517621 1.04988587
-0.703952372 0.43895033
-1.00344145 0.175367147
0.439302057 0.930627227
0.867646575 0.375480831
-0.485637486 0.622812569
0.372626543 0.42934218
-0.705706418 1.25377262
0.722911358 0.26326248
-0.611735404 2.04825521
1.52026701 0.358543754
1.47173023 -0.441103846
-0.911341548 0.455646634
-0.12291161 -0.0710071921
-0.591313183 -0.140871361
-1.07658935 -0.103992395
-2.27939105 0.248692304
-0.177111089 -1.85336494
-1.26481652 1.52219236
-0.464411944 -0.916435778
0.222214803 0.0209591649
-0.64356941 -0.118090704
-0.379283279 1.2054131
0.521075666 -0.56727773
1.0935421 1.89945364
0.32618019 1.77818692
1.13738942 1.52878404
0.570283055 1.1439898
1.49567521 0.0886920691
1.37195325 -1.33096218
-0.955107808 -0.256025255
0.181339249 -0.191464126
-0.162668571 -1.30177093
0.490068495 -0.728178442
1.50604081 0.114028007
-0.785599709 -1.22961032
-0.126075551 -0.814579844
-0.675720453 1.1605134
0.761645854 -0.846053123
1.540941 -0.180925697
1.08993304 -0.33427012
0.916377425 3.11704516
0.356240124 0.768217027
0.777548432 -0.282431036
-0.463444531 -0.255311191
1.05905378 0.723058641
1.34368324 0.175585493
0.239424646 0.188412368
0.254343599 0.416968554
-0.356051207 -2.02159786
-0.101717815 -0.574629128
-0.0387956686 1.25950694
0.0999970585 -1.4089843
1.84348559 1.55351913
2.36890244 -1.28042483
-0.574347436 -0.448918819
-1.42562854 2.10833645
-0.854629278 0.593590558
0.726210237 -0.7376948
-1.66889906 1.57944548
0.705846548 -1.3909049
0.846084535 0.827056527
0.100975186 -0.952778995
1.44547248 -0.709002435
-0.136188701 3.75062227
0.630003214 0.807833672
1.02614486 -0.739307821
-0.395106763 -0.434338242
0.312006295 0.942996085
-1.80767751 -0.527329206
0.208310887 0.242150366
-0.108807996 0.506841063
1.55153322 0.638388991
1.39792156 -0.827655494
-1.00838745 1.83284187
-0.50322926 1.68479073
0.335786551 -9.28901136e-05
-1.37082994 1.31542265
0.820345223 0.311516315
0.265041202 0.480214536
0.876101673 -0.815514624
0.657117367 0.462283194
1.36197329 -0.0925786346
1.75311339 -0.05106958
-0.070998773 1.0114522
-1.20714664 -1.9705385
-0.391774416 -1.00597787
1.10555553 0.838917255
0.565571666 2.29602289
0.545275569 0.515763283
-0.838376284 -1.89404094
0.458723187 -0.707123935
-1.68130195 -2.15201998
1.25159514 1.97592187
-2.30988383 0.699201882
-2.13879633 -1.31391501
-0.213472456 0.233287811
-0.331722677 0.949945211
0.817388475 -0.486937344
-0.525529623 -0.654337525
-2.6335969 -2.56185031
-0.0926524177 -1.2272048
0.659559071 0.443829894
0.554632545 -0.551382542
-0.125397399 -0.868846059
-1.0477916 0.243897572
-1.8232621 -1.66055
-1.17973602 -1.25337291
-3.74457097 0.964626372
-2.32103801 0.454366863
-0.864848733 -0.214177996
0.473563671 -0.57358098
-0.953427732 0.833519042
-0.0831647813 -1.11888623
3.22334218 0.0741874874
0.888626397 0.408331037
0.527815998 1.83527148
-0.624533415 0.420473814
-1.29487121 -0.308020473
-0.196180403 2.18410516
-1.59141994 -0.426972806
0.65233922 -1.03454089
-0.121660843 -0.871521533
1.32698274 0.38589403
-0.355856031 0.995218992
-0.518589377 -1.41132939
-0.81779021 1.17235267
0.417524695 0.876586854
-0.0153897516 1.01080656
1.33357501 0.380002111
0.166141316 1.62362075
-0.0895449221 0.346229196
0.225119635 0.173437864
-1.0946511 -0.00400400534
0.117688909 2.12875462
1.71494186 2.13244748
-1.25302815 -0.424194157
-0.114141077 0.272255868
-0.94402194 0.207769066
0.15550229 0.0859621912
0.80092299 -1.66314614
0.521071732 0.999242306
-0.150331423 -0.191956624
2.0154233 -0.660474539
0.425757885 0.46062696
-0.919613123 -1.60229588
-0.0162676238 -1.12151897
-1.27916932 0.134100869
-0.71820879 -1.3113333
-0.487146676 1.20485616
-1.20605958 -0.136009559
1.0416137 -1.6342845
-1.373142 0.136738077
1.08243144 -0.942566633
-0.792285562 0.966884315
-0.242122725 2.85093689
-0.413502783 1.09038997
-1.27960157 -0.958127081
0.398447394 0.477577955
-0.943680048 0.320549548
-0.878270149 0.577053308
1.0614326 -0.501868427
-0.276603669 -1.66668797
0.935952425 -0.570569217
-0.229559451 0.0678229183
0.594424129 -0.458758861
-0.0161528457 -0.301155895
0.850499272 -1.06475055
-0.371713847 -1.06250429
-1.14441872 -1.84596646
1.10904253 -0.717329741
-0.544873297 0.174705714
-0.724527955 -1.06255496
-1.07361865 1.51243174
1.91038775 0.804175317
1.59264147 0.361851037
-2.75383782 -0.606881082
0.132441327 -0.106250718
-2.4441309 -0.993713915
-0.3068766 -0.687584043
-0.885773897 -0.819591165
1.01503336 -1.52501094
-0.358727843 0.71092701
-0.077659741 0.305228144
0.31424886 1.09573221
0.0231402926 -0.448960721
0.226893663 -2.68285012
2.07745481 0.136334881
-0.0947764963 -1.17248702
0.0970726088 1.97554839
-0.411611199 -0.517011583
0.0623306222 0.569444895
-1.16542077 -0.314583421
-0.620119333 0.797925949
0.743881702 -0.60046345
1.2404139 -1.53653431
-0.876126885 0.039035894
-1.61235762 -0.0644220039
0.590862095 -0.0921166092
0.713797808 0.169634789
-1.21914148 0.206807703
1.57871008 0.946114063
0.268265426 0.131078675
-1.07675409 -0.83115232
-0.11697071 -0.114394359
-0.910264909 1.11685979
-0.280656815 -0.424191624
0.308651447 0.985264063
-0.915284336 0.0334039479
-0.724202871 2.04635167
1.25112402 1.50373888
0.671523213 -0.0499794036
1.11377275 2.08593249
-0.49327153 -0.124634594
1.20026326 -0.29712221
-1.5060612 0.904834926
-0.878618658 -1.63283265
-0.963857293 0.45242697
-0.217174143 0.174075767
0.498395085 -0.257599562
0.300472885 -1.80920851
-0.346352667 -0.239881352
-1.40430272 0.367270201
0.19991982 0.267766714
-0.170234218 0.97646451
-0.108129717 -1.04703772
1.64123428 0.335986555
0.959056377 1.04906762
-2.16615248 0.716799319
0.175259918 -0.337787062
-2.15662861 -0.90699631
-1.238029 -0.535281181
-0.0328388363 -0.803557754
-0.425045639 0.414013356
-1.17367864 -0.316549361
0.704579115 1.80007982
-0.248953536 0.614684939
1.79515529 1.70493495
-0.668055058 1.52149928
-0.141465187 2.19674683
-0.151533738 0.628538966
-0.097255975 1.70323086
-0.270079702 3.04142523
0.340137243 0.717657208
-2.76147795 -1.35966444
0.173657209 0.619526207
-4.27262858e-05 2.50744152
-1.92947507 -0.825120807
0.170072064 0.149258122
-1.70703602 -0.19845818
-1.03008616 1.75338614
-0.498803288 -0.0186007284
1.59267271 0.0720775723
-0.502254128 -0.7792117
0.615650058 -0.554789126
0.8426947 -1.49464417
-1.42980361 -0.453393966
-0.409824014 0.201041013
0.126551211 -0.104608886
1.48494434 -0.588887513
-0.548481286 1.21342731
-0.710161328 0.638455272
1.15810287 1.04857922
-2.24624038 -0.452496886
0.268763125 0.813767314
-1.37426615 1.56363857
1.22792518 -0.23458907
2.02055049 0.859273553
-0.0940502211 -2.09524632
-0.846177995 0.0104204621
2.31114912 0.165510923
-0.336759061 -0.0705278218
0.702783942 0.036464721
-0.253099233 1.85304785
-1.40830886 0.795835495
0.807996511 -1.64961576
-2.15163898 0.415300906
-1.207865 -0.412893772
-0.157260492 -1.67717874
0.0946753994 -1.36701488
-0.481023967 0.0735937655
1.51729393 0.765120387
-1.33170485 -0.892708898
0.0943511054 1.67326188
0.524952948 0.422871172
-1.82740903 0.260998726
-0.848097801 -0.468136817
-2.28325772 0.470575482
-1.03397906 1.51728642
-0.827443123 0.160641938
0.542476416 0.303385139
-0.359079957 1.51527202
1.20585394 1.30454385
-0.559879839 0.790223122
-0.0268414468 1.93877327
0.78729409 -0.55957526
-0.384553552 -0.160366088
-0.854294479 1.18408453
-0.58306855 2.36751986
1.41899669 0.333031446
0.194223881 0.527324617
0.790944457 -2.27902508
-0.393595636 0.0700108111
0.022246927 -0.742236853
0.518747985 -0.310199589
-0.669318497 3.01117039
-0.669107378 -1.84144008
0.413163066 0.123824067
2.16391253 1.67218459
0.987623811 -1.98345828
1.85118449 -1.75377595
1.66130447 -1.49829578
-0.973364353 2.09518933
1.7220372 1.66111016
-0.412629902 1.2116555
-1.56504512 -1.18498969
-1.6610899 -1.37076032
1.67517138 -2.32679677
1.49122775 0.619886279
-0.736059129 1.08482945
1.21038151 0.233363152
1.73883307 -0.909213543
0.583937049 -0.753098965
-0.555280209 1.45928395
0.227504358 -0.0366424359
-0.366970748 0.129053473
0.362056643 -0.161202416
-0.711233139 -0.515333354
1.46360087 0.543147802
-0.261355042 0.109585658
-1.45443082 -0.268742919
-0.622122347 -0.639090836
0.356374323 -0.531034827
0.360466391 -1.1273855
-0.792464793 1.64885402
1.80152285 0.872828245
-0.418028265 0.542777479
-0.941885889 2.36382508
-0.124116376 -1.13857293
0.355540246 1.45509148
0.331163049 -0.278541654
0.24513866 1.68778181
0.831142843 0.729386985
-0.563267827 -0.918186724
0.316143066 -1.41690409
1.23676586 1.1735785
0.690773249 0.341947049
0.266452521 -0.869861484
0.803917527 1.05307484
-0.37334156 1.49168956
0.393442363 0.249238342
0.461147964 0.432997406
-0.395369709 -0.308128148
-3.29254031 0.368584275
-0.0727805197 0.762520194
0.0810372755 0.87899977
2.03909588 -0.816358626
-0.357246757 0.258501053
0.465548784 0.804282546
-0.564812899 1.60765755
-1.4652698 2.01009035
-0.445355415 1.8401829
1.24496841 -0.287655562
0.619963467 0.816338241
-0.559207201 -0.412496567
0.190658584 0.449040294
0.462198585 0.679141998
0.082033582 0.837234974
-0.377753973 -1.21126986
0.208105847 -0.535720348
-0.0414804891 -2.4730041
-0.361823469 -2.29185319
-1.10672104 0.891964138
-0.568267763 1.56601775
0.826684356 -1.36326182
1.28991163 -0.13008745
-0.291282535 0.50843215
-0.727766156 2.69838834
1.15268552 1.54216266
0.01683015 -0.354527593
-2.47480917 0.876734853
1.86219597 -1.4585073
1.88127518 0.273230165
-0.00783142261 0.38591212
-1.1449374 1.24456894
1.16600454 0.303903311
0.574809849 -2.45960879
2.03953528 1.449646
-0.634919524 0.0270541459
-1.34786856 2.20011902
0.241406664 1.21622682
1.79949522 -1.26430881
2.1776998 -0.469864607
0.462582827 0.462633699
-1.31944287 0.0584428981
-1.6339277 0.375548333
-0.199473545 0.816478729
0.447241426 0.122673079
0.681090236 1.3092736
0.373194546 -2.3714807
1.17217243 -0.560492396
-0.890065074 1.70998812
0.243699461 -2.1455245
-0.497982115 -3.01217341
-0.936271966 -0.563637316
-1.83662999 -0.717554927
0.953881502 -0.201631337
-1.13814318 -0.783502817
-1.88308096 0.726832628
-1.9231348 -1.39352012
1.36525905 0.847082794
0.786709726 -1.42452812
-1.12358153 -0.03559025
-0.193138286 -0.0882162228
-0.800256073 0.762886941
-0.981593013 -0.310579002
0.105632253 -1.1206342
0.380091071 0.221715584
-2.17140722 0.0213151313
-0.118792489 -0.349033922
0.81548959 -0.345650494
0.639147878 -0.135177344
0.138793334 1.1318202
-0.264944613 -0.000920701772
-1.74743485 0.641729772
0.701364517 0.417499185
2.02724886 -0.536519468
0.405308187 -0.174805686
1.56823146 0.736340642
0.391478598 -0.441546142
-0.142872393 -0.492049426
-0.425572723 1.06056166
-0.372920305 -0.6323874
-0.801016867 0.24765563
2.48504901 -1.8671968
-1.65737474 -1.90804064
1.45404339 -0.366549015
-0.795647502 1.43587255
1.41833711 -2.69728327
-0.135996431 0.0559541956
0.182802394 -1.25137746
2.16114855 -0.464734048
0.0167350657 -2.02036738
-0.354396552 1.39834499
1.55483603 -0.105408065
1.05724907 1.64268041
1.30469859 -0.436116695
-1.89348674 1.24556971
0.375176311 -1.39774942
-0.177400216 0.205390751
-0.6579476 -1.56020951
1.0720098 -0.364520103
1.0887661 -0.523158908
-0.827772975 1.47078478
1.50285673 0.0372848548
0.013956679 -1.16014516
-3.25619411 1.3095001
-0.501703918 0.0302677378
-0.627665937 1.23473346
-0.4820714 0.780614495
0.311826259 2.36414909
-0.978934884 1.19220304
0.0892382786 -1.41261363
-0.716080308 1.27808762
0.291322559 0.0927292407
-1.28607953 1.66124153
-0.973950863 -0.00263607502
0.316131264 0.187242985
-0.405591458 -1.92041242
-0.05820214 2.22730684
-0.820311546 -1.80208933
-1.77712393 0.758044183
-0.190121785 -0.695925117
0.514605582 1.35797906
-1.66410911 -0.481466979
2.12356305 0.650690436
1.182078 0.162859827
-2.29329014 1.60301912
0.466964811 -0.401380956
1.97377777 1.57702959
-0.196645498 -0.655896842
-0.305624098 3.23036861
0.697898924 0.107534237
-0.392846078 0.682682753
-0.286074638 -1.24171376
-1.32427752 0.812921345
-1.75399363 0.97879231
4.18610001 2.72131944
1.23874545 -1.26870167
2.80257726 0.893210828
0.0345502384 1.47799611
0.213808581 1.25970984
0.155708432 -0.318873107
-0.77223599 -1.52762103
0.573307037 0.934194565
1.05022693 1.22098887
1.04063892 -0.328446209
1.63118947 -1.28909922
1.16849542 -1.59617949
0.627714097 1.77295613
1.93933594 1.61316657
0.242490903 -0.0409275815
0.00566252042 1.41135585
0.177528903 1.48642457
0.736721694 0.315201938
0.0251214374 -0.663628697
-0.313923866 0.49645561
-0.698625624 0.524267554
-0.0914574265 -1.2503475
0.243185312 0.993242621
-0.445872873 1.53511965
-1.6345793 1.60378885
0.864442348 -0.914008856
0.64267832 1.55472159
-0.171938807 0.482461631
-0.221645787 -0.866241515
-1.33512008 -1.02916431
0.379099578 -1.01199484
-0.437808603 2.26594353
-0.276820511 -1.79844832
-1.0324831 0.460939974
2.34740925 -0.214783594
0.708000779 -1.70193267
1.33583033 0.321077406
-0.0335547999 -0.244486541
-0.354097873 -0.610003591
-0.0932946801 0.634724617
0.941299617 -0.964013934
-0.498774737 -1.8537519
0.0331534743 1.58083963
-0.308605313 1.64658546
1.77044225 -1.50621295
1.12628675 0.487145007
1.80836165 -2.45825553
-0.494541705 2.44485855
-0.909484923 1.70429969
0.788701236 -0.228755668
-0.779135227 0.0758492053
-0.72887516 1.57933748
2.84888697 -0.703780591
0.3235659 -0.299077064
-1.91990328 0.7516976
0.637111962 -0.461484283
1.36364722 -1.05406022
-0.773275077 0.432333827
-0.407967746 0.233939424
0.102228709 -1.59644902
-0.145257652 -0.404767185
-0.652953386 -0.759077847
-0.163039327 -1.67463601
-1.5850811 -0.556133509
1.85713458 -0.87531811
1.02886629 1.36073744
0.53725189 1.52293384
-0.986979663 -0.908709288
-1.16043687 -1.1962589
-1.06816328 1.75620365
0.578328967 -0.491974562
-3.13947415 0.599481046
-0.0822587088 0.356701523
-0.955465317 -1.41903484
2.64887047 0.293709785
-1.919595 1.72557366
1.09380662 0.123002172
0.596073985 -2.62170863
-0.684600472 -0.246642172
-1.68357265 -0.468530476
0.969247937 -1.19127154
1.34896004 1.38989735
-1.19263709 -0.463831931
0.916885555 -0.0501877107
0.204986438 -0.558726192
0.462300539 -0.682697535
-0.647592723 -0.0775801241
1.21530187 0.863903701
0.708206892 -0.917405963
-0.286310107 0.238362953
1.25790095 0.580337167
-0.961367607 -1.68651152
-0.0475260578 0.6459319
-0.820822358 0.407802522
-0.219047427 1.10259128
1.0439291 -0.229801089
-0.477195561 0.545100689
0.40084371 1.44026339
-0.758502662 0.164874643
1.54788578 -0.762504637
1.14772773 -0.862992823
-0.769725561 0.549921811
1.7686255 1.15376115
-0.441367 -0.71232295
0.562144518 -0.430176228
0.481948972 -2.46808815
2.95188236 0.688598812
-0.306745797 -0.212618858
0.298595071 -1.03434944
-0.00987318531 1.00342345
0.373137057 -0.445742458
-0.751580715 -1.2149601
0.9364326 0.171563357
-1.68212605 -0.0262831748
1.36840034 0.924463868
0.219085932 0.351596624
0.570117831 0.541003287
-0.462481648 2.7600913
-0.417925954 0.0274988636
0.551929057 -0.338720649
1.09652722 0.416446
-0.589866638 -1.2832799
0.330323875 -3.46594095
0.77843225 -1.71807802
-0.346684277 1.69908631
1.29097676 -1.71487093
-1.86446476 0.932846308
-0.395610154 0.0450146236
-1.49076641 -1.53779173
-1.6682806 0.579796612
-2.54015017 0.723246634
-1.78925312 2.00634193
-0.0614619404 0.52889955
-0.570495069 0.812492788
-2.72045755 -1.54521644
0.0425584391 1.30946851
-0.227602318 0.155452073
0.712048352 0.565701246
0.217720047 1.5439738
-0.801101089 -1.721596
-1.18831921 1.26115656
-1.95805883 -0.706630111
0.033613462 0.256167531
-0.359146327 -0.367607147
-1.09611666 -1.21249557
-0.513323247 -0.803959727
-0.816290498 0.129368678
0.730282724 0.51281935
-1.37559164 0.268184483
-0.829848528 0.876966298
-1.04089487 -1.2261709
0.611364961 1.06343591
0.0942654237 0.136829168
0.533510804 -0.169480979
1.560444 -0.127614141
0.0489423871 -0.821474016
1.56318974 0.490820438
-1.26482773 1.67094028
-0.578739762 -1.36184955
-0.478573173 -2.22617769
1.94125831 0.623047888
1.35451305 1.09405208
-1.78406858 -0.377432793
-0.131590948 1.39272201
1.1186831 -1.6016742
1.01436663 -0.820229053
0.117184579 0.755231202
1.68566322 1.85610318
1.01205742 -2.70182061
0.148875311 -1.7341013
0.193845958 -0.138671011
-1.54433703 -1.51065481
-0.134229049 -0.0822296143
0.749928355 1.13113594
0.853448451 -0.981079996
1.38717425 0.41295442
0.719115019 1.14687371
0.424259067 -2.12373924
0.799362063 -2.16475415
0.783989906 1.30140328
-1.19636369 0.14658612
-1.15289593 0.406490982
0.249096856 -0.736312807
2.69414687 0.846007645
-0.0415118188 0.0693336129
0.774189055 -1.54752207
1.48100102 -0.0729408264
-0.932448924 -0.691149533
1.05332828 0.243488371
-2.88984871 1.11986768
-2.12144399 0.51779598
0.823471069 0.793791175
0.428536713 0.551281869
-0.453315616 -1.05779839
-1.91560161 -0.867451131
-0.313209772 2.21655464
-0.790272832 0.903627515
0.842574 0.478613138
1.62217391 0.552285552
1.32452917 -0.526244342
-1.65194631 -1.46810138
-0.122762978 -0.680942297
0.473610133 -2.18394613
1.09846592 0.288589656
0.221885815 -0.540951252
1.46961868 1.30419111
0.896458626 0.130375877
0.343626797 -0.684356511
-0.153549582 -2.20934248
-0.445020914 2.83373928
-1.506181 -0.223242804
-1.61675835 -0.344917864
0.0201481208 0.00131036714
-0.479287297 -0.209031284
-1.71105921 0.373770744
-1.5281266 0.623929977
-0.835918784 -0.173795357
-0.947275639 0.0213562511
1.03408265 0.24556087
-1.98206341 -1.14529443
-0.763935983 0.812199533
0.53670013 -0.85782367
-0.803440452 -0.58008498
-0.635821223 0.0138951354
-0.938020647 0.0155172218
0.232726142 3.95998478
0.0781495422 -0.48857525
-0.296082675 -0.0474322066
0.176868632 -0.550358117
-0.28858465 -1.38211823
0.205468282 -0.0190018155
-0.367670834 0.417300344
0.716213107 1.01446784
1.09270346 -0.0211684555
-0.0146148596 -1.14858592
0.801485538 2.29029274
-1.49997807 -1.25988293
-0.361940771 0.725159764
-1.7813555 0.681026101
-1.73200858 -1.48059916
-2.46924424 0.873265147
-1.67201746 0.790890574
1.40580714 -0.946143448
-0.226463929 1.75885499
1.30669522 1.65171993
-2.02658319 -0.605089426
0.809269249 -0.881504655
1.10783243 -0.564483643
-1.29059219 0.862862349
0.41181016 -0.917419374
-1.27615702 -1.13037932
0.834359169 -1.63991857
1.56948411 -0.330787748
-0.379565895 0.0955540389
0.413079411 -0.343938589
-1.77076697 2.23779988
1.82832205 0.894487977
-0.739079356 0.287244558
-2.48543 -0.477609098
1.14296067 -0.699596167
1.20854747 -0.142879888
0.213938683 -1.22901952
1.24092937 -1.47457623
0.156568378 0.827593029
-1.56675315 0.664872646
-0.746975303 1.87688446
2.07553649 0.114523336
1.63771081 -0.25712809
0.807196319 0.425574303
-0.69356668 0.0575782023
0.908087015 0.528187633
0.232717738 -0.802013278
1.48410797 -3.07816696
-0.10348136 0.144355983
1.81420517 1.21707439
-3.08793044 0.832171857
-0.849891484 -1.79736483
0.152996436 0.586587667
-0.569461644 -0.0335189253
0.448701352 -0.798988163
-1.38357878 1.35426879
-0.660158992 -1.032933
2.03003979 -1.30809343
-1.0425086 -0.418405205
-1.22792399 0.545848846
1.04275489 0.324409992
0.544374287 -2.339329
0.305250674 0.638023734
1.3983252 0.557918012
1.13973868 0.658900917
0.110560589 -0.105436042
0.90123421 0.214700013
0.0852063671 1.49228656
-1.48383653 1.27516401
0.909914196 1.74105608
-1.36707091 0.117665172
0.133172825 0.560858309
-2.15485001 -0.71413821
1.23959625 -1.0010103
1.73658764 0.896151841
-0.221072987 0.0469669215
0.143019229 1.42420554
1.12460029 1.10221887
-2.10522938 0.496629179
-0.580357969 -1.10496998
2.28360438 0.897271991
-0.55793649 0.669375896
-0.978203237 -0.582138479
-1.01802814 -0.366393924
0.422388971 -0.777329803
1.544011 -1.24072182
-0.129383743 -0.223138958
1.4530313 -0.836232543
0.528222263 0.150800198
0.621473312 -1.03937519
1.2216363 1.54966426
0.0408703238 -0.435338855
1.46586466 -0.826147676
1.38729823 -0.558457494
-1.75757504 -0.0368883684
-0.0370740518 0.684472859
-0.394002557 -0.349361092
-2.55410314 -1.56130409
0.140445545 -0.604066133
-0.998183072 -0.263547212
-0.126569614 -1.38504052
1.99616289 2.2305789
-1.69320095 -0.105879024
-0.441923708 1.49920177
-0.624850988 -0.8495906
-0.999587119 -1.55243897
-0.948904753 -0.743479073
1.03249252 -0.0619383827
0.807029724 0.300441265
-1.35468137 1.45851016
-0.271303594 -0.803491771
1.06902528 -0.236333489
2.4240551 -0.0573973581
1.73304987 0.397445112
-0.427060097 0.610208094
-0.0530875474 -0.775944948
0.89817667 -1.58483398
0.125979871 0.148367226
-0.0770702139 -1.00099719
1.09076703 -1.05215192
0.842140019 -1.76522529
-0.51197058 3.27873492
-0.705072641 0.302853644
-1.31067777 0.0664225742
-0.900241792 -0.0496124364
-0.304761499 -0.96005857
-1.36378908 3.27746439
-1.37446558 0.240454584
-1.35630774 0.348539501
-0.19830665 1.27606523
-0.360544145 -0.982500076
0.0290321335 1.01096225
-0.756825149 -0.756618142
-1.69768548 0.147302583
-1.14254057 1.98582935
0.0820895284 -1.11082554
-0.144368291 -2.50540757
-0.913622141 0.0126850903
1.64151442 1.18888664
0.0608848147 0.691884995
0.287043065 -1.40420222
0.710434675 0.617218196
0.00624930486 1.00454211
0.722536504 1.23970771
-1.90529931 0.390616506
-0.274993658 1.79713166
-0.680893302 0.323998868
-0.0595545694 -1.09157467
-0.0451284871 1.951334
0.805136621 0.862908483
0.412555069 -0.802474678
-0.0133348042 1.14372039
-0.530620694 0.952541649
-0.228090137 0.757702947
-0.519246221 1.5102514
1.20977485 0.356465906
0.394434303 -1.17128062
0.467715293 -0.00576499104
-2.82446265 -0.989672422
-0.710821629 -0.0472196229
-2.60730743 -0.558608949
-0.55036974 -1.62752092
-1.0584482 1.02615023
2.15003014 -0.616580486
0.128216013 -0.3152107
-0.497366101 0.545947194
0.567848325 -0.272916436
-2.83861256 -1.62356615
0.407862663 -1.20701814
-0.0465693921 -0.28973186
0.0633714199 0.376801908
-1.13159597 0.864113331
-1.44779277 0.999246418
0.73270607 -0.77213943
-0.0106395232 0.145888329
1.232054 0.943634093
-0.294169128 -0.758407891
-0.54753983 -0.166722924
0.557610691 0.675221801
-1.26158547 0.374974489
-0.152309582 3.33762383
0.132142335 -0.0954241529
1.84038067 -0.424227178
-1.69179475 -0.61275208
3.08532619 0.448563814
0.181068659 -0.401834548
0.252600461 -0.577074409
1.09253836 0.816810369
0.165200934 2.04153728
0.649506807 1.25083065
-0.361566901 -1.21849132
1.85921919 2.02912283
0.549903274 -1.64611149
-0.45604369 0.420982003
0.63460207 -0.212660551
-0.575795949 -2.23491144
1.32422256 1.4152751
-0.618251801 -1.40387762
2.29229212 0.691938341
-0.175352603 -0.349982113
-0.656740665 -0.953286588
-1.60046387 0.129148096
-0.424146712 -0.0795711502
1.81172073 0.739274085
-0.446951985 -1.15590453
0.251336247 0.870645523
0.22868681 -1.14334381
-1.57979 0.439255655
-1.34997547 -1.41552091
0.771641314 0.560051024
1.6961993 2.01660228
1.05899704 0.697874665
3.40944719 0.78323555
1.38512516 0.132798836
0.644437611 2.19953322
0.257949799 -0.0101478212
0.381922781 -0.0432902426
1.08978331 -1.3994658
0.112596683 1.39349329
-0.646966517 0.140936866
-0.347167313 0.724668026
-0.432076216 0.109833471
0.735547066 1.09388149
0.938555956 -1.00939727
-1.65605509 0.684140563
1.75259686 0.755838275
0.310999066 -0.520806313
1.08777654 0.369725913
-0.481506944 2.16104245
1.21059561 0.647507966
-1.22455764 0.67610991
2.06476784 -1.00525916
-0.611947477 0.607670903
-0.755954027 0.295320868
1.17112875 0.181040451
1.79867637 1.71036839
2.06532955 -0.982658863
-1.02764785 0.144548386
0.429972887 1.04322982
1.82154167 -1.22191775
0.421492755 0.217768386
1.96260333 0.958983541
-0.25311932 -0.648553252
1.29175448 1.76543283
2.49238968 0.496834725
-0.175503716 0.473234743
0.0637720227 -0.206681475
-0.305117548 -1.54404509
1.82494259 0.748774767
0.269311458 -1.09889746
-1.12713647 -1.15782666
0.67353791 -0.0696172565
-0.292184949 -0.0939852148
-0.581630707 0.0992050618
0.600395203 0.0770979226
1.40239441 0.941310167
-0.371778965 0.680810392
0.700119555 0.209771737
0.527652144 0.122176141
1.32886589 -0.112605624
1.53884411 1.16349971
-0.27632755 -0.621758521
-1.01769459 -0.834848762
-1.99330091 -0.93354398
-0.672398031 1.72060299
1.00263894 -0.739758313
-0.58808583 -0.134044468
0.432873219 -1.91540575
-0.537024915 -1.61100399
-1.94269669 0.724661231
1.51066303 -0.0716913044
1.72415519 3.20154047
-1.41768098 -1.59844589
-1.5287658 0.772079647
0.428773969 -1.35280228
0.466682047 0.35062018
1.63480234 1.79255807
-1.8186909 2.14437771
-0.235390782 0.409583688
-0.165331721 -1.40967667
2.35612869 -0.0482857861
0.132613063 -0.577693641
-0.584294617 -0.34892413
0.451691628 1.93286562
-3.12619138 1.7904644
1.91387331 0.517008662
-0.602716923 -1.42926812
-0.440271586 0.662638307
1.15279853 0.12599431
3.00498629 0.373984545
-0.580904245 -0.398461133
1.10703874 -0.89589709
1.28915322 0.119341865
0.890671194 0.248567298
-0.12819773 0.165866375
1.8317647 -1.59274077
-1.32868993 -0.138078436
1.81048977 1.77502501
0.626550317 -0.0752864629
-0.513822615 2.0577898
-0.394359887 -1.00271416
-0.823148787 -1.68500555
0.666188061 1.59231102
-1.23353851 0.828790009
1.08090401 1.77840853
-2.83849907 -0.717431426
-0.393166363 1.24396181
0.0507779047 -0.899439812
-0.865074158 0.648840904
-0.381453186 0.73604393
0.667888522 1.89992297
0.609148622 -0.524878979
0.0219221991 0.470935851
-0.101101339 0.141498268
0.716696382 1.26955032
-0.272051454 1.81198215
0.0969713628 0.36841926
0.203674018 0.381291181
-0.381712615 -1.56246519
1.22525275 1.8479718
1.7068491 -1.17748773
-2.31858301 0.309477895
-1.00120986 0.991925597
1.41183937 -0.191653788
2.19207001 -2.62128472
0.804931402 0.769300997
2.06024909 0.558003426
0.678836942 -0.635145068
-1.78360462 0.430800617
2.41414118 -0.597405076
-1.65835345 -0.323112398
-2.24400306 1.68661964
-0.212113366 -0.641886055
-1.69534969 -1.81318772
0.730135798 -2.1153059
1.24609852 -0.410616249
0.470294088 -1.72749615
0.853041947 -0.807121038
-2.98259068 0.316873372
0.924155593 -0.59394598
0.595755756 0.212066591
-0.311641574 1.35576582
-0.331818461 0.645397246
1.62800157 -0.0529803485
0.227558464 -0.552993774
0.0555856377 0.0535328574
-1.1129638 -1.4253
0.840256751 -0.218315929
0.374702901 0.369134009
0.455694914 -0.0156584568
1.61723304 -0.28740263
1.4030354 -0.480398417
-0.781241357 1.22732306
0.483231127 -2.04026699
-0.326563269 -0.302058309
-0.769281268 0.540228605
1.85890675 -0.172281116
-2.09563684 0.339427084
-1.21420848 0.489726633
-0.888475358 1.68510556
0.713733673 0.122817904
0.313712567 0.160300344
0.96264112 -0.468678027
-0.0161216557 0.120891899
0.895466268 -1.6784538
2.24708414 -0.884797633
3.87694621 -1.06211519
0.716823161 1.32639992
0.718499064 3.527771
-0.0858325511 0.56643796
-0.420693159 0.89750576
-0.535347283 -0.0183748603
-1.68883371 0.995829463
-1.17753911 -0.700051308
1.27323186 1.92948294
-0.502980411 -1.07199466
-0.211248204 -1.4230473
-1.14441502 0.587770522
-0.357214212 -0.598195016
0.894300103 -1.39786923
-0.68139708 2.47748518
-2.34330177 -0.829105556
-0.100962117 -1.66098106
0.0877112672 -0.302906841
-0.251819283 0.577008486
1.37913716 0.607363939
-0.131368876 -2.0757575
-2.15101504 -0.80148077
1.68264878 2.00450778
0.569643021 1.06081438
1.62720788 1.01874316
0.496065199 -2.20322371
-1.06272304 -0.684154928
-0.651031315 0.269780219
-0.36536327 -0.504973233
0.997549891 -1.46149898
-0.244197175 0.922212243
0.535442233 1.17473817
-1.77286565e-05 -0.274067849
0.468879938 -1.3708365
-0.227235317 0.315792054
0.0277688205 1.08024633
0.5491153 -1.00665617
0.183987856 -0.0345387831
-1.66110253 -1.21156585
-0.559017181 -2.73377657
-0.176577806 0.899436116
0.770953059 1.16183698
3.63847756 0.0849214122
-0.558027387 0.15323171
-0.657970548 -0.969304204
0.494491726 0.686246276
-0.24629119 -0.270141065
-0.429871827 1.3901937
-0.23909016 -0.883210778
2.5523057 -0.700575233
-0.135959446 0.0271058045
-4.34984303 1.52480114
0.652599871 -0.416101038
0.148698971 2.95498681
-0.142440513 -1.31621158
1.27583849 0.192410827
4.09387922 -1.8460387
-1.62559474 -1.06753087
-1.71973336 -0.382499903
1.82792842 -0.699184954
1.18297052 1.7056967
2.48004055 0.502800345
-0.44892627 0.218628094
1.29955542 -0.524142146
-1.0133754 0.826309621
-0.76143229 1.30861259
-0.536075711 -0.948857784
-1.50749874 0.365313083
0.500235021 0.278308719
1.70179224 -0.849904835
1.60918987 -2.01376414
-0.815750659 0.3423509
-1.37317348 -0.936270356
1.3363775 0.655924439
-1.18954027 -1.90232778
0.349463612 1.60318983
-0.385986954 1.87697053
0.220543563 0.548481941
1.82599783 -2.17703795
-0.491895497 0.164225936
-0.922985554 -0.712747991
0.598622203 -0.0355657414
0.862978697 0.835567772
-2.27657509 -0.144376546
0.827730715 -1.45518816
-0.143441096 0.975038528
-0.517368555 -0.269228786
0.468111098 1.6656878
0.434454829 -0.818813503
0.928199887 -0.442823559
0.289821565 0.776052177
-0.755867481 0.578597426
-0.577722967 -0.730510712
-0.473548621 0.39032048
0.160472661 -0.233998224
0.97949487 -1.03814435
-0.0805702806 0.590441346
-1.53023326 -1.08654487
-0.225218579 -0.196789205
1.32971001 -0.509470105
2.36367393 0.241475627
-1.39077926 -2.03326702
0.19404228 -0.243623614
-1.36654317 0.213499412
2.93344975 -0.848944783
0.6618765 -0.0248654
0.612736404 1.46064293
-0.376623929 -0.138128445
0.953768134 -1.22982287
0.548531115 -1.38934124
-0.00374137145 -1.35030401
0.866885722 -0.696784854
0.172247946 0.242749512
-1.36351919 1.95865846
1.11289847 -2.05844307
-1.3401916 -2.12599564
0.806210637 1.72970629
0.320871264 -0.336795449
-1.63619053 0.0294439159
0.00266379304 -0.357892901
-0.674720407 -0.0984149277
1.29248214 -1.28245652
1.55085862 1.44921136
-0.35215497 1.43398452
-0.711412191 0.885254443
0.882634521 -0.0243088901
0.109018981 0.381788313
1.59261894 -0.678177953
0.330526322 -0.979020834
-1.47584927 -0.868779659
0.242527723 1.05301142
0.902639985 0.619969368
-1.38837123 -2.00479007
-1.19484997 -0.051204212
1.02733517 1.62941468
1.19355631 0.183077082
-0.844724894 -0.257352769
-1.16627896 -0.0298672952
-0.652616143 -1.20167518
-0.724522173 -1.52797401
-2.1678741 -1.1322639
-0.500431836 0.307003796
0.282688707 -1.24643528
-1.38712072 0.100712672
3.2097764 -1.93970895
-0.954165459 0.294508845
0.871591449 -0.56623596
-0.35471952 1.08341146
-1.30745006 -0.696986914
-1.65698659 0.584219933
0.345241636 1.11207974
-1.47478175 0.630274236
-0.419521689 -0.766227067
0.817896008 -3.06936955
0.0334220082 0.493473947
-0.246525288 1.3850584
0.907545745 -1.06537044
-0.846113622 -0.365820408
-0.585871339 -0.456099093
1.42886913 1.3370223
1.34805524 -1.33215773
-0.841866255 2.52605057
1.36823905 -0.369974464
-0.682507038 0.865549505
-0.187007964 -0.0570268482
1.01917338 -1.87650824
-0.50286144 1.07119954
0.994659245 0.842525601
-2.54502034 0.299166352
-0.67203927 -1.05132759
1.48611629 -1.11651814
-0.166041166 -1.48351121
-0.821787238 1.84229898
0.758133829 2.398597
1.51049387 -0.259670436
1.18753314 0.429088533
0.294105887 0.790989876
-1.31211793 0.787507653
-0.21933201 0.140956342
-1.25172842 -1.13814712
0.4660514 0.289794892
-0.246168792 -1.0421145
-0.889734089 -1.2609781
1.03778744 -1.00114465
-0.136903316 0.698969185
0.486521363 -1.60487866
-0.843290687 0.953983963
-2.47947645 -0.663910449
-0.127779156 -1.31375611
-0.245580688 -0.101821564
-0.172362998 -1.53200591
-0.482980609 0.588267386
-0.958410501 1.1956706
0.879809678 1.89725399
0.374834508 -1.19382858
0.0959807932 0.126880318
-1.91475677 1.33586133
-0.041094929 -1.24549329
0.0279788226 0.180079132
-0.478190482 0.849930823
-0.0328328609 1.63988733
-1.92666757 -0.472565323
-1.15692556 1.73903179
-0.131178215 0.226972446
-0.39518863 -1.00408709
-0.964751482 -1.42907858
-0.774087667 1.26249886
-0.360198289 -1.35302067
0.787771642 -0.0696841627
0.223412782 0.0445133746
1.89841127 -0.296261638
0.56477493 -0.231920123
-0.421916187 -0.651361644
1.38088524 -1.10090673
-0.367571652 -0.556622326
0.611913443 -0.653537691
-0.40523693 -1.81245756
-0.925199509 0.1800109
0.342392474 1.8445344
0.112149723 -0.910390019
-0.488583148 0.0650058538
2.34723711 -0.462234467
2.31879091 -0.348785639
-0.806686521 -1.07894969
-0.383209407 0.355743885
0.625863135 1.92586935
-1.0671438 1.56630909
-0.0321756378 1.84770977
1.28887403 0.945092201
-1.62437308 0.739570141
-2.80755305 -2.43088245
-0.767894089 0.946562052
0.274170578 1.90589559
0.0276948679 -1.492396
1.51660335 -0.836693525
2.34003592 -1.84794867
-1.74351871 0.0969518572
1.55719209 0.406419456
0.53515625 -0.190823227
-0.703712523 2.21633196
-0.298989952 -0.295856923
1.60161865 1.67941391
0.492176861 1.08737588
-1.20009685 0.284436136
1.05838132 -1.24255478
2.04231739 1.99345052
-0.164280519 -0.400912702
-0.137998909 -0.345560521
0.815346897 0.927345872
-0.836942613 -0.525064707
-0.368235081 -0.916007578
0.757031024 0.12399137
0.230396554 -0.765232444
1.4362272 -0.162027076
2.26516867 -0.558513165
0.425121009 -2.74625063
-0.361429155 1.29365957
0.379497409 -1.26571417
0.0779706016 0.751069546
-0.809502661 0.822736502
-1.33284247 -0.281668246
1.38218975 -0.908604324
-0.585364401 -1.03027296
0.664548337 -0.005134359
-0.307782918 0.392734975
0.567700148 0.710494459
-0.133545756 2.17668819
-1.40445483 0.443693846
3.10054755 1.31750619
-0.719514132 0.512034237
-0.39557457 1.1753099
0.461655229 0.184949875
-0.975614667 0.915278614
-0.514170706 1.21376526
0.0150994984 -1.26230514
0.0194199979 1.4574275
-1.19904399 1.07404935
-0.542714953 -0.492917567
-1.0935142 -0.80085808
1.5011096 -0.679468989
-2.05281711 0.167107448
-1.62816048 -0.817403734
2.08355236 0.978555322
-0.514784217 -0.563977242
-0.348012388 0.89394027
0.970209956 0.355772793
0.511106133 0.702947319
-0.383093327 -0.522351623
1.17705226 -0.661354482
-1.25146997 1.55996633
-0.250495434 -0.190805182
0.00262732711 0.119468786
-0.0344972759 3.02171159
-0.360817909 0.718310893
-2.06459355 -1.65326691
0.0887677819 1.11585009
0.524787426 -2.11675739
-1.20479608 -0.321507245
-1.78708088 0.313238949
1.26548529 -0.494185746
1.76624477 1.52091002
-0.990894556 0.340551734
-0.341721028 -0.0672159046
1.0505079 -0.070909515
-0.683864653 0.914762974
1.41817486 1.12978148
1.61130726 1.32088852
0.223139033 -1.076635
-0.837612927 0.959077239
-0.559368968 -0.878748477
-0.527803659 0.904972672
0.00167717785 -0.631152511
-0.326541066 0.978716671
1.36494064 0.322650433
0.144387424 0.946363807
1.68969715 0.906712949
0.091695562 0.218116701
-0.282891273 -1.95813179
0.352395743 -0.792663932
0.349281281 -0.323612154
-0.244510263 -0.835487366
0.475273311 0.263625175
-0.19415316 0.134756356
0.957215428 0.905757964
3.41566181 -0.749599576
0.407743394 -0.233489767
0.198840871 -0.428367674
0.388346225 0.793779671
1.41701174 0.0799156427
-0.850760579 0.223975465
-1.42551208 -1.4108783
-0.997283816 -0.925935447
-0.129015386 0.0796084478
-0.326582551 -0.0974790156
-1.09392536 -1.04930961
-1.44826782 -0.108574882
-0.978545606 -1.15149057
0.201486066 0.885365307
0.0575586595 -0.424032599
-1.30293 0.0817681849
0.0457322337 -1.99881613
1.05847991 -0.477877647
-0.892423391 0.0636081547
-0.363997579 0.413615674
0.0720023215 -0.800614715
0.74051708 -2.29849315
2.04008198 0.100252293
1.99426317 -2.80058861
0.31158632 -0.989042878
2.05518007 2.05867529
-0.389069617 -1.05687964
0.547040999 2.20423388
-0.00789986178 -2.22025347
1.23917282 0.929002881
0.972641051 0.665854096
-2.60908175 -1.52991676
2.49512124 0.687458932
-1.23506033 -2.79739618
2.25577426 -0.732731938
-0.68571347 0.934465945
-0.230645508 -1.45252383
0.401519746 0.918011904
0.599065959 -0.00181006268
1.42018247 0.640700281
-0.423130065 0.0586786792
-1.13832903 -0.677124679
2.47642994 -0.958660901
0.0363771245 -0.693126559
1.38710761 -0.815529406
-0.752208591 -0.529627919
1.90278709 -1.41841829
-0.114605054 1.93599796
-0.414045036 1.48253751
-0.993309498 0.425819248
1.30511522 0.602530777
0.193125591 -0.217241332
-1.17175388 0.624896407
0.692221999 0.0558487102
0.738480449 2.36884618
0.22043781 0.857063055
-1.39101768 1.76392961
-0.483368427 1.01265633
-2.06840444 -0.648116946
0.870178401 1.07007563
-0.406392723 -1.66191471
0.147383749 1.34539557
-0.588576555 -1.8965528
0.601017833 -0.461987257
0.237157911 -1.21959889
-1.38495827 -0.344779432
1.24371707 0.698274314
0.542173445 0.508485317
0.00930865761 0.513954282
-0.795823097 0.932210147
-0.827392995 -0.900586307
0.072436966 -1.61771381
-0.0886421502 -0.334025145
-1.25730014 -0.163747519
0.131397232 0.0528174862
0.319980621 1.27919245
-2.34522963 0.190264016
-0.894708335 0.724835038
-2.27403069 -0.0722756982
1.79472935 -1.24827957
-2.4849329 1.32690167
0.861694813 0.690915644
-1.16850328 0.981276035
0.269712836 -2.02251577
0.010953594 0.387368888
-0.181854382 -1.42485285
-0.94459331 0.965343833
0.297385216 -0.113952205
0.166648731 -2.39476013
2.57111788 0.472457051
-0.81603241 -0.877042353
-0.916025579 0.872060478
-0.267591 0.691612124
0.789860368 -1.50303173
1.27111709 1.23060942
-1.39774537 -1.488783
0.529743791 0.0154970773
1.04739094 0.650457501
0.90394038 2.20282435
-0.852899551 -2.34534597
0.811685026 1.61776328
0.635983825 1.23552036
-0.960790455 0.771308899
0.0655203983 0.335812986
0.987508833 -1.18336737
-0.0790819377 -1.29379988
0.485317409 -0.502346098
-0.108352236 0.957120359
0.632098794 -0.0876176804
-0.483111441 0.559350848
0.645535409 -2.36910629
0.211329609 -0.117913254
-3.65762925 1.47786629
-0.273859978 0.00128360093
1.56082869 -2.62357354
-1.98182392 0.826476812
2.85136771 -0.797425807
-0.0295380577 -0.85870266
-0.0981063843 -1.28477561
1.47769189 0.434554785
-0.962421834 0.0785766989
-1.23446321 1.99200666
0.888800204 -0.101965994
-2.03483057 -0.253097981
-0.902459621 -0.511971891
1.14452136 0.132405803
-1.1515801 -0.204018772
1.87564647 -1.29977441
-0.362462729 -0.950786114
-0.374663532 -0.651484549
1.96264529 -0.0171028264
0.985526681 1.38848865
-0.755019605 1.5045867
-1.14761305 -1.68672705
0.487497568 -1.4726789
0.917857766 -0.543304622
0.576873481 -0.221835479
0.610419214 -1.35165739
0.969037175 -1.40588045
-1.34997344 -0.0435935818
-1.2398895 -2.00273228
-0.942211449 1.23327231
0.391384095 2.3682847
-0.643126369 -0.975974023
1.49412489 -0.715999186
1.58470273 -1.81899226
2.67412353 -1.89767587
0.181349859 1.38905072
-1.32766151 1.44808161
0.847859681 -0.883438051
0.339318961 -1.74777234
-0.198094562 -0.189243913
0.688821614 0.461437851
0.141331404 0.180502057
-1.32154763 0.823422432
-0.797031224 2.45281649
0.645582616 -0.260531217
0.0359309092 -0.314865947
0.569607675 0.954406798
-0.295569807 -0.412495971
-0.685448945 1.16785824
0.979252398 -0.395599067
0.334843844 0.0815054104
-1.23777628 0.805378258
0.285655648 0.290108323
-0.26967293 -0.448520839
1.73573029 -0.0302333608
0.137714624 -0.157821566
-0.199941888 1.28534937
-0.582618833 0.943106115
1.14535999 0.773474813
0.393977404 1.10943258
0.309289277 -0.169726118
-1.7780025 -0.863838613
-0.903450787 -2.0051496
1.39592838 -1.58632576
1.09162331 0.434525967
-1.09865463 1.19651747
0.189379677 0.203350157
-2.62609029 0.684201181
-0.805979192 1.54193151
0.388130724 0.120007977
0.19582665 -0.100555353
-0.826005638 0.155041367
0.421727121 0.1724682
0.671811581 0.165616825
0.27301386 2.23037624
-1.48392522 1.82332647
-1.1202147 -1.5938617
-2.77226853 -0.369348913
-0.155372471 -0.709365308
-1.88834882 0.81905067
-1.2216512 1.86518538
-0.160044998 0.779141843
0.236435354 -0.442685008
-1.43576217 -0.892833233
-1.71393108 -2.32153559
0.827131391 0.320298225
0.737000048 -0.655004382
0.120709941 0.850095034
0.756451786 -1.6402508
1.99573767 0.5072124
-1.52740169 -0.350829184
-1.62138867 -1.1507957
1.08936656 -0.472813785
-0.275052339 0.445204854
-0.930527449 -1.00254428
0.297142893 0.140589282
-0.419422865 0.0627971366
-1.42977357 0.238806814
-0.509883404 1.47195864
-1.6614511 1.6078887
1.3718704 1.97869587
0.999790907 -0.964959264
0.466095835 0.767009676
-0.842961907 0.0755075812
0.146738738 -0.572575152
-0.869448781 1.01063859
0.775957823 -0.718512535
-0.31115821 0.609113038
-0.578022599 -0.422789067
0.204010934 0.141213953
0.0802216232 0.0943065733
1.11722183 0.470476955
1.2179414 -0.957469046
0.0034543206 2.33785963
1.46058118 -1.20877504
-0.359446466 0.475641489
0.482264966 0.9077636
-0.029251229 -1.53000557
-0.71644038 0.485410333
-0.333158284 0.743527174
0.205691963 -1.41985977
-0.673301935 -1.03756118
-2.22854042 -0.728088737
-0.513208508 -0.231519952
-0.826871753 -0.693789959
0.181736007 -0.909243107
0.675615847 0.146399602
1.04398274 -0.342763275
-0.853539288 0.682765245
0.557703733 -1.72112119
1.41061974 0.417082489
-0.883567691 0.34902671
-0.330215216 -0.918118119
-0.533811331 0.158053413
0.508625388 1.22680759
-1.1069504 1.18558705
0.00262322463 -0.00469858572
-0.997731626 0.362545669
0.746876657 -0.31427896
-2.0987854 -0.129353583
1.2404269 0.334784716
0.0545553938 -0.817444801
-0.383638382 -1.19767022
1.30277884 1.24970603
1.58729339 2.08186245
-0.629719853 0.639554679
0.0943295285 -0.607641637
-0.0436936617 1.5083406
-0.193925917 0.550761461
0.297726721 0.0326148681
1.10288513 1.46452284
-0.929769933 -0.554993153
0.803055704 0.294195354
-1.57632828 1.70565557
0.455754519 1.56622899
-0.0959134251 1.04565716
1.5256052 -1.14245033
-0.919536173 0.201771006
1.20579278 0.0896865204
-0.323872983 0.0688784346
-0.884264469 2.24870324
-1.05506229 0.339812905
0.126695782 -1.88142228
-0.0760451332 0.193874076
-2.36283469 -0.587225735
1.39351416 1.09967518
2.74440575 1.16612303
2.60372853 2.20422554
-1.10698521 -0.653347433
0.874675632 0.936229765
-0.170578495 -0.168616787
-1.2999301 1.41491532
-2.54703951 -0.516894817
-1.12618971 1.69259048
-0.510254979 0.719886661
-0.0128124319 0.155353919
-0.390017122 1.07432747
0.606862485 -0.319249272
-1.59422243 0.283416092
-0.117838681 0.212237164
-0.197482333 -0.879567027
-0.785259604 -0.0542030148
-0.0605716631 2.19198561
1.70889699 -0.119938716
0.454057693 -0.808921695
-0.280496418 -0.00467199087
-0.875937462 1.14589071
-0.567691624 -1.42374229
0.942614377 0.721192598
-0.597647011 1.56607401
-2.11267114 -0.762678802
1.64531624 -1.21849585
-1.46921742 1.02211785
-0.22322458 -0.945346117
1.05422378 -0.710529566
-0.579498351 0.539801002
-2.66912699 0.0577961728
-1.42342365 0.494122565
0.1751858 1.21417046
0.778381109 1.41879904
3.02952337 -0.443015009
1.39267242 0.665185213
-0.246883139 1.62869525
-0.383148253 -0.175054535
-0.462613106 0.0112381391
1.64430535 0.297413021
-0.191371173 0.554402649
0.0842868015 -1.27179837
-1.38964343 1.29469442
0.273598224 3.10304499
-0.107846782 -2.16699648
-0.0891505331 0.593618572
0.641040266 -0.867142618
-0.800989926 1.25824618
2.84446836 1.05475831
-1.91319251 0.00645265356
0.215918884 0.748812437
-3.60996866 -0.723760128
1.36831832 1.84227729
1.85596037 -1.35503066
-1.26966751 1.58505821
0.337026596 -0.916685283
1.37845254 1.94224131
0.363698661 1.40066183
-0.260013193 -1.59753156
1.70892048 -0.379839629
0.491432518 0.317277759
1.89684451 -1.70601642
-1.53325593 -2.45220447
-0.539979279 -0.864821732
1.52646828 -1.30874741
0.00301669631 -0.574587345
-1.40411592 1.09169304
0.795742452 0.463493109
-1.47759366 0.776552677
2.13215232 -0.39138487
-1.74861598 0.185414582
-1.18044019 -0.86110425
-2.72174859 -0.36819005
-0.116042927 0.184838533
-0.848739088 -0.739738524
1.16270685 0.482815683
-1.10405934 -0.813061476
0.473304391 1.51507843
0.238138616 -0.625869274
0.404037535 0.0754353851
-1.2324096 -1.18344355
-0.640076399 0.300300986
0.661961794 2.21352124
0.182883725 -0.872684002
-1.72341049 -1.64607143
-1.59133589 0.936935902
-0.288500428 0.0858497024
0.926248074 0.660905838
-0.0814522952 -0.114741296
-2.22238994 -3.01853251
1.86912739 -0.868111789
-1.86907506 -0.0334503129
0.692174375 -1.07155395
-0.285437644 -1.27443337
1.15991986 0.960718155
-0.211567566 0.453075856
0.136098653 -0.64032495
1.23651326 -1.76167488
-1.1775912 -0.477872491
-0.664545059 1.47618616
0.83770299 1.26209831
-0.892402351 1.32714367
-0.276852429 -0.815116763
-0.295302361 -0.287799776
1.02256858 0.223424524
-0.459631711 -1.74096489
0.309591591 -0.10812971
1.66237068 -1.42301702
1.73061895 0.679448485
1.48498785 -0.284411699
0.0198695101 -0.729537904
1.56304145 -0.773391545
-0.653312802 0.586725056
-1.25243604 -0.683638334
0.58658582 0.732322395
-0.902307332 1.80732822
1.13308966 -0.643060505
-1.99797869 1.40026522
1.63014364 2.13476062
1.56022525 0.334965974
0.587893903 0.414298624
-0.136219412 0.0551869422
0.511227369 -0.675298572
0.395670563 -1.11028349
1.44442689 0.215570763
0.192357585 -0.0108867846
-0.938036859 -0.418623269
0.345225096 1.41479802
0.700909734 -0.504398286
0.481761515 0.538519025
-0.664572001 -0.607315958
1.61241686 0.00644476712
1.03948247 -1.67735493
0.774551511 0.0503091589
1.29564023 0.243362322
-1.14838314 2.27451944
-0.229870886 -0.685059428
0.657305002 -0.912134588
3.09691262 0.591785669
0.372965664 -1.12302649
-0.220555454 -2.33644867
-0.2701841 0.245776743
0.969210804 0.199909568
-0.817537427 -0.784774005
0.692864537 1.5060153
1.00917423 0.137788653
2.97300863 1.1732589
0.938944399 1.71748734
-1.04167187 -0.518935621
-0.547891617 0.245580763
0.583484411 1.09746528
-0.058452107 -0.619928062
0.273800075 0.650071979
-0.422037184 1.10916805
-1.89834523 -0.828821063
-0.0176598877 1.79545677
0.654867947 0.956616759
0.717482507 -0.867558539
-0.960983336 -0.6639328
-0.544662774 0.241820842
0.801956952 -0.957133949
0.664634824 -0.732754946
0.896176159 0.0214588381
-1.22378063 -1.31572235
-0.774300396 0.942492902
-1.5278877 -1.32780743
-0.115353659 0.465115756
0.297868609 -1.1130631
-0.41850549 0.307539403
-2.2350564 -0.621657193
-2.25121379 0.296160668
0.684090853 -0.535437047
-0.682175815 -1.99648356
-0.305332482 -1.54244459
-1.19755256 0.552879572
-0.578682423 1.1916734
0.862557411 0.320727497
-0.924261272 0.119650356
-1.31257129 1.27771878
-0.851459265 -0.470996022
1.16455686 -0.758835375
0.402123034 0.49724862
0.281212151 -2.05581021
-0.312719285 -0.402077645
-0.0939603001 -2.16351151
-0.502406776 3.20717931
1.28674591 1.00680029
-0.703162611 -0.0856408998
-0.724776208 -1.31222045
2.71550179 -0.103644408
-0.286652327 0.6167835
1.47741294 -0.36902526
0.252638727 0.981786191
0.859198928 0.691882014
0.228689536 0.762747645
0.604504704 -0.237178683
-0.640217781 0.118162185
-1.29350066 0.31058228
0.0178011227 -0.878253579
-0.0279737487 -1.48245358
1.92471552 -0.634711564
2.09673643 0.0183425229
0.39283368 -0.942900956
0.61330688 0.917540789
0.707309306 -1.27507901
1.02811098 -0.257254571
1.88371718 0.256600738
-0.23437573 -0.0501814894
-0.980716169 -0.0544444919
1.08887553 1.65341699
-1.47546816 0.108447522
1.13687921 -1.47836053
0.080300644 -1.45767331
-0.439201415 0.946974218
-0.897643566 1.21248233
-0.927055597 0.483647317
-0.836385608 -0.941473603
0.312188953 -1.75944412
-3.25537252 1.5102272
0.10747087 0.550197661
-0.28810221 0.887180924
-1.4182198 0.565645099
-0.073926799 -0.995859146
1.7244674 1.69443667
-0.912738323 -0.742849588
-0.759354532 -1.02442288
1.29880583 0.100617073
-1.07838261 -3.1344583
0.294454247 0.539956748
0.147677168 -1.43836343
-0.139178425 -1.91457903
-1.44094205 1.07345724
0.0285551883 0.405046016
1.05330443 2.45676565
0.205386773 -0.570003808
-1.30480444 0.0155355912
0.687987685 -0.692042172
-0.81038487 0.0596439913
-0.00289653335 -1.28692853
0.053983558 0.26474157
0.848911047 0.841584802
-0.607114494 0.208521098
-0.925234914 -1.07497931
-1.21601224 -0.426901191
0.499869555 1.42413604
0.771571279 -0.0651636124
-0.274685055 -2.11518979
0.149332643 -1.65891826
1.37023818 -0.668316126
-0.53820312 -0.464981586
-0.227152422 -3.33938932
0.168166995 1.77169263
-0.556870282 0.556973279
2.91205931 0.171679407
-0.419432402 0.247982576
-0.0480420887 -0.518686771
0.301538527 -0.587824285
0.471309781 0.952682614
0.637175083 0.0737499744
-0.57816565 0.492330968
-0.388372183 0.333885968
