-2.94476771 -2.70337558
-3.66633129 0.0100128949
-0.331453711 -4.29781055
2.82129955 3.16386986
-2.87153649 2.94287682
-4.80822945 -0.0952192843
0.00146771804 -3.89173627
-2.80165148 3.16276026
-1.44753122 3.94475842
-0.0140034221 3.80088639
-0.113885425 -4.25558567
2.94250536 2.90662026
3.08778906 -2.82482767
-2.84269238 -3.0701437
-0.135580927 -3.85534048
1.90758204 -3.03810215
-0.28906244 -4.15052366
-0.11163862 4.19559622
-2.93888712 -2.83742166
2.87708521 -3.21171808
0.0258129314 -3.71103859
-2.65014672 2.73184371
-2.8924818 -2.73781157
2.61065125 2.92033482
0.252680391 -3.88178778
2.72575879 -2.64177656
-2.4964509 2.83820772
0.20776552 -4.13822365
-3.66878414 -0.528891683
-0.0354072787 4.21686363
2.94885254 2.58783817
4.32175159 -0.340013683
4.54702568 0.455663025
-0.416165233 -4.29038811
2.85958028 2.96113968
4.12457132 -0.497965068
0.370350897 -4.42112589
2.60766459 -2.64176559
4.15265417 -0.2701208
-0.266206741 -3.61264253
0.0134046711 -3.7929163
0.090381518 -3.9796505
-2.93633962 -2.76409459
2.81807852 -2.88386583
-2.49648237 -2.80484223
-2.83935785 2.66675925
2.81146741 -2.58292079
3.30471063 1.59215498
3.89049172 -0.0748632923
-3.87441754 -0.134823784
-0.0401878059 -3.82860088
-0.12979266 -3.82937431
2.84284115 2.66205478
2.91114473 -3.19166994
2.66698599 -3.28194928
-3.16458416 -2.79101205
-2.93221378 2.86923838
-2.62767243 2.76299191
-3.96308255 -0.242191181
1.20836377 -3.33025718
3.5635972 1.8242588
-0.0169376824 -4.16001797
-0.289695233 4.26128292
-0.19628267 4.62730694
2.35403347 2.94433165
-4.24804115 -0.0310761854
4.04794693 -0.0531612858
-0.342052042 -4.00270605
-2.70254254 -2.91575813
4.17215538 0.0444031954
2.85385633 2.85383677
-0.0659501106 3.92724228
3.91018867 -0.0977953002
0.0327708535 -3.68570232
0.244256988 4.1400857
-3.72993541 0.0940835625
3.72525549 -0.267374158
-2.82145643 3.12242031
0.4562518 -4.08606815
-2.81831241 2.99263883
-2.53744817 2.67964077
2.95296192 -2.72906065
-3.41945982 -1.05829144
4.12875795 -0.235618249
-2.59178805 2.61824942
3.97652245 0.18833968
2.03691483 -3.271842
4.02815723 0.196557552
-4.26293993 0.0490901731
-3.31915474 -1.20218074
2.69920135 -2.52070689
2.63424754 2.58922648
4.08924961 0.277870774
-2.84007907 -2.8051734
2.77547026 2.86020064
3.50897074 -1.60211873
-2.96345687 -2.75908613
3.02281499 2.8957386
-1.41906202 -3.13859081
4.04139996 0.097812824
4.05845785 -0.0298320502
0.0907420367 -4.13659525
-2.80328679 3.21042156
0.270389736 -3.92270494
-3.12621498 2.76228356
4.15949297 -0.269383758
3.57542276 1.01498723
-1.44347203 3.1459384
0.380770415 -4.33327913
2.94536829 -2.66097474
-4.23395729 0.0620871559
-2.60521293 2.78997803
3.14284682 2.79989076
3.941998 0.175389856
0.141342968 -4.26497459
-2.67192459 2.8503511
0.314704299 -4.28798342
-0.0649773404 -3.76928663
2.00264168 -3.0179491
-2.85596919 2.86306953
-4.04563904 0.0154425995
-3.21457124 1.49635744
4.14975023 -0.256935835
-3.01072121 -2.92352057
2.83951521 -2.70865154
-2.39835668 2.92933178
3.18160391 -1.96380615
4.574265 0.703944087
2.90429616 2.80263853
-2.66271615 3.0144453
-0.202270642 3.93974257
-3.01132202 2.71799088
-3.05677462 -3.14046073
-2.75711513 -3.05445099
-0.0593031421 -4.32078838
-2.82482004 -2.66334605
2.6093595 -2.7539413
3.26649404 1.3608799
0.00915680453 4.29674435
4.07990408 1.11295938
2.82847762 -3.1167798
-1.50039923 3.03390813
-0.00961162895 -4.12323141
0.689734161 -3.80062866
-2.94075966 2.66012383
2.52403593 -2.7752943
2.89621425 -2.62982559
-3.78996086 0.0994768739
3.04215288 -2.90085411
-4.12782001 0.0644887388
-0.189742535 -4.27369404
2.78937697 -2.71965599
-2.75800848 -2.7272296
-0.230516672 4.17767429
2.75918007 -2.64524412
0.414252132 -3.84759426
-2.66264462 2.66938472
2.894279 2.97633123
2.6156559 -2.89174366
3.61450338 -0.771115839
4.32767916 0.219563529
-0.353152812 4.39562416
-2.25270748 -2.89107442
2.99526596 2.84759426
-0.186207607 -4.30849457
-0.000436814502 4.00876713
-3.02527571 -3.17451954
3.37482858 1.0043931
-3.02005243 -2.94250417
0.246796951 -4.1182518
0.701010108 -4.26848412
-2.63817596 -3.16054797
-1.93731165 -3.11963296
2.68048596 3.1390624
2.70568991 3.10740423
2.82488465 2.80541348
-4.41864109 0.206147581
3.25632882 -2.89776325
-2.85613799 3.14531326
4.36257601 0.219831824
-3.66983461 0.0766380504
-2.68870616 2.7710135
2.59752321 -2.66867423
-2.72705126 -2.63422394
-0.173313171 3.89618826
-3.19660091 2.75115967
-3.44215584 -2.91373968
0.0788187683 3.9072988
2.94872046 2.75349283
-4.19110918 -0.0821978822
-4.77177477 0.156064451
0.705404282 -3.51172376
3.7104919 -0.0465031043
-4.28925514 -0.0119557492
3.79956675 0.159922004
-3.77060771 -0.0372163057
3.78569269 0.0681499988
0.122544199 -4.05072165
2.54936361 2.63744164
2.78503704 -3.26658249
-1.23374617 3.21051025
0.171883523 -4.0367384
2.43056846 2.76367664
-0.140954494 -4.17682123
-0.398821771 -3.64911747
2.23135424 3.94708252
4.11545658 0.0503529534
2.92461801 2.90255547
-0.839781702 3.27307582
-0.173196569 -4.21683216
3.08183956 3.10005403
-1.33405876 3.09813309
0.0252555516 -3.68586278
2.93386745 -2.7605722
-0.061549481 4.15778828
-0.0211496241 4.06473732
2.9000597 3.03266954
3.10525846 -2.73026013
2.67738986 -2.75949073
-2.6919322 2.86943579
2.64739656 -3.02222085
1.29119682 3.17566323
-2.90390897 -3.0630393
-0.194866166 -3.9140625
-0.0496642627 -4.17258453
2.59670544 -2.73062968
-2.81751299 -2.907938
0.0257984176 3.74853516
-3.7280817 0.0479991958
-2.89172697 -2.68743277
2.91685033 -2.76518631
2.97974062 -2.71344304
0.097787261 3.97006083
-0.0675595552 4.31335545
-0.232912213 4.29303598
-2.8284533 2.8475678
-2.72140288 2.82903171
-3.11040926 3.19060612
3.90580821 0.144578785
-2.93539643 -2.72914696
4.12081051 0.0852100253
4.1672945 0.0832886919
4.16624546 0.0761664808
-2.89814472 -2.78196716
2.76523471 -2.71302414
0.119618908 -3.87989235
2.62605548 2.7774148
3.92443347 0.162927777
0.195284098 4.00624943
-3.90014267 0.101121843
-4.12681198 0.256704688
-4.18510008 -0.0411172919
3.86221433 0.111962482
-4.13083553 0.140566766
2.24983525 -2.99881077
-2.80366111 2.8596468
-2.94400215 -2.70263147
-0.0913440585 4.10269642
-0.043651633 -3.74723244
-2.97077465 2.97725582
3.59541416 -1.96773541
4.13795424 0.170079857
2.70206332 2.59251618
0.174272656 4.08843088
-2.79419422 -2.29553127
3.71813512 -0.0728450194
-2.8782649 -2.67748928
3.62170863 0.65558821
-4.0479908 0.251548737
2.99546051 2.82802677
0.0572026335 -3.74595666
4.21119976 0.0352460071
-0.35280779 4.2818222
2.71609282 2.79949999
2.49721766 3.05726242
0.183242917 3.84557199
2.64835548 -2.62438774
-1.7088877 -2.94481444
-3.21923828 -1.22365117
-0.0520541444 3.79087019
-3.80713892 0.033440534
-4.37125778 0.102583557
-3.24062157 2.71001434
0.0368988216 -3.74824929
2.57994938 2.69236612
4.0479126 0.0827016383
-4.0675869 0.245500535
0.0698925927 -4.22529984
0.671703458 -3.79860497
-2.90986633 -2.93018675
-3.11839294 2.93468428
4.02274036 -0.0443717763
2.96986961 2.47823048
-0.0756525323 3.84080386
2.68982077 -3.10690355
-2.77082992 2.85344219
-0.153185904 -4.00311995
0.169984177 4.36887693
4.0185833 0.120421223
-2.17493725 -3.0829494
2.61483526 -2.64065552
-3.21400142 -1.66598308
2.96724629 -2.90425777
-0.243358552 -4.17554617
-2.95622778 1.57520497
-3.80606389 -0.308154404
-3.73233795 -0.0669748932
-0.0535100289 -3.89319515
2.86307073 -2.6057148
-0.0143447444 -3.68056059
-4.20795441 -0.225890949
-3.53819132 0.771059394
-3.20501614 3.03541017
4.02541399 0.0710744336
-2.67298746 -2.98130322
-0.0118423272 4.13292503
0.0702089444 4.10064125
-2.92142916 -2.77758098
-3.01348186 -2.72340751
-2.73058367 -2.73056126
3.70916843 -0.0164657421
0.140188903 -3.91501188
-2.70860505 -3.0493865
-3.08147597 -2.91569281
-3.8560977 -0.157136112
-0.0766007602 -3.89782786
4.00198269 0.2759085
-1.32274556 -3.52313638
4.12769365 0.271560788
-2.74057031 -3.13482618
-3.56665492 -1.20761776
3.84815049 -0.202403098
2.78089881 2.82644033
4.40757513 -0.0571973547
4.05935287 0.195927873
2.55971599 2.6458869
-3.06626606 2.91386747
2.7207303 -2.7111392
-4.30308008 -0.336463958
3.00906706 -3.05427599
1.99312866 -2.94311881
-2.85365272 1.89286327
3.65994644 -0.176056162
4.16784954 -0.0798671097
-4.07234955 -0.19330053
-3.72397995 0.414547026
3.06517887 -1.13437521
3.15676641 -3.11366653
-2.60541201 -2.59143448
0.0654311627 3.84003782
-3.74042749 -0.0642748624
2.73829436 -3.17348909
0.219137281 4.43078232
0.0612341315 -3.75024939
0.783061326 3.47980738
2.56320214 2.64691377
-2.92156935 -2.79574776
-2.76686358 3.01840019
0.0109615661 3.63575125
-4.34217596 -0.0398154519
4.02713776 3.08667946
0.0873375311 3.73727512
1.31293488 3.17427778
3.1715169 -3.10277247
2.62497568 -2.53301787
-3.55942392 -0.572012365
-2.43468904 2.70255613
0.0370156467 -4.31116199
-4.20270348 0.164652854
-2.67264867 -2.87384868
-0.100733794 -4.18223667
4.06016445 -0.0164313167
-2.79513097 -2.65611053
2.13231325 2.83827782
-4.07481956 0.296861827
-3.75983953 -0.0842008665
0.0335199051 4.27952099
-0.0837237313 3.74280953
-2.94530296 2.99529219
-2.81092286 -1.94422042
-3.94134998 -1.12542403
-3.09705305 -2.59035587
0.412421793 3.93841124
3.97856259 0.156425864
-4.22360706 0.130877316
-3.86193323 -0.0778477564
2.97250843 -2.86600804
3.26171732 -2.80184245
0.453745663 3.49890661
-2.86589527 -2.91239572
0.269480884 -4.16864395
-0.465215564 4.51354408
-4.13769341 0.0965495259
3.05330467 2.68582535
-1.58687174 3.29177952
2.53285599 3.21418428
0.217719749 4.21231174
0.133972898 3.77825403
-1.41989708 -3.80464077
0.258956075 -3.60932827
-4.03585482 -0.250538766
3.69330263 0.0125757493
3.07397795 2.06351352
2.77622366 -2.670825
-4.04525375 -0.992989063
3.28836012 -2.79678178
-0.0517975129 -3.67555523
2.73313379 2.64140272
2.63310766 -2.71601558
-4.27290154 -0.146809146
3.52389407 -0.636322856
0.20761168 4.03815269
-3.13303614 2.75605154
3.69382739 0.420091391
0.384238273 -4.03305721
-2.74779415 3.14281321
-1.10620356 -3.27434921
-3.26454926 -1.39743936
2.77856445 -1.46991253
-4.33892059 -0.161507204
-2.79809475 -2.711725
3.96991634 0.0780035257
-3.37240529 0.602933407
-2.88000727 3.44612741
2.83333516 2.93366194
2.78928185 3.23427844
2.57015419 2.65648603
3.25069904 1.45422482
0.193583682 3.57671618
0.0665132254 4.28424835
4.4678812 -0.0499940366
0.560384274 3.5786283
-0.33093673 -3.88911867
-2.5902853 -2.74770904
-0.0719051957 4.25733137
3.81271505 0.12370716
-3.99765182 -0.944959819
-3.06149864 -2.89543819
-2.87247658 2.98072124
-4.19761896 -0.220250458
0.0538654178 3.61596012
-0.528295338 4.09520054
2.74089909 2.53762555
-4.09733295 0.276854992
-3.25858307 2.76988387
0.149330467 4.23416042
-2.77760434 -2.81343341
-3.29475641 2.6219964
-3.45891333 -1.61227393
4.09413385 -0.0314259939
-0.655505419 -4.09569263
-2.74430561 2.63261485
2.69942808 -2.6497252
-3.89310145 -0.202324212
-4.27720737 -0.00727040088
2.61328292 -2.64554048
2.82714081 -2.91833496
-1.93519032 3.57570887
-2.71327567 -2.81546545
-0.519392371 4.40634441
-2.86996126 -2.72069144
-0.0911918506 4.27557278
-2.94874525 -3.10972834
2.47950149 -2.7177639
-2.88362336 -2.97865391
-0.0566329956 3.92542171
0.0454826877 4.12987566
-0.0195649229 4.09630632
3.88306856 -0.168312162
2.79306173 2.5721066
3.12422895 -2.96477175
2.5979557 -2.70076466
-2.89268804 2.41595578
-3.0550313 -2.89308691
-3.01896763 2.94818497
0.904037237 3.63228226
-2.46594667 -2.61523056
-4.17075872 -0.28452903
2.87551975 2.63483191
-1.00391924 3.73532987
-3.34980249 2.04727006
2.56521749 2.72098875
-0.131214917 -3.99856877
-0.193050563 -3.60604286
2.86731386 2.97433424
-2.64812994 3.23615098
-3.65507412 -0.339671612
-3.03978062 2.60137081
3.71705866 0.652930677
-2.3281548 -2.8021636
3.52440977 -0.703561008
-2.78458691 3.05481195
-4.32985973 0.209380254
-2.43053913 2.98299861
3.77174258 -0.118123405
3.4707036 -1.10409176
0.0381605774 -3.69427681
2.86099458 -2.92461061
-3.95780706 0.129218087
2.56881833 2.82028651
-3.01002264 -2.78647137
2.55411887 2.81555676
-3.09697151 2.95724273
3.95427799 -0.270462662
-0.129654169 4.15180683
-0.27748239 -4.31075287
-1.23844397 -3.45428061
0.0988132656 3.8654058
0.137409627 -3.96694851
3.05803537 -3.02714634
-0.0130278524 -3.76186705
-3.26690006 -0.805965006
2.94555998 2.96704912
-2.89843249 -2.83405519
0.323421597 4.22913218
2.93640852 -2.67363882
-2.70400548 -3.23606825
0.0196484681 -4.70155382
-3.02494931 -2.735888
3.98710465 0.0296646096
3.84438181 -0.0556240343
0.120749392 -3.87372684
2.58177686 2.80596089
3.46972895 0.878167927
0.449454516 4.58727789
-2.82738376 2.91697502
-0.0779321492 4.10866213
2.74605227 2.64156222
-2.87704802 2.59185529
-2.68636703 -2.84429097
-4.02068043 0.105475187
-4.28897285 -0.23750633
-3.53558922 0.696696877
-4.32238531 -0.338243365
-0.163820893 -3.84435511
0.00402860064 3.74367142
-0.30768764 -4.03095913
0.0663712025 -3.79795885
2.93399334 2.78979778
-0.101433605 4.26503181
0.10626395 -3.85894632
2.8136735 2.34141469
2.97158957 -2.88110662
-2.88102865 -2.90401268
3.85550117 -0.138671666
2.84861183 3.27170467
3.79899907 0.120213427
2.60336828 -2.78000474
-2.93212152 2.73299408
0.219932109 4.08081293
-0.294416636 3.67221117
0.0311850309 -3.74001884
-3.68493652 -0.0326053724
-2.8979001 -3.14166832
2.91226792 -2.50872493
-0.0628069639 -3.78964162
-3.22278094 2.73554516
-2.97696638 3.34186506
3.80555391 0.218240708
4.06224394 0.13500908
-3.23158455 3.04756451
-3.88354611 -0.03515682
0.196837634 -4.07096291
-2.62896705 -2.79318261
4.01847696 -0.0270335022
-4.23173475 -0.0853307992
3.11240435 2.70628023
-2.80485582 -2.6649704
-2.94108248 2.95292234
0.156836167 4.12029743
-3.2836585 -2.82203102
0.423957318 3.94720602
3.91753459 0.265714586
2.76811862 -2.7001121
4.05232811 0.0873972476
-0.414928555 -4.15331411
2.82556486 -3.3441987
-3.91870642 -0.478039682
4.07996178 -0.0875123292
-3.82274246 -0.0915701762
2.78085852 3.07876706
0.917054951 1.95625532
0.274412364 4.29573631
2.94341683 -2.47231603
2.98763132 2.68795323
-2.87966871 -3.24267197
3.95239162 0.0819053203
-2.60664821 -2.59986591
-0.716135502 -3.78749275
4.14051628 0.295109004
-3.23181033 -2.9109652
4.27894402 0.138874069
0.214513123 4.05510092
0.129712105 3.90811181
4.17032433 -0.0576405674
-2.71742535 2.73577881
2.9673028 -2.87304449
4.10769939 -0.0582292825
1.58817863 -3.13720965
0.823465824 -3.55408311
4.15993023 -0.269481659
3.89013004 -0.405344725
2.75064373 3.24355268
2.93333626 -2.21039343
-0.0738077238 3.75539994
2.846452 -3.05692434
-4.08778667 -0.214900255
-4.16405916 0.304202795
-1.74796724 -3.28557491
3.00774336 -2.96087933
-0.109446272 4.21433973
4.20392132 0.30672738
-4.17680931 -0.290639639
3.93974853 0.17443113
-3.14247036 2.41361713
0.747488141 -3.33022308
4.02906895 -0.0956993476
-2.68461967 -2.63818908
-4.14054394 -0.25763911
0.0683504045 -3.78068352
-2.74081993 -3.0105679
4.22640276 -0.0548681915
-3.52143717 -2.70300317
0.0942808241 3.91678572
2.62417483 -2.86438537
3.5656836 0.382340968
-3.23503852 1.96773195
2.74241114 3.19404697
2.98970366 -2.84523153
3.6502831 1.22302651
2.92021775 2.72443151
-2.97496557 -3.04301262
3.94802499 -0.202176973
2.96601915 -2.70719123
2.33421826 -2.7992661
1.36568999 3.28736258
1.85858989 3.62464023
-1.45372486 3.25282311
1.61000204 -4.04262781
0.0574352741 -4.44985676
0.334936082 4.20242023
-2.8652339 2.95783949
-3.80551624 -0.127154201
2.72400093 2.78967786
-4.06270981 0.0608076304
3.19427824 -3.05927992
-3.30548358 -1.59795308
2.83283925 3.03738284
3.02080297 2.32655191
3.19922996 2.81413746
-3.41091037 2.77545547
0.00335665047 -3.69704318
-4.32679939 0.105670311
-3.01610947 -2.72283196
-2.87049127 -3.10124946
0.138108507 4.8142004
0.143401712 -3.95983219
3.92588949 -0.0777971745
-0.00780103309 3.92800689
-1.6457274 -3.72962475
4.16023159 0.285221517
0.975514412 -3.45982146
4.00313616 -0.0349447206
2.29916406 -3.21759558
-2.67498732 2.6917274
3.31524611 -1.76926017
-2.16412139 2.88016653
3.11537981 2.94433713
-0.508909225 -3.45407724
-4.03511429 0.101731002
0.0748179406 -4.33720875
4.06485224 -0.072178036
2.82561827 -2.62194538
-3.27177572 -2.77515459
-2.17133975 2.78847933
-3.73399878 -0.422109783
3.29428101 2.1505549
-2.61640072 2.48534465
0.104629263 3.88067627
0.179443225 -3.63485384
3.90643978 0.134435683
-2.77893567 -2.76502752
4.30814362 0.00708593614
-1.86225748 -2.93338513
-2.84353828 -1.90864885
-0.568640351 3.76054001
2.85083842 2.67331958
-0.0256159939 3.90385485
-0.109964244 4.28723049
-3.67834759 -0.00521517545
-3.13052893 -2.75389957
3.10313511 -3.72739029
3.03786588 3.45913482
-0.390547514 3.98832035
0.428860605 4.47078562
-0.443435907 3.42817283
-3.04911661 -2.73309016
2.9111445 2.65634847
-0.225714549 -4.22176266
-0.204311728 -4.06886053
-1.05362439 3.72548532
-1.98650014 -3.06071424
-3.17412758 -2.76269102
-4.19543266 -0.202514261
0.00217760913 -3.68511891
3.82683659 -0.0141379926
2.58289862 2.57587528
-3.01613045 2.94371772
-2.3580482 2.70992327
-2.87537193 2.93332529
3.96440148 0.0185430273
3.67140627 0.147434741
3.76392698 -0.114909723
-0.230385885 -4.3270092
0.359138936 4.36505508
2.92823529 -2.80940223
-3.05586958 -3.08914709
-0.956651926 3.22301006
-3.71349788 1.07576942
0.0481848493 4.32190609
2.94514704 3.73738623
-0.104208887 -3.99295735
-2.86554885 2.6525178
2.64437675 -2.65961766
-3.90604258 0.098580718
-0.271313518 -4.30273151
0.0645390898 -4.03749657
-4.26400185 0.42186442
4.31338692 0.0671805143
3.76058125 -0.0771491304
0.317851245 4.20833397
2.61008239 -2.65970206
-0.724914849 3.35447454
-2.96542025 2.80359125
-4.17831945 0.318310857
4.0608964 -0.0106475893
4.0135417 -0.0940467566
-3.63377309 -0.2105975
-2.79267406 2.8680284
2.96602941 -2.71250439
2.9638114 3.01603746
-0.459929645 4.38456869
-3.17237163 -2.37801552
2.96074128 2.82440639
4.10329866 -0.112540744
-4.33461285 -0.0683708265
0.0333475471 -3.71053267
-0.213855788 -4.26390266
-4.13385439 -0.303837866
-3.14162517 -2.80427456
3.59184456 -2.15936542
-3.3168354 -3.21394587
0.411746949 4.10381603
-2.75523663 2.64541578
4.00003767 0.1918917
-3.18550682 2.74955535
4.26927853 0.376006693
-3.73989344 -0.0659319609
3.19032502 -2.72911692
2.7414794 2.61353183
2.62805128 -2.79082823
-0.0628254563 3.90534258
-0.283248514 -4.35835791
2.97242737 -2.99535489
-2.78994703 -2.78248692
-0.0339204967 4.23183393
-0.0347530246 3.61566925
-2.62637854 -2.7646656
0.463503361 -3.63426113
1.69008636 3.1280942
3.90696692 0.0615679622
-3.70240211 0.22092998
2.66890812 -2.69594765
-3.56511736 -0.683247507
-2.92859721 2.90611815
-2.71830511 -2.64294863
2.92847228 2.82582283
3.46603036 1.09768617
0.033793319 3.81938338
-0.0574827567 -3.79045916
2.9643743 2.74513578
2.60791087 -2.97797751
-3.34471369 1.32488227
2.25851107 2.75409722
0.588671446 3.6590569
2.75448918 -2.60075068
-3.04105854 -3.18116617
3.04446888 -1.92911088
-3.00574064 -3.03160071
0.223530948 -4.4796524
-2.55122256 -3.3150661
3.60202694 -1.74552584
-3.95223737 0.260396659
3.64352441 -0.538324714
3.68561459 -0.142208785
0.402624458 -4.18956327
4.16061068 -0.271366626
-0.0368954614 3.83580446
4.24566793 -0.0125260595
2.62076998 2.75740099
-0.031138543 3.63626933
3.30647421 -1.30449438
0.0549581125 4.20724297
0.0148681626 3.73667383
-2.80046034 2.80639505
2.64699936 -3.04528427
-0.0480336621 3.87812638
3.83851624 0.104648456
-4.29657984 0.00611551572
0.0982049108 4.35447025
3.47077894 2.34591889
2.58703709 -2.65384579
2.75957441 2.36490893
4.22254133 -0.214674979
-2.62426758 -2.79496408
3.3180716 1.22840929
3.28220844 -3.26511621
2.74091172 2.88256359
3.21796322 -2.90862703
0.648605108 3.52134132
2.89900851 -2.72357607
-4.05031109 -0.250888646
-0.247496754 4.20812321
3.69354892 0.178946301
-3.27192044 2.34581304
-3.24131227 1.45524704
2.52862382 -3.02690554
-2.62731385 2.64051461
2.76715374 3.30278587
0.396008432 -3.584481
0.0879541188 -4.27606058
0.683172822 3.43959355
-2.52547932 2.5475359
3.8339777 -0.217469901
1.60581803 -3.68083954
2.63965845 2.74136686
0.199552849 -4.14705563
2.55609131 -3.15071964
-2.56261063 2.57794762
4.13120556 -0.164363369
3.73693991 -0.097259216
2.87978125 -2.5893805
0.17878747 -4.11644459
-2.87766695 3.24913812
-4.1248579 -0.219308436
3.14342737 2.76643133
-3.2560513 3.11507988
-2.60546637 2.60877657
4.0336256 -0.106580168
-3.04061985 -2.74989057
-0.673268557 4.55562019
2.72545481 -3.18565249
3.02741289 -2.35653996
-3.31084156 -3.02556157
3.28525114 2.43397975
0.578027904 -4.95414257
-4.22476959 0.0452959836
0.0684835017 -4.21638584
2.83823442 2.87504005
-2.61985874 -2.31192589
-0.750398397 -1.90199149
-0.348564148 4.14005089
3.09900141 -2.93656921
-0.12729387 -4.20176697
-1.34659719 -3.27709866
2.89317346 2.754704
-3.7456274 -0.0885682181
-3.13702083 2.7297883
3.11347628 -2.95816231
-2.55004072 -2.43005204
-0.289991736 4.13048172
2.86338592 2.7778914
4.24077702 -0.199206397
3.07546401 -2.35913706
4.32822561 0.0228704028
2.55558634 2.81068134
-3.52867317 -1.44939971
-3.95948434 -0.175427049
0.164365977 4.18589497
-3.91422105 -0.510982633
3.50839353 -2.5865202
-2.5724926 2.57608843
-3.08007216 -2.77211761
3.61261868 -0.962309122
3.87165141 -0.0861073881
0.111075811 -4.34181976
-0.147132352 -3.87374187
-2.63318658 -2.83991718
-3.1783483 -2.38599181
-3.14871025 2.99070454
-4.13475132 -0.107017517
-3.23806572 -1.1603533
0.656550765 -3.54739475
2.92800736 -3.06241083
3.94262218 0.00372350938
0.82615757 -3.92975998
-2.84463549 2.98471975
0.00238664821 4.11789083
3.1838479 -2.99079609
2.77406645 -2.650599
-2.23249865 2.71883321
2.79515743 -3.22571659
2.71783328 3.0862956
0.0208325759 3.84238315
-4.23672247 -0.284507573
-0.221739963 4.36757374
3.92828846 -0.0998704135
2.7412014 3.17687249
3.24312329 -2.87943578
3.95277214 -0.127364084
-2.77260685 3.03058338
0.0332824998 -4.07633305
-3.01420307 2.83458829
-2.87924099 3.12318516
2.60746527 -2.93900251
0.0165886097 -3.8183465
-3.78494215 -0.281193048
-4.05696249 -0.346318483
4.12983513 0.156706616
2.93642378 3.04591417
2.70416069 2.62365198
-0.392191261 4.29315853
-2.08668375 -3.18984151
4.14348125 0.258831918
-0.00813782308 -4.22098017
0.287649602 -4.21994448
1.37252879 -3.65473628
-5.60549088e-05 -4.31824112
-4.20500803 0.143595904
-3.64484239 0.20936963
-0.0657758489 4.15644121
-3.77704906 0.0708867386
4.37971354 0.267603636
2.91195416 -2.87890577
-1.95443296 -2.84210396
-2.75634789 2.90924597
0.00856766477 -3.68639517
-2.83367896 -2.7184391
-3.95066214 0.738288224
2.50783587 -2.86414862
4.23072147 -0.281830728
-2.6014297 2.63707638
-2.72742319 -2.72711992
2.96849251 3.0483098
2.92856503 2.92559147
0.0713826716 -4.152987
-0.315712988 4.21835041
-2.4081955 -3.31097221
-0.285745442 -4.04971647
-4.05379963 0.556060374
2.70690727 -2.65325356
-0.148024768 4.2273345
0.483675033 4.08882713
2.85886574 2.80598164
-4.48119545 0.124244303
0.542737305 4.06630278
-0.112249754 3.8127141
2.84767842 -3.12847948
2.79261327 -2.86121607
-0.185265645 3.63733363
-0.371357381 -3.68562794
-2.78690147 -2.64913392
2.60583615 -2.64737129
-4.16462612 0.0867931545
-2.76693559 3.08015919
-2.63047266 -2.81593609
-2.92165828 2.71671104
-0.230451629 4.16664743
-2.91049314 2.89073157
-2.96629333 -2.54230285
1.61823213 2.98484731
4.08204842 -0.150521517
-3.06038189 3.01450109
-0.0096571669 -3.71101356
0.256920725 -4.16922045
-2.91472363 2.90231776
-3.86283994 -0.674278736
4.12582874 -0.820068419
-2.60637569 2.68576384
2.84588385 3.10788941
-2.74445724 2.80728364
-1.65030563 -3.31558418
-3.06777191 -2.79979897
3.75567794 -0.108440183
-3.14135218 2.88795137
2.96110916 2.75870156
-2.58441401 -0.0893728435
3.04431391 -2.92184448
4.1039257 -0.115323305
-3.1876657 -1.36837351
-0.0604706109 3.75298977
4.16103506 0.0319856517
4.03388691 0.126944557
-3.34490561 -1.46102345
-0.198846713 -3.94276953
3.00156999 2.95271015
-2.6970427 -2.8091917
-2.82992721 -2.8613894
-2.90384579 -3.09472656
2.41875553 -2.84458375
-2.80848122 3.26851988
-0.00868921354 3.70301342
-2.79170561 -2.75906682
-3.82176685 -0.132500783
-4.07055187 -0.415224254
3.1271987 2.70621061
2.31394339 2.71074319
2.89973927 2.76252389
2.61959815 -2.66976833
-4.31874847 -0.0849379823
-2.6858685 2.76680231
3.72270179 -0.0812169909
-3.38840556 2.08950949
-3.23552656 1.01361072
-0.0231365338 3.70407152
1.39176023 -3.26449466
-2.6649003 -2.79585934
-2.8080976 2.64542532
-2.99072361 -3.02803469
2.60557723 -2.66302562
-2.71683788 -2.86519694
-1.71072197 -3.08554387
4.056108 -0.0741450191
2.05973577 3.3417449
-3.19927478 -2.85478806
4.2854681 0.278777391
3.16375017 -2.83266926
-3.93322277 -0.139749005
-0.0474602804 4.39835405
2.85224938 3.26904154
4.0119071 0.251363993
2.87151146 3.00979328
-0.0274628196 3.63445878
-0.00468904898 3.88410711
-2.58764839 -3.03243041
2.78879547 -3.29134083
2.2622571 -3.31424522
3.04213071 -2.97672582
-2.98069263 -2.75740051
-2.93773365 -2.40065312
-2.64742351 2.83419347
2.60797524 -2.77520132
0.00831635855 -3.71074724
0.0419009924 3.775563
0.238566071 -3.95811081
-3.84704375 0.0971633345
-2.71332574 2.99995351
-0.420080125 -4.55333805
-0.00973995961 3.87291384
2.48104167 3.16355848
3.7144146 -0.0628990307
2.07075596 3.42452264
3.71142864 -0.0542476587
-0.0674630329 4.05226517
2.83541131 2.80288959
0.0018511638 4.24803066
4.22446918 0.139160752
-2.9648037 -3.06635523
3.00335979 -2.77378654
2.71981192 -2.76440167
-2.85039663 -2.87747049
-0.079476133 -3.8313446
-0.490997374 3.61610961
-2.58478069 -2.46808863
-2.61547112 -2.67900681
2.829422 -2.81040907
0.00953951664 3.96734595
2.8792944 2.64727831
-2.81877708 3.02694511
-2.74131536 2.89846635
-2.70022082 3.05166411
-0.273936391 -3.97479391
2.8613224 -3.08870125
0.137535259 4.01746655
2.93796921 2.73010445
-0.164774656 4.1615696
-2.63584518 -2.71288395
0.0466195904 -4.25600576
-4.21573114 0.191355288
2.74019456 -2.20819664
-2.63471055 -2.82986736
3.57885408 0.686699748
3.22741747 2.75835013
-0.301238209 4.20299864
2.87517691 3.03577518
2.92923355 -3.11558199
-3.45534563 -1.80702007
-2.98169303 -2.49053049
-0.102953598 -3.93559432
2.69755769 -2.58572125
-2.60631275 2.67876577
3.15446949 2.72696757
2.7229979 2.61202693
1.62260544 3.0177474
-2.87846327 2.64571881
-3.03557158 -2.97227907
0.00318419561 3.95670938
-0.189328805 -4.25199509
-3.99462199 0.420040488
-3.14555788 3.06238198
-0.276905537 -4.1258049
0.0902953446 -3.98203158
-4.21572113 -0.113714419
2.91857481 -3.03966093
-2.65804052 2.63934898
-2.52928495 3.01240492
2.73709369 -2.8461864
-0.28882122 -4.14134979
-4.07790947 -0.269992828
0.102285795 4.24105072
-2.77448797 2.77502203
-3.13769126 2.86756754
-2.82622266 -3.07662749
-0.469409525 4.48997641
0.163251996 3.8658042
0.0110381991 -3.77028441
-0.102004878 -4.23581696
-0.102547653 -4.13994503
-2.62086821 2.74089098
-2.8710146 -2.92595863
0.0831426829 3.85576916
2.89872432 -3.32615042
0.233539954 -4.10692453
4.13210535 -0.0937642604
-3.6779108 0.0281503387
2.73115373 -2.9566865
-0.0568369105 4.34703732
2.73040724 3.04662895
2.56667233 2.70489168
3.97065592 -0.0398739725
-4.0384264 0.125138432
2.35642266 2.82445931
0.211242229 3.95156002
3.08628964 2.83657765
-2.78851867 -2.65379095
-3.05977345 2.69484925
-0.507704079 4.3780036
-2.7362709 2.68941307
-3.25001884 2.78509045
0.232311457 3.92893171
-2.83214021 -2.96117663
-2.89436769 -2.81988311
-3.10311747 2.87138033
3.75611448 -2.02561283
-3.05834723 2.88879704
3.10799026 0.456873178
-3.1263833 -2.77115631
2.70619702 -3.3267138
0.543395758 -3.73735309
-3.39303803 3.44643855
-2.86946988 -2.79007578
2.67993546 -2.65127444
-0.495391428 -4.14297199
-0.0256438088 3.69998384
4.14194298 0.245308667
-3.52026939 0.184202239
-2.81557035 2.86110926
-3.00093317 -2.27018976
-0.949116945 -3.62128592
3.70031548 0.147687331
4.23439693 0.322732806
-1.97165298 -3.10889673
4.12442064 0.25484544
-3.02779341 -2.74673843
-3.44061136 -0.854397953
-3.74029541 0.0703223795
-2.88667727 -3.14430189
-2.94245243 -2.86896467
0.287850797 4.05382347
0.105417326 4.22071648
-0.0195827857 3.65767932
-0.187232405 -3.91745472
-2.87756538 -2.87026501
-3.08091497 -2.86639214
-0.00390476827 3.67850375
0.73585999 -3.89337492
2.85809422 -3.21549082
1.12968588 -3.72513723
-2.51943016 -3.00543928
0.127178848 3.67474532
4.04324341 -0.182756096
0.0273367055 4.34061098
-3.66016579 0.122311741
-3.91014695 0.261532277
0.111484967 -4.10970306
0.118693918 3.88114882
0.0122989658 3.71088934
0.0654371753 3.73726273
2.60946679 -2.73677588
2.79812145 -3.03517818
-0.0712668002 -3.78120375
2.70789361 -2.97020721
-2.87257433 -3.15092897
-0.236677378 4.28705215
2.98874283 -2.99053431
3.89121556 -0.200652882
0.703366816 3.5777874
2.64983344 3.02536392
-0.0890384912 4.24633789
-4.03355026 -0.403088093
-0.131190002 -3.88131952
4.13777685 -0.101649769
-4.06350231 -0.271019101
-0.0237887241 -4.11093426
-0.734779239 -3.44424939
-3.02950907 -3.0264287
4.22357655 -0.121318102
2.41304564 -2.84854484
-2.5967865 -2.60047865
3.9024322 -0.16576235
-0.318108231 4.32187748
-3.13394737 3.013412
3.18166876 1.99322999
-0.0987184197 3.73237753
-2.58312702 -2.59902644
-4.20271111 0.338928223
3.93724442 0.169785202
-2.10861278 3.28146243
-2.65409803 2.84439373
2.90607977 3.2608819
-3.99331951 0.608320951
2.79137349 3.01324773
2.94628954 -3.04727507
2.76349616 3.01588464
1.8195312 2.95602274
-0.096704863 -4.31246662
2.72463083 2.69861627
2.0027976 3.26006699
2.96804857 2.96281648
-4.74205589 -0.130703136
3.07653427 -2.72880077
4.04548979 0.178669885
-3.47965455 -0.783143282
-2.95452642 -2.80703974
-0.376968414 -4.11438894
0.0275427215 3.7669611
-0.050521303 -3.78171372
-0.0613379627 3.82100916
-2.27439737 -3.35565066
3.29586124 2.77812052
0.0916437283 -3.83588171
1.16785228 2.25531292
-3.52293634 0.660513401
3.13436365 2.83206701
3.08942604 -2.80085397
4.09173393 0.286957324
1.71621072 2.97319221
3.00270367 2.92902327
-3.41209364 -1.08932757
2.57118678 2.74544287
-2.69466686 2.66950631
-2.84936309 -2.85253429
2.96238232 -3.14846277
2.4193964 -2.55702448
-3.0596242 2.69960237
-3.2349 3.04743147
-2.86254644 2.82072783
3.43126631 -1.46148038
4.25420141 0.0693479925
-4.16044664 -0.29051578
3.22434425 2.75582743
3.90273595 -0.106095217
-0.13902235 -3.97886515
-2.8965528 -2.81605411
-3.03282785 -3.09699106
-2.93589664 -2.65458012
3.75299644 -0.108680144
0.357902795 4.33484459
-3.76770973 -0.0917872116
4.00337219 -0.157305628
3.79068232 -0.127476528
-4.20913553 0.0728442967
-3.07675076 2.02225637
3.01823378 2.71642637
-0.985022306 3.55943775
-0.0583149157 3.72365212
0.00687459484 4.17734909
3.61537051 -1.21028292
2.81280947 3.13240433
-3.03989649 2.87410498
0.201275796 3.91920257
-2.66695905 -2.72382593
-2.75383782 -3.12566328
0.13590923 3.90561128
1.57008219 -3.37872005
0.0364696831 -4.04950237
2.63109303 -2.65239453
2.80451488 2.5364151
-3.78465605 -0.118951991
2.75661159 3.01381779
-3.74821615 -0.0750592276
-3.8679502 0.135296494
0.124853387 3.93200827
-3.87488389 -0.182594776
-2.64403176 2.78009653
3.69959974 -0.0639152527
-0.0113018006 4.18619156
0.38397342 4.11736059
0.315817356 -4.18540478
2.89476728 -3.13211179
1.12663817 3.22130966
-2.82825923 2.99936724
2.73627162 2.7638855
-1.10497272 2.6656971
-0.238649413 4.13779116
3.73181939 -0.0924607888
2.54593968 2.65316558
-3.00324583 -2.59782624
-0.0527291633 -3.95564079
-4.06615067 0.533252537
2.51741576 -2.74800754
0.0970887095 -4.01783657
2.61875916 2.47514081
-2.72692299 2.65726566
-0.0442364886 -3.85784698
2.70724916 -2.85092378
0.071525611 -4.06638432
-4.00813484 1.26852882
-0.0489406958 -3.82568431
-2.81853771 2.82622576
3.17716074 2.54084873
3.87789059 0.163881302
2.55554914 2.64802051
2.7488308 -2.78681636
-0.275732577 -4.14638233
-0.00836605579 -3.78309512
-3.8475647 -0.170854181
3.78525066 -0.105907887
-3.04123569 3.06922436
2.87225533 -3.04055595
-2.60621071 2.60465908
0.105950072 3.77493548
-0.0606041625 -4.19934368
-2.59049392 -2.59460664
2.73291564 -3.15337014
0.0926983058 -3.78103185
-2.95285845 -2.48262978
1.03127086 3.26126242
-3.8737669 -0.174218297
3.39974666 1.38409042
3.71242213 -0.0142323319
2.9275322 -2.95805788
-3.10719275 3.25371671
-2.93766642 -2.97198963
-0.00772027113 4.15446377
2.91634083 2.35173178
-2.58107519 -2.52250957
1.63477874 3.5610981
2.80867052 -2.44465351
2.76944947 -2.70889187
2.41482878 2.74851918
-2.83067083 -2.65831041
2.62792468 2.71840334
-0.127850264 -4.14961052
-2.69615602 2.96302509
0.636171222 -4.56086636
3.03471327 -3.14017153
2.75841308 -2.66702414
-2.05752993 3.23013258
4.17097378 -0.0619286001
3.08507967 2.77424836
-2.76731539 2.48973083
0.210354924 4.00731945
-2.76726389 -3.15112162
-0.0693437904 4.39520693
1.11777198 -3.65528774
-4.19525194 -0.252271295
-0.501597881 3.69161558
-2.7763238 3.02113199
3.42120934 0.955083728
-2.81906033 -2.74349499
-2.63649678 2.62727833
-2.542768 2.73317742
2.17025852 2.76759267
3.13310623 -3.22590208
3.89306593 -0.181013077
3.18848419 -2.99851847
-0.31530571 4.16080475
2.7931571 -3.02164936
0.353095174 -4.33818197
2.83790421 3.07901096
4.26806211 -0.0243899636
-3.07057095 3.48137379
3.22726297 2.67677164
-0.421268493 -4.46581697
0.0511320457 3.73889685
-3.9756403 0.0965567678
-4.2991724 0.0880706012
-2.96253824 -2.98676062
2.59517217 -2.65645576
-3.8745656 0.0552021526
-0.30080688 4.26319742
-1.31634927 -3.72068357
-0.269639403 4.17149067
-0.100022897 4.23387051
-0.245601624 3.55524898
2.98628473 -2.83631563
2.83507729 -2.73242378
3.31229448 2.32061887
2.89708614 -3.08067107
2.60676885 -2.19011593
4.16396332 -0.176576912
-2.77735233 -2.75035882
2.63857317 -2.63997054
-2.84388185 3.01230979
4.17419815 0.100097217
-2.76265144 3.02648067
0.153418541 3.94659996
-2.98235798 2.82390594
-4.08250046 0.381138563
-3.00951147 -2.72097611
4.0591011 -0.242100939
-2.76577282 3.10140181
2.62021041 -2.85664272
-4.21525669 -0.299723476
3.25788879 -1.30070114
-3.73232269 -0.839969277
-4.03402376 0.156293184
-1.08502567 3.42964864
3.55968809 3.29398036
3.94460726 0.157123014
2.5726428 -3.10604143
4.3025589 -0.0406397805
0.248104572 4.17216396
3.94372511 -0.188880175
3.04849958 -2.94763947
4.26603794 -0.20532766
0.285186112 -4.09037781
-2.63269687 -2.80563784
0.157581985 4.28706503
3.13426995 3.13091254
-2.662287 -2.93692899
-0.513743162 -4.52733898
2.55612874 -3.00803876
-3.6238265 0.016002465
2.90625215 -3.04982185
-2.86315989 -2.83572102
-2.9539485 -2.70691109
4.2581377 0.167488605
2.99851489 2.86907101
-0.0688160285 -4.28707695
3.04940748 -3.20958328
2.76927805 -3.02941918
-0.149217978 3.84549904
2.7896378 3.35276222
2.6529417 -1.61763835
-0.0453873686 -3.74624538
-2.63725829 -2.34343553
-2.85220337 2.40790963
-2.46853614 2.60235429
3.00357723 3.02906013
-2.67660928 -2.6375978
3.57378149 2.87564039
-4.09891558 0.0756577104
-2.60003304 -2.62339592
-3.78539133 -0.214808807
-2.41088867 2.58984232
2.64823985 2.69493532
0.66440022 -3.77268815
-0.376332551 -5.29153156
-3.97630978 1.24546266
0.337361872 3.54510927
3.16531229 1.31137609
-2.63739777 -2.83154368
3.96815109 0.360313028
2.95549345 -2.90887856
-3.34344649 1.35793257
3.97732544 -1.00635695
-2.73536205 -3.15832233
0.219885319 -4.04837275
2.77794933 2.93280458
0.178482652 4.17489243
0.239232481 -4.13710117
-4.14550066 0.16384992
2.69301605 -3.11555004
2.77821994 2.93526316
3.07012749 2.93541956
3.15167713 2.79085732
0.297844499 3.92935181
2.59113383 -2.82528901
-3.71011949 0.0839126259
-0.313682705 4.14501524
-2.75707912 -3.24455118
4.13328743 -0.253417313
2.8068676 3.04952955
-2.69448376 2.99822855
-0.230774209 -4.27185059
-2.67770314 2.93422699
0.0241853949 -4.28685474
-4.20689154 -0.000531471334
-2.60826373 2.68648219
-2.63276458 2.7508707
4.07688522 -0.293175578
4.21373272 0.13546358
-4.04240179 0.48519066
-2.54362392 -2.53591037
-3.00199485 2.60337973
-2.87871099 2.53643751
0.109720483 4.28390551
-2.70180798 3.01964617
-0.842911184 -4.88671207
3.84227657 0.109222837
3.35937405 -1.13004732
-0.254696399 3.98179388
-3.9662323 -0.209392905
-3.95973063 -0.0884387642
1.15009379 3.90416241
-0.116347879 -4.06027985
-2.996104 2.90877533
0.188236535 -4.02319527
3.79632401 -0.0180790722
0.27074942 -4.2361784
-2.80289888 2.83784032
-4.15842724 0.149710625
-4.18448734 0.142720282
3.79657555 -0.00369058736
0.0136173777 4.11736441
3.07093143 2.9395504
-2.58062029 -2.71866608
0.073030442 -3.72936201
3.6246314 -1.93203795
-4.2601943 0.319958329
4.34491348 0.334411502
-0.182736352 3.89463758
0.694070816 -3.86183071
-3.20789814 2.46070099
3.58824158 0.463839024
-0.277561814 4.60821342
-0.258036852 4.17402697
-0.297759265 -4.153368
0.157917619 -3.89160776
0.361878633 3.73046589
1.5463084 3.51816559
0.236598223 -4.17758369
-0.0222512968 -4.16512251
2.61533713 2.67745495
2.4982326 2.65361977
3.43525457 -2.90665078
0.0211272202 -3.79403138
2.77582073 2.892905
1.07542169 3.83084321
0.0274204053 -4.23058176
-0.0666545182 3.98836994
4.23710012 -0.128807366
-0.0959282517 4.02374887
3.24206138 2.40044713
-3.22866297 -2.45194054
3.08844233 -2.8385129
-3.29791713 -1.12562776
-2.9396472 -2.97845984
-1.94509101 -2.89128208
-0.0862733349 4.20077705
2.92910647 -3.20010281
-2.86456108 2.9864223
-2.6877532 2.63863945
-2.33768177 -2.93106604
-0.0746020228 -4.21995497
-2.94216418 2.66408372
2.84248304 3.14907026
0.12443731 -3.88082838
2.80430603 3.06415009
-3.01788664 -2.72402954
-2.58607578 2.57414889
1.12462151 3.89202976
-2.67730927 -2.64458632
-2.62911463 2.84041381
2.85073614 3.13233089
-4.11752224 0.211926252
-0.0726551712 -4.04599953
3.06573915 2.73448849
3.51268244 0.479297489
2.62531328 2.94731998
-0.533048987 3.88787699
-2.74703932 2.84489536
0.185014695 -3.66452217
2.86147404 3.08145738
2.63284111 2.92550325
0.319406152 3.78604698
2.59279323 -2.8024025
0.972966552 3.30400848
-3.20468283 -2.76616979
2.85680175 -3.08569169
-3.79109383 0.0168783553
2.68939638 3.15128779
-2.88019276 2.84064507
-2.78832817 -2.73773408
-2.723104 -2.79136324
-3.01383758 2.88296127
-4.02708769 0.177588552
4.30143547 0.336102366
-2.6495986 2.88510942
-0.817180157 3.92861295
3.809659 -0.565526724
3.81045747 -0.126348034
-3.06826687 2.71134305
-4.03158903 -0.237983108
2.60642743 2.92024207
3.84324622 0.0153300948
3.47673774 0.822877884
3.00741506 3.0598712
-0.17784825 4.07103634
3.16905355 2.81483698
-2.16164064 3.11550951
1.31957948 3.16720366
2.74645472 -3.0753026
4.08187485 -1.08226991
0.00959686749 3.88364673
3.84024525 -0.114569813
-1.06082666 -3.22339582
-2.76842928 3.16403675
2.8636961 -2.6232729
2.57289648 2.75205112
-1.83313131 -3.17851782
3.22034335 1.40910983
-2.63876319 -2.62075353
3.04412127 -2.88206625
-4.12083387 0.182431996
-3.27882528 2.77649641
-0.0500928164 3.60253549
-1.27306402 -3.20898581
-2.78201771 -3.04897881
-4.14030647 0.0537472367
-0.682368636 -3.52086878
3.70550132 -0.306262225
-2.00902581 3.02906227
-2.67076206 2.64983153
-3.07036304 2.70255947
-0.00393354148 3.67892885
-2.84535575 -3.0325017
2.88472009 2.87206864
-3.01839876 2.39592457
2.82056928 0.568567634
-0.104120359 3.76831007
-0.120823368 3.93897343
-2.9409914 2.93509388
-4.11676884 0.109513186
-3.21674299 -2.90707064
-0.0154854245 3.67148209
2.5978992 -2.77453566
-3.01226807 2.79794073
-1.60080624 -3.56850076
2.61286521 -2.66565776
2.61671877 2.61714554
1.50373614 -3.2255497
2.94672203 -2.91678524
-2.96480823 2.56184602
-3.91674066 -0.223023593
3.02979565 -3.29305267
3.99054384 -0.0796781182
-2.71000242 -2.98033905
-2.62755299 2.79978991
-4.22385073 -0.155174434
4.16111755 0.126978338
-2.59826422 -2.58356953
-2.6442697 -2.71123648
-2.63843703 -2.95404339
-2.85618854 -2.15027857
-0.202700064 4.34566975
0.00086428225 -3.78110123
-4.39197922 -0.301537275
-3.84667945 1.61371279
3.27367735 2.48099756
3.98779917 0.139637738
3.67866421 -0.120581232
2.75794077 -3.02470064
2.68942547 3.09862399
3.0656209 3.0423193
2.60501361 -2.67202592
-3.99898601 -0.323961556
-3.39079833 0.634523034
3.16547155 -2.7650342
-3.04865932 -3.00051022
3.1188612 -2.76704645
-2.67079639 2.65042186
-0.399094522 -3.81181502
2.91406298 2.68657041
-3.50395155 -2.9736743
4.12501049 0.212290466
-3.76532364 -0.796475887
3.58267379 0.162797257
-4.53653049 -0.020481905
-3.9026978 0.00954179559
0.0302006118 3.93179178
0.0259819683 -3.90388203
-3.88145471 0.120827764
-0.28145808 -4.12994385
0.714793921 2.56227827
-3.88491821 0.224283919
0.0770640597 -3.92554665
-0.0407863408 -3.83107734
-2.89801741 3.0650773
-4.37851334 -0.294398427
-0.303182185 4.27693748
4.1457634 -0.234665602
-0.227494434 -4.24142981
-2.83184385 3.03931975
-2.66194224 -2.8225677
0.0843044743 -4.05057478
-3.06753659 3.0848999
-4.03326464 -0.00693938322
2.9071579 -3.1406498
-2.67600036 -2.75468922
-2.96521878 -3.07939458
-3.40199304 2.87954712
-2.89847326 -2.81497121
-0.572625041 -4.06402397
2.8298142 2.87650394
-0.162724018 -3.88556671
-2.52094626 2.99121523
0.255648524 4.48761272
2.95427084 -2.93040466
-2.1799078 2.75514936
-3.07455015 -3.37633657
3.14286304 -2.76136637
-3.01317453 2.93286967
-0.391791821 -3.97939014
-2.93570471 -2.81343865
-2.64641714 -2.82591653
-3.18159366 1.69112659
3.83652282 0.0970720276
2.99191427 -2.94968343
-2.59926462 -2.62253141
-0.0770935342 -4.28707409
4.04109192 0.159038633
3.10884595 -2.94007015
2.754879 -3.03117633
-4.57293367 0.108193263
5.21390486 -0.534647644
-3.21761847 2.4428761
4.7917366 -0.661523104
2.69832993 -2.64900351
-2.6792469 -2.7880435
4.02893496 0.00359983929
-2.91202116 0.659362614
3.99933767 -0.184673488
2.57462311 2.70853972
0.0810118765 3.72085857
0.111787058 -4.05658102
2.71726727 2.55573058
-3.08467865 2.7179966
-2.679317 2.66659427
3.19488835 2.55175209
-4.02426243 -0.0428995341
-2.99591804 2.67598248
0.0979141146 3.70163321
-0.133180872 4.20690966
2.87206173 -2.78814244
-0.024058722 -3.7260294
4.07512617 -0.222133934
0.0356794074 -3.73182249
-2.73016381 2.64689875
-4.01332235 -0.233124346
-3.61895466 -0.0564488098
2.50339341 -2.78888512
3.85396409 -0.134183213
-2.67671776 -2.48298025
4.05403137 0.237010211
4.10002136 0.139903098
2.8474617 2.65152669
2.87159872 2.78692079
0.0194672272 -4.20449924
-2.80556107 2.8815279
-3.21278381 3.03928232
-3.6847589 0.0239342265
3.76452351 0.974431515
2.99394226 3.02812028
-0.259717673 4.07853937
-3.05885792 -2.67397451
-3.10723162 -2.68694711
2.68273997 -2.7477684
2.89760661 -3.24707055
4.52760315 -0.0147330128
2.76965547 -2.84753966
-3.18428564 2.65717053
-4.25793791 -0.0923639312
-0.110363066 -3.82251835
0.170323819 3.9823699
-2.88186789 2.41716957
-0.323474765 4.17240334
-3.04184341 2.69385123
0.396618068 3.59527016
2.12187958 3.40301991
-2.80836773 -2.71003437
-2.78495193 -3.18076777
-3.0243268 2.72387218
2.60095549 -2.70171237
3.15017629 -2.19093847
-2.72987199 3.15233159
0.22821942 4.27774525
4.29113579 -0.325746149
0.757890344 -2.8209033
4.04977798 -0.101171322
4.02376842 0.216472998
-2.62145209 2.78733611
3.68243742 0.0267107058
4.68313026 -0.0598551258
-0.458677083 -4.64098597
-4.03855133 0.1783427
1.63655698 3.42715526
3.00214481 -2.68972802
-0.0612976253 4.07255602
3.40051222 0.971823454
-3.38011813 -3.32838726
-0.00236239238 -3.91507101
2.62356782 2.61566973
2.58138132 2.90235066
3.86006641 -0.0948668495
4.05888605 0.10374815
0.156391814 3.78691149
0.665205657 3.73959398
-0.0230967291 3.68286467
0.28119266 -4.19005156
-0.240554169 -4.12551117
3.12647462 -2.90271378
-0.00688104983 -3.85159063
-3.78437614 0.102020018
-4.14679623 -0.216686919
2.67529583 3.13709617
4.1556983 -0.183358237
0.191785693 -3.69240189
-3.05687356 -1.99613285
2.64833498 3.04848814
0.0597040579 4.21840811
-0.361527234 4.25625229
-2.63969159 2.94417071
0.0829196274 3.84527206
-2.95913911 2.68690395
-2.83099484 -2.66474533
0.0489724018 -4.36602354
-0.0290136635 3.63991404
0.13529703 4.18529654
-3.14141917 2.80045414
3.59225893 -0.588324964
-0.154682562 4.16028786
0.528214931 4.11126852
-0.277468741 -3.94972754
0.0472770408 -4.08978081
2.745152 -2.64480376
-0.128496438 4.05063725
2.61554551 2.61688733
-0.339915574 3.7118423
3.04455709 -2.87658763
2.66305137 2.91930866
2.69930482 -2.60506129
0.0569846146 -3.76115131
2.958179 -3.04021835
3.88106298 -0.0517767966
-0.0207742043 3.76118684
-2.5760901 -2.58370805
-2.75912666 -3.06465912
3.50241613 -2.47632217
3.72160792 -0.0347166695
-4.45232248 -0.392907739
-3.87011981 -0.1635876
3.0944767 2.687675
2.69896817 3.1139915
-3.12691784 -2.5024333
-3.95304537 -0.495863259
-2.76307344 -3.00443363
-0.306472719 4.15299797
3.9740591 0.186282873
2.61168027 -2.67107797
-0.177169159 -4.2462492
-3.90757751 0.117565051
2.76247621 2.89234638
-2.65085959 -2.79393601
-0.253247142 -4.24056578
-3.00143003 2.65214992
-2.99234438 2.88733745
0.190077722 3.99402666
2.85516477 -3.0864954
3.27261019 2.53584146
0.00184758357 3.8557055
-1.59589875 -3.01406622
-0.161819562 3.99548054
-3.00603247 2.91470027
-3.66248655 2.21285105
-2.87190938 -2.67362309
3.87800646 -0.170670182
-2.66353416 -3.37350988
0.0553517789 -3.78743362
2.97317553 2.08674717
-2.88880682 2.86135173
-2.85374188 -3.13050508
4.42826462 -0.0620209277
-3.77233315 1.61529958
4.11645031 -0.100718319
-3.80145884 -0.0793919042
0.577455103 -3.79782915
2.87414455 -3.21972871
-4.17504597 0.173035324
0.544855297 -4.81494999
3.99860764 -0.198487341
2.8273375 -2.85620213
0.271941364 4.17446995
2.5703671 2.63929701
-0.333525002 3.72696519
3.99711561 -0.0670644566
-4.17151546 0.0256165788
3.17440462 2.01175785
-3.67296243 -0.516142607
-2.80165243 2.61753345
-0.805403471 -3.70822048
-2.9675746 2.74566746
3.07237291 -2.73362517
2.73164749 -2.72273779
-2.8550055 2.98918295
2.68194199 -3.10639381
-2.77645063 -3.04339218
-0.153710827 -3.72474098
2.87967181 2.96961689
0.0893595219 4.24815941
-3.64533424 -0.982838094
-4.0558176 0.159780487
-3.94223976 -0.0550296493
-2.31805491 2.76662946
4.13653755 -0.236381114
0.000957820565 3.69256711
0.0619034879 3.68478894
-2.91015267 3.23495483
0.0855047181 -4.11968803
0.221011817 -4.16307354
-3.05843234 -2.7376523
-2.65309358 2.26229334
-0.264745831 -3.25653982
2.8762815 -2.66818261
0.198412925 -3.6773243
3.69617844 1.33861363
-2.89867306 2.73706627
2.60349202 -2.66775441
3.08725047 3.06586504
-0.582563162 -3.40403247
-2.63880587 -2.62657022
-2.45769644 2.61364436
-3.59601569 -0.405410588
2.72841096 2.91103363
2.94206309 -2.17798591
-3.57550263 -1.11579299
-3.20891476 -1.36723506
3.22738647 -3.01269889
-0.0741589442 -3.79621172
0.0866223723 -4.19249439
0.483354747 4.06998158
-4.52646303 -0.214334831
-2.9967227 -3.04580641
2.5130024 2.24085951
2.64412856 3.09863496
-0.316169947 -4.20080853
3.70579386 0.0472367555
-3.61867547 -0.124164835
2.72951603 -3.04135609
-0.132897064 3.94968176
-2.98107529 -2.71120262
-2.757025 2.76952457
3.64856911 0.0946944803
0.0516735837 4.18529892
2.86434221 2.87971592
-0.0777085125 -4.45497608
-3.93928957 -0.123354718
0.0584674217 4.06071091
-2.56726408 2.60200763
-4.14042664 -0.123082533
-3.67923212 -0.37478435
-2.742558 -2.87658882
-3.82689953 0.129953265
-1.93486035 2.92079306
4.03508902 0.0751503706
3.71742487 2.0683527
1.24408281 0.821810842
-2.84696388 -2.83172011
-2.72960567 2.92150593
-4.03308964 -0.34628582
2.89971328 -3.01080751
-0.223946631 4.25721121
2.76527452 2.71803594
1.19325137 -3.93390512
3.0535903 2.82156944
-0.516923845 4.38415718
-0.213117078 3.92028093
2.92657757 2.73282504
3.83481169 -0.637783885
0.569375932 3.46534491
-2.8742795 -2.64192772
0.103561439 -3.872509
-3.70267797 -0.140241429
-4.33109093 0.10377375
-0.134558469 4.08118105
-2.8036139 -3.21448421
4.21018887 -0.140866101
-2.79569197 2.91210175
0.0581497997 -3.76048899
2.57828546 -2.72964883
0.0353042632 -3.95241785
4.28037643 0.495206594
3.8413558 -0.117324486
0.257196993 4.03481722
4.53740883 0.656974316
2.93966293 -2.1030972
-4.15623569 0.0720780417
-2.78022909 2.39920402
-0.297620207 -3.90574646
-3.18267965 2.83250213
-3.99403214 0.0796362162
-3.3372097 2.82784748
-2.76333547 2.64315915
3.89843583 0.15235275
-3.53003168 -3.05382109
-0.00541069359 3.9322958
0.964990675 3.77069592
4.14357376 0.0749200433
-3.21788692 2.76161122
2.8439486 -2.73787522
3.81971931 -0.0486370698
-2.84644389 -2.71176362
2.8260355 2.60316467
0.0367941372 -3.80968618
0.711536407 3.77512503
3.22559023 -2.78197765
4.47418213 0.275094122
-1.98312795 -2.86189198
2.53938341 2.64858961
-3.01421595 -2.82246709
-3.6661272 0.0122976378
-3.24376369 -3.07473135
-4.1370244 -0.262181789
-2.96882153 -2.78019071
4.06415939 -0.0465068556
3.36028385 -2.56511092
4.29876661 0.0932399705
-8.50744545e-05 3.70253396
-2.43690705 -2.38223815
3.00856209 -2.6211381
4.11584187 -0.117493249
-0.0847124606 -3.88483644
0.248402789 -3.94897294
3.85349941 -0.0774482936
3.95962811 -0.176580489
-0.887788653 3.47129941
2.79659176 3.09762669
2.84902263 2.83632708
3.67801929 -0.344362497
3.13892746 -2.75925398
-2.35811567 -2.66368771
3.14793682 -2.28418112
3.33806062 1.28178346
2.93569326 2.75006628
-4.18923378 -0.0205080248
2.87226868 -3.01525235
2.56733513 2.80855227
0.0703713372 4.05280495
0.643031597 3.43565154
-2.71246099 2.65351415
4.26840639 -0.048201181
0.048714228 4.21805954
-0.0624149069 4.36406612
2.55013132 2.65128922
4.15954065 -0.222393364
-3.5325501 -0.565147877
2.91371512 -2.67647982
-2.81149101 2.95923996
2.68676186 -2.8309052
4.24348021 0.0700271055
-2.43469119 2.45249796
-0.0931040943 3.86782193
2.59519887 -2.64227438
4.1505022 -0.322049677
0.124476999 4.21610403
2.60435653 2.94585109
4.45931101 0.12277995
4.23855591 0.137175158
-4.16619253 0.262655079
-2.8104682 -2.6561799
-2.76303959 3.18408442
3.23271251 -1.53351152
-3.16929626 -2.80537367
-3.05311561 -1.85394812
-2.80745554 2.73335004
2.98032379 -3.10903978
-3.71968508 -0.057134483
-2.74179149 -2.41650009
2.80276489 -2.78779936
-0.348826885 -4.21817207
0.0664462 -3.70966578
4.07295799 -0.059307415
-0.00203643739 4.16429377
-2.97190118 -2.69765973
-3.71878386 -0.0504923984
-3.72962594 -0.957179487
-3.25114584 -1.33750939
-0.00457085855 4.08466959
2.46296835 3.07682991
3.96931505 -0.135119915
0.0745847225 -3.79663372
1.69951558 3.04647326
-0.0689392611 4.15734291
-4.35187531 -0.19779712
0.0100138523 -3.68497539
2.83712077 -3.04676485
3.05742359 3.02686501
1.57583702 3.25146675
3.91693139 0.130308911
0.133831114 4.03143215
-4.10687399 -0.23251
-2.84974885 2.46444702
3.73020601 -0.0902301595
-2.82223225 -3.11003685
-2.58282876 2.59113717
4.15406179 -0.144478068
0.315257996 4.11657667
-4.13643742 0.0729791969
3.87475348 -0.0421842635
2.73667049 2.70169115
-2.87625575 -2.80221391
0.225481078 4.14106417
0.0317860804 -3.86432934
-0.0125825563 3.99786115
-2.65757298 2.62256742
-2.71852183 2.78787565
-0.159462422 4.13105965
-2.78444695 3.08423662
0.104855686 -3.89419985
3.70783448 -0.0202915631
-2.93672156 -2.76692009
-2.37400389 -2.96536279
3.87101245 -0.176525861
4.20663452 0.114473991
0.637754738 3.47801423
0.0394972563 -3.81651449
2.61951351 -3.2486136
-3.02052689 -2.77614403
0.213061452 -4.07589054
-1.57579029 3.44248843
-2.70268774 -2.19888496
-2.8430419 -2.6699276
-0.223044708 -4.04304695
-3.05852747 -2.90578413
4.15273046 -0.261741042
2.67318273 -3.23129654
-3.85516119 0.106607005
0.142631203 3.85269547
-3.22596264 2.76043439
3.0844245 -3.05850506
2.96584201 0.252441823
0.189826742 -3.74086213
-0.182804316 -3.93146253
3.09702682 -2.78248072
1.11682439 -3.50089645
3.17289591 -2.73772073
4.15495586 -0.50723809
-3.15098 2.84188652
-2.64378905 3.31271887
3.73841548 0.0962090343
0.107846171 -3.89024448
3.17068243 -3.06914091
-4.21754885 0.355800629
3.24064159 -2.85420918
4.20208979 -0.0346600376
-2.96809173 -2.98743939
-2.18163347 1.08937883
-2.28671193 -2.94889593
-3.13459754 2.77473426
-3.81661797 0.133713782
-3.13016844 -3.2180872
-0.0123461075 3.71239448
0.273113459 4.26865864
-3.68318033 -1.14736545
2.961519 -2.65517783
-4.03050756 0.0345307924
-2.82091761 3.34237337
2.66185832 2.61116815
-0.200751975 4.17144251
-3.72439694 -0.031102011
-3.1691463 -3.11947083
0.198916793 -4.1201849
-0.285462618 4.32297993
-2.82340789 3.21490359
-1.01294136 3.28974581
3.10856342 3.10632396
-3.53934097 0.217944607
3.24257421 2.76695371
-2.87936163 2.93589115
3.82991338 0.0674498975
-0.170159578 4.11100388
1.12130892 -0.259989262
2.82799506 -3.16211843
-2.8493979 2.79999948
4.36286306 0.23852703
-3.58731699 0.44021821
2.59507084 2.52274799
2.60845399 3.03524899
-0.0455575325 -3.90203524
-3.11605597 1.68466973
-4.45275211 -0.0533635989
-2.79620838 -3.2087965
0.0291434452 3.76044893
0.0855825096 -4.0072813
2.66423464 -2.58945155
-0.111498997 3.88511205
-0.234132588 -3.92691016
-2.80659008 -2.42030501
-2.96257401 -2.70620179
-0.0124634579 3.62963462
-2.57616425 2.57267427
-2.74801588 2.88096023
0.00965537876 -3.66791582
0.202765882 -3.62651873
-2.787642 2.46474147
-0.151330769 4.06102037
0.00260080025 -3.78360343
3.58542681 0.531250119
-4.38686752 -0.0904855803
-4.07452822 -0.268090904
-0.0435326397 -4.29625034
0.066574879 4.19912195
4.20873117 0.240737379
4.13092136 0.142507017
-0.347337484 4.22558975
4.46312189 0.220793992
4.06028795 0.219622344
-2.86156702 -2.98867369
3.74372482 -0.0275310725
3.88914895 -0.161311254
-4.21824551 -0.299719483
0.0580442771 3.65274787
2.90473509 -2.48983622
2.6139164 -2.66295886
-0.39891398 4.02800846
-2.88284945 2.48338914
-4.28128719 0.0194095671
3.74432993 0.0526280291
2.84721756 3.03372073
2.59637761 -2.72899914
0.146884233 -4.35960007
-3.9658103 -0.147114486
3.12040615 3.11737728
0.0032958684 3.71213531
-0.547763765 4.41621017
-2.22109842 2.73842931
-2.6883955 -2.62785196
2.82514906 2.14363241
-3.88195515 0.0134157119
3.90591478 -0.0666041151
0.0882305503 -4.04570532
3.77658677 0.0669491366
-0.223317891 -3.77651834
-0.024027627 -4.04812288
-0.113475114 -3.93413353
-3.06619787 -2.74427366
-0.0757474601 -4.11051464
4.33637857 -0.278381288
-3.4889245 2.47013307
-2.55944777 2.53546214
4.30050087 0.0138059724
2.99669743 2.66309166
-2.90068531 -2.92042804
-0.914843023 -3.87894464
-4.10522318 -0.0646797568
2.96974969 2.65329504
-2.58617973 2.58477926
0.0523982644 -3.79778647
0.128079429 4.06591606
-0.0144439973 3.62651062
-4.067204 -0.194813162
-4.00459671 -0.000332816504
-4.71940517 -0.047388874
0.428419322 3.98268127
-2.62685609 -2.69158816
-0.181806773 4.17099524
-2.9270339 2.93240643
-2.9880414 -2.9954865
2.16470575 -3.04233789
-0.366587967 4.25900936
0.00275770668 3.69038558
-0.242640808 3.94155359
4.15406513 -0.0422062725
3.68385005 -2.96879721
-0.0964605734 -3.58441305
-3.17534113 1.01977015
0.903262198 3.34966302
0.25927043 4.46403599
-0.00602768734 3.69142413
3.25648594 0.14217329
-3.50873828 -1.26540923
2.54107618 -2.64309788
-3.99675202 -0.113569945
3.14739108 2.83491373
2.70903492 -2.84941792
2.773278 3.02940059
2.93942642 3.0795815
-3.59184623 -0.128561556
2.48564625 2.81607103
-2.75791454 -2.90157032
4.18458605 -0.000688364729
-2.51367784 2.56966639
-3.42785549 -0.904487729
2.96740699 3.04772878
3.48007321 0.91738224
-3.44765377 -0.912371993
2.58291674 -2.51791024
-4.14644623 0.118722625
-1.75116849 -3.47171831
-2.88145328 -2.53234577
-4.13443613 0.203012973
-2.59865236 -2.5774858
-3.91274548 0.158625528
-0.0730447918 -3.93548083
2.74096727 3.00198555
-3.91935301 -0.19578068
-2.95977688 -3.25466204
0.0363064259 3.81854439
-2.60598111 -2.58498788
-3.69847202 1.13074255
2.71481776 3.17006469
-2.83327317 2.64814854
0.0189908631 -4.16383553
0.0826019347 3.89411926
-3.65607047 0.0160093736
-3.80489755 -0.414953053
3.0156517 2.64392447
-0.331350386 -4.35468245
0.0158287864 3.86188388
-3.99148726 -0.234266639
1.93607652 -3.02202272
3.98609304 0.156639472
-3.22502613 2.53932595
-2.87950516 3.04103327
-2.57314348 2.638448
0.157471031 3.94729638
-3.90346241 -0.1920598
0.0721116215 4.1709199
-3.44532704 2.24244428
3.91085291 0.906331062
3.40162802 0.941005707
3.8405323 -0.510859787
-3.16132212 -3.0068469
0.0339779407 4.08554077
1.07351327 -3.79301453
0.106700957 4.3079195
-1.29677963 -3.76169491
-0.00526372995 -3.68592596
2.82977676 -2.96177316
0.140410751 4.19076347
3.19672656 -1.96337628
-2.72893572 2.64984345
-3.5980401 0.0578617975
1.58735847 3.32358217
-4.08020496 -0.108362406
-3.17557812 0.638948739
3.32006121 3.00206184
0.039626766 -3.75715733
-0.048301436 3.71782207
2.8486371 -2.75574303
0.166505054 4.05204391
2.52236319 -2.8078661
-0.128076628 3.9166255
-0.226162091 -4.21507406
-4.29652309 -0.319559783
0.187126294 4.9710021
-2.87312603 -2.41077757
2.59317327 2.76411843
3.17764378 -2.48483205
-3.76545906 0.110818565
-3.22367048 2.76367211
-4.26045132 0.0418920442
2.89317012 2.27251935
3.7294414 -0.103837185
-3.72492433 0.00318266428
3.73003626 -0.13384299
0.103721753 -3.9620676
-2.92302394 2.86624265
-3.72178841 -0.0434984714
-2.70923972 -2.63928723
-0.0365741104 3.63990617
-3.97869396 0.147550181
-2.97090626 3.02806211
2.70813751 -2.68045902
0.098928906 3.97771263
-2.60632277 2.6849277
3.08259916 2.70671797
3.77724552 -0.0824684203
-2.47707582 -2.5637517
-2.60403728 2.6444068
-2.66444683 2.69037199
-4.02176857 0.222421914
-2.59786797 -2.58063936
-2.64902472 -3.14318562
2.93062639 2.81201339
0.261418402 4.20974493
2.2954402 2.75178242
3.90524316 -0.052365426
-2.67071128 2.28373528
-2.63777351 -2.40317822
3.9344995 0.105571844
-3.63508821 -0.863652706
4.17586231 -0.0745309144
3.18208385 2.18556643
-0.189387783 -4.23670769
2.76379347 -3.10447264
-4.06601334 -0.195266932
-2.58197784 -2.83345556
3.80712509 -1.57038379
-0.0827428997 3.76408887
2.88771439 2.81046677
3.13756108 2.38719869
-0.16153729 4.23931503
-3.193048 1.82456839
-2.93753219 3.24993753
4.3076148 -0.181846023
-2.57511234 2.60364532
-3.84404588 0.125605375
4.30904675 0.22507976
2.87443733 -3.05229759
2.68187118 2.70869207
0.106330633 4.20554733
2.63343477 2.98817515
-0.694242597 -3.83443165
2.65377188 -3.10835791
3.71903896 0.689391971
4.12699652 0.281982183
-4.91961575 -0.296790987
3.19628215 2.74103975
-2.8395853 2.89131951
-0.377677858 -3.7836318
0.110256337 3.87517166
-4.24543476 -0.159410447
4.4323144 0.00025445834
-4.13895893 0.32665056
2.66270733 2.96604753
4.05613661 0.22654599
-0.363746017 -4.1879859
-4.11039543 -0.185251683
-3.16685867 3.07712722
2.96996832 2.18735814
4.47157001 -0.048988685
-3.60026073 -0.465454936
-2.76206136 -2.72342825
-3.86971188 -0.172111392
2.56900644 2.65812445
0.116762266 -3.77029014
2.74765444 2.91413188
-2.75295639 3.02267218
0.180041149 -4.02117157
-3.85586596 -0.63784951
-2.77200937 2.8721168
2.89554095 -3.05083704
0.206689566 -3.63805032
4.25878048 -0.920637608
2.98416615 2.05151701
0.219751775 -3.92048383
2.68290663 -2.64772058
4.10516453 -0.115707226
1.49658203 3.61589003
-3.02589083 -2.81120467
0.1794682 3.93024158
3.03141117 3.01348734
4.07861662 -0.151221082
0.172077775 -3.97266531
-0.169524193 3.83940268
4.20316553 0.323673308
0.00652850978 4.02244186
3.85372901 -0.0406008661
-0.0686042681 3.75153255
-0.0199231133 -3.68266201
3.31974792 2.80792975
-2.79759026 3.16255999
-0.0366183296 3.70085216
-0.00934359152 3.79985523
2.61009932 2.98284388
-3.96930218 -0.484484702
2.90399671 -2.37398577
-2.32790565 3.48652172
-2.99533463 1.47736621
2.36206746 -2.51720977
-2.65200686 2.64115381
3.82562876 0.0802420527
2.66342759 3.06287098
2.96666718 -3.29622316
-2.60623741 2.67168331
-2.77518034 -3.13965368
-4.34155893 -0.0871073678
-3.91066027 -0.20413135
-2.58601236 2.73943806
4.20578098 -0.0642509833
-4.19408321 0.235437736
1.28418422 -3.4769702
3.73804164 -0.376215339
4.19350243 0.179549575
-3.44065905 -1.88390708
3.45315599 2.82856417
0.075582318 4.2121315
0.089641206 4.08633518
0.0590046346 3.80637026
2.85234571 2.9482522
-4.00177288 0.0595216788
-2.88377643 -2.76317334
-3.10354376 2.76355886
-0.00416580681 4.32043219
-2.81910992 2.84211373
-2.95987535 -3.33760715
2.6175406 -2.65128207
-2.74641967 2.81288815
-2.61151624 -2.67040014
-2.8270123 -2.75063443
2.77634048 3.35294628
0.0571166761 4.44412136
2.86362505 2.57335234
2.81741643 2.65516996
-2.7416358 2.9320612
-2.77424598 -2.46585989
-3.8274591 -0.0536365882
-0.100912735 -4.28113365
3.14053702 1.69896913
2.56927013 3.09071636
3.68021464 0.234159663
-4.32369804 -0.325073808
-2.95604992 -2.73799849
2.70445108 2.6666007
0.213664815 -4.05242634
1.32131362 -3.79546404
-0.0522241071 -4.32281876
3.77301717 -0.119542472
3.14170551 2.92050934
2.90620542 2.61658311
-4.19295311 -0.0208991747
-2.04158998 2.81095815
-0.509599566 -4.02365732
2.75012755 3.11595893
2.67354989 2.72886705
-4.03734827 -0.0595080517
0.205697834 -4.05084896
3.15213728 -2.86706114
4.34016371 -0.0639990568
0.145207554 4.15264511
-2.6643188 2.91516829
-3.57581472 -0.305679977
-2.73827696 2.64054728
-2.65152454 -3.06937504
-0.77486968 -3.51050234
0.816588163 -3.75835419
3.75461626 -0.0725391954
-0.388440847 4.28717899
-3.32637739 -2.06671953
-2.79335618 2.64610338
-3.40509629 2.29818702
-3.18448663 1.81016946
-2.18183947 -2.8394177
-2.7442441 -2.83056426
2.91951513 2.24238873
3.4272449 0.898377597
4.10872841 0.253231913
-2.71511412 3.06262445
4.30885696 -0.103712022
0.633129239 -4.10253334
0.126104653 -3.59525657
0.0582325943 3.85382795
-3.76187682 0.101137027
-3.96528816 0.276030064
-3.24983692 3.11441636
0.289900035 4.25202942
2.49907732 2.96901178
2.60237575 -2.66416168
2.81168842 3.11798668
4.02743673 -0.114405259
-2.80551338 -2.82407713
-3.01512909 2.68336773
0.168765172 -3.99513245
-1.70142746 -3.08709121
-3.52577233 -0.235745579
2.88099313 2.76195192
-4.10080862 -0.27190572
4.36253214 -0.138949767
-2.53909111 3.16325092
-2.60178614 -2.61964369
-0.117203452 -4.10817051
2.80696702 2.77393293
-2.6013608 -2.62892437
-2.30294657 2.67269039
3.92225218 -0.106433094
-4.01702595 -0.0533698574
2.77338171 3.27127957
-4.03542805 0.213317543
-3.01448441 -3.04657793
-4.3011837 0.230722815
0.0832125694 4.10765171
2.64328098 -2.64344668
-2.95544958 -3.02677488
4.03638268 -0.275958657
-2.77888203 3.19186115
2.73480844 2.79157472
-2.92382812 2.28234673
2.90576148 3.2213006
4.13435745 -0.0859088078
4.1069994 0.0755093694
0.279828936 3.88123798
2.83619285 -2.64761782
0.019344585 3.77367306
-4.0963068 -0.190284312
4.19008446 0.271869957
4.0309906 -0.219394207
4.16797256 -0.146374315
-5.01731539 0.0761819035
-3.75509334 -0.174391881
4.25298691 -0.0524500087
-4.13061333 -0.205628902
3.8727982 -0.250018656
3.14105058 -2.89652109
-2.73703408 -2.76514721
-4.21902609 0.298118472
-3.04227686 -3.00336075
2.72109222 -3.06633306
3.81719279 0.0448609851
0.183475763 -3.96109295
-2.93058538 -2.87436581
-3.20024252 2.84668422
0.0544498488 3.79871345
-3.95012283 -0.292587042
-0.680434227 3.52850652
-3.61680651 1.80160594
-2.90340185 2.74438119
-0.0334369093 3.60767198
3.72930026 0.00800585374
-0.0635852218 -3.77931833
2.5328722 3.07633209
2.80765438 2.9641695
-2.53688812 2.75582123
2.56692338 2.7154634
-4.15970039 0.155374333
-3.90607452 0.518346548
-3.20099616 2.80224848
2.80246949 2.72934175
-4.26353979 -0.121417373
-3.27600527 3.32397723
-2.90431023 2.65930271
3.90080333 -0.224031761
-2.30726886 2.96481752
-0.0234218836 -4.3221302
3.17638922 -4.04370117
0.00435591117 3.70862579
-4.28207588 0.22285524
0.133008838 -3.95652628
-2.74683213 3.17331719
-0.197441936 4.05752516
0.315708339 -3.57204723
-0.0687319636 3.7840693
-3.78339386 -0.100368716
2.83434677 -2.96865034
-3.67424488 0.0167434886
-2.71663904 -2.65991545
-3.03030896 2.28782392
-4.31723213 -0.341749549
-2.60194898 2.62993431
0.0885936171 -3.93845224
2.91800594 -2.9796834
-4.24613619 0.0715286583
-0.149002761 4.09278393
3.74407053 -0.107484519
0.101705544 -4.17925262
4.15739918 -0.099675104
2.66114712 -2.64321995
-4.13372278 -0.0412985757
-0.0349709466 -3.74622536
-4.08234882 0.159320757
2.76018333 2.64567733
0.0848450139 4.26534319
-0.222424984 3.97300148
3.31947708 2.10128832
-4.17164707 0.216277942
2.71431565 -3.20238829
-2.97498918 3.25883818
-4.1997633 -0.131653309
2.6283679 -2.53905177
-2.72443604 -2.64430952
2.84002066 -3.2668314
2.78377724 3.30865979
4.01674843 -0.0920408964
0.107198402 3.96573114
-2.76217651 2.64269066
-0.000170715153 -3.68542886
0.0324741155 4.04039955
2.55034637 -3.10574961
-0.0836503208 -3.7280612
-0.0944385231 -3.80079103
-2.17687583 2.8917551
2.68100214 2.99350786
-2.85757899 -2.67071319
2.81756926 -3.16441965
2.61804318 2.61469769
4.41520882 -0.0202690475
-0.0990909413 3.86591458
3.87428522 -0.0253985804
-3.55400491 -0.670592427
-3.9531951 0.178830177
-2.91312265 -2.58869076
3.24158669 -2.92168355
3.24044228 2.76493502
2.6899004 3.06406212
-3.03842688 -2.87768364
-3.1200304 -3.03621912
0.0364150107 -3.70882058
-2.17606163 -3.03931355
3.7147007 -0.055358246
-2.93340826 2.83849907
0.187180579 3.87806487
-0.0490142107 3.61470628
2.80288744 -2.71414185
-3.48463988 -3.31729269
-2.8402009 2.96948028
0.322211742 -4.39138603
0.0677905753 -4.06841135
3.95432711 0.10401766
3.80957389 -0.146991462
-3.24170184 1.6284169
0.0114735812 -3.71158075
3.0787921 2.88461733
3.03885984 -2.7165432
0.167717651 -4.33460569
-2.74244237 3.0606699
3.26655006 -1.97066247
-2.6741035 -2.85906219
-1.40625107 -3.50899744
-1.58618736 3.11070633
-2.88543749 -3.09857249
-2.62526488 2.86875796
-2.95999026 -2.83948612
-2.84563947 2.98699689
0.167315274 4.23447752
-2.73667216 3.08639717
-2.85795736 -3.00161648
2.67666531 3.07853365
2.61548615 -2.6421895
3.17221642 -2.93577743
-3.54372549 -0.21001941
0.234590262 4.1118927
-3.70976162 2.28432226
-0.402757615 -4.40918112
0.0489997789 -4.19812632
0.269057333 -4.23300505
2.1095047 2.7175107
-3.88067269 -0.166452825
-3.90668893 0.109285228
-2.97055793 -3.31797552
-0.182039842 -3.9208765
-2.48559618 3.20559645
-3.04641771 2.93306947
0.0336111933 -4.04485464
-4.10024261 0.276593983
2.60170937 -2.65794277
3.95974874 0.112456739
-0.277431488 3.62149572
2.98002625 -2.9602704
4.03283834 0.238030493
0.199753582 -4.01600361
4.20014477 0.0823504329
-3.74738312 0.0102945855
-3.39229441 1.06370664
-3.94518709 -0.21422109
2.9304502 -2.36940551
3.84586596 0.066845879
-0.0837474689 4.34177494
2.6582396 -2.65537167
-2.97242737 -3.05413127
3.09702206 -2.84067678
-2.95037222 -3.13558006
4.22973204 0.330036402
-3.05764031 2.67777061
-3.52471042 1.27675354
3.77714419 -3.76579332
2.69577503 2.62894368
-2.76103592 3.12793446
0.857004046 -3.69077945
3.633044 -0.237659723
-0.0472022891 -4.09243965
2.67241669 2.8340354
-1.66488779 -2.28769422
2.81925535 2.88127589
-3.8479085 -0.0871118233
-3.0694716 3.09548354
3.72258806 0.755177975
-3.49741077 0.867735505
4.43169022 0.067227155
0.131396696 -4.31777191
-2.58013248 2.62579107
-0.00912674982 3.66820955
3.93866396 0.00231966004
-2.68722749 2.68347096
3.01176167 -2.69432569
-2.65862799 2.34500384
-4.04187536 -0.180686086
-4.45172739 0.203154191
4.13507509 -0.259499371
-3.74034834 0.10035269
-0.252878428 4.02074432
3.89426708 0.190918282
-0.0173139982 -4.19433403
-4.00910044 0.0382670574
-3.11736107 1.86875451
-3.13476706 1.84671021
-1.42868304 3.4021244
3.01525974 2.888937
-3.28753471 -1.45459521
-2.82485414 2.8794198
0.0460052304 4.0309391
-0.143870771 -4.16484356
1.80785334 3.02151656
-3.0184598 -1.48556793
-3.57587767 -2.70078373
-2.71725321 -2.64191008
-2.75584078 2.86535358
4.15893269 -0.226240113
-2.73068476 2.66872787
-3.38081741 -1.71349525
-0.238001734 -3.96907854
-3.35739756 -1.82205343
2.68703651 2.67314649
-3.72372079 0.334327161
-4.10343742 0.167556256
3.00373125 -2.76086116
-3.82257581 -0.104805224
-2.11020589 -0.243161216
-2.68638086 2.72418642
0.178160816 4.13325691
-4.30662346 -0.0975300074
4.17333603 0.303593814
-3.08673954 -2.72660136
-0.637238145 4.07730341
-3.0524714 -2.89853072
3.03662062 -2.74177194
-4.39426327 0.125240624
-3.48518348 1.33018351
-4.53650475 0.0219586343
2.93692064 2.58582139
-4.2093811 0.0350284651
2.61082339 2.70279717
3.90631914 -1.74209523
-4.03682756 0.0268242508
2.17569828 2.9662807
2.74145055 -3.18194866
3.17759323 -2.94747376
-3.67269444 -0.0112582613
4.14193964 -0.183728665
3.99576092 0.0230323728
-4.31820965 -0.34332034
3.84220505 -0.147106737
0.167575836 -4.11729717
-2.8752048 3.37536645
2.571486 2.86193109
2.69990182 3.16877365
2.88647556 -2.70192289
-2.56626248 2.53447413
2.71958089 2.66683817
-0.0280043464 -4.21097326
-4.0753088 0.15609768
-3.84180427 -0.260139614
-0.252682388 -3.98991203
3.71795964 -0.106489643
-3.42563438 1.38616431
1.02208316 3.38222933
4.09050322 -0.224260807
3.26379442 2.7770226
-4.01119518 -0.0639252663
2.65199137 2.73521566
3.89682603 0.249092594
-2.61070776 -2.95845461
-2.28808165 -3.40262318
2.96248579 -2.73479843
0.00705649331 -4.11151218
-0.0735597536 3.60319567
-0.057898771 -4.1739893
-2.82174706 2.63433361
0.645358384 3.99149895
-0.113407567 -3.82201004
-0.0876455605 4.05619049
-0.0403400809 -3.7245214
0.15491116 3.8713131
2.82467079 2.86533093
-0.346004367 3.54023123
2.6596117 2.99312758
-3.18663645 -3.1416688
0.0995875672 3.87733221
-0.0832343996 4.14928198
-3.61308742 -0.00894455239
-2.8042264 2.69405651
-4.0200572 0.0614718869
-4.09224224 0.10003525
3.71130872 -0.0820324421
4.21584511 0.125003234
2.65394473 2.47546315
-3.88985729 0.066994898
-2.78073049 -2.81692028
0.218598127 4.00192785
-3.99693584 -0.246511102
4.0707674 0.22931993
-0.220704824 3.93490863
3.1583488 3.08657146
-3.92676687 -0.267554998
3.23908591 -2.79270148
3.90284777 -0.514492691
-0.150903732 4.23457003
-0.139137849 -3.76368713
-0.0935503542 -3.82172894
-3.76251936 -0.0692032576
0.0445286594 -4.25786209
-3.06027603 2.73142695
-0.0220947638 -4.32368994
3.42243552 -3.24195123
-1.81572425 -2.90249729
0.000215440989 3.70704865
-0.0301394798 3.97121668
3.06472635 2.56946659
-3.08876944 2.71071959
2.69315958 -2.78081489
2.34843016 2.86973143
3.71668839 0.221660465
2.87156248 3.02915978
-2.77870178 -2.99913859
-1.55490971 3.52579355
0.00813345332 -4.15085077
-4.27594948 -0.0155967977
3.91679001 -0.158003598
-3.42451286 -1.64403498
-2.85196948 2.95079899
-2.76319599 3.21401596
-4.27502823 0.174390733
-4.21682453 -0.215567887
2.87829781 3.16218114
-3.26504326 -2.93640947
-2.97097254 3.00982189
2.59698844 -2.65996861
4.01267672 0.237466216
-3.64407063 -1.61707449
4.00774336 0.166594565
-3.01065421 2.68906355
-3.03514934 2.71818495
4.20394421 0.29941988
2.98724842 -3.09561443
-2.84240913 2.74495864
-3.63141608 0.0280700717
-4.23557043 -0.161051229
-2.69772387 -2.96557951
3.71079612 -0.0368295461
2.76530647 -3.13682199
-2.70408964 -2.6400516
-0.117653072 -3.86081409
3.7345655 -3.46264124
2.62394285 -2.66580796
-0.128126547 3.90291953
-2.61387134 2.71485496
1.89786267 2.90078449
-0.113343716 -4.00231647
4.24449873 -0.0355796963
-2.66655207 -2.64119363
0.041744791 -3.75085545
-0.17132774 4.40433502
-0.0776359439 3.85232925
-2.79612827 2.66033268
-3.3387785 3.04071808
-2.87733984 -2.86581993
-2.9281621 2.40825748
-2.55969024 3.14622617
0.0415315256 -3.69723558
-3.96205902 -0.107822157
-0.335176736 -4.21068001
-3.0494647 -2.22759342
3.3359499 2.79051495
2.6147151 -2.68334198
0.0786982998 4.19940329
2.76527047 -2.79648972
2.15148807 -2.91788483
2.855165 3.35532045
2.94119549 -2.70227575
-2.6539979 -2.63339257
-0.487388611 3.76296377
0.116818771 3.91370058
4.41920853 -0.00133463787
2.95737934 -2.98596001
-0.360081434 -4.2121706
-4.01903057 0.227879733
2.65820694 -2.9926157
2.86807442 2.90839291
-0.154723734 -4.19275141
2.95562148 3.07595158
4.22634268 -0.3067545
-3.98359871 0.142509565
-2.86842012 -2.67423415
4.24596691 0.240213126
2.76285076 2.90814877
3.7840147 -2.20957041
-2.57155657 2.53906822
0.0489440523 -3.74996448
4.00176334 0.281032503
2.82154369 -2.77348804
2.69608927 -2.64868164
-1.52342784 3.20577717
-3.86701751 0.145528242
-0.0102460012 3.65276933
-0.938266873 -3.12561345
-0.0586496033 -4.10060787
-3.99865103 0.229692742
0.290682882 -3.61956
2.90893936 -2.874722
1.39561152 -3.98320293
4.07942772 0.208756655
0.774795532 -3.50500107
-2.25307226 -3.33161855
0.019767629 -3.83653879
-2.92182946 -1.98614812
-3.69201875 0.0214410499
-2.59269381 2.62002492
-4.27876139 -0.0132335564
0.204078466 -3.89869642
-3.66786838 0.0021273559
3.03401613 -2.60162878
3.97787714 -0.0933895856
3.13459802 2.5324645
-3.9223876 -0.0680300891
2.81646681 -2.63296294
-2.52940321 -2.88977909
-3.76636076 1.00260973
3.79491711 -0.128497526
-3.01112032 -3.00238419
-0.140162528 -3.92484641
-2.93353939 3.23071551
0.00892052241 3.88088989
4.06215858 -0.0949463099
3.87043715 0.119271517
0.116276488 -3.87417769
-3.16906762 -2.1322515
-0.14157477 -4.089921
-0.011264422 3.69991589
-4.23922348 -0.228922427
-3.95597363 0.256676316
0.00942201447 -3.7759738
3.96351528 -0.034981586
0.378669858 -4.0227747
3.03708005 -3.01889133
3.1901722 -2.58113575
0.0269815475 4.2438693
3.79174948 0.919891834
-2.95321679 3.00458241
-2.50951552 -2.59928703
-3.05394077 -2.86468053
4.02737808 -0.164291024
2.65950203 3.04814005
-1.27045131 -3.15799975
-3.25598192 -2.96422625
-2.76325035 2.84145451
-0.229970753 3.66729522
-2.95441103 3.2226696
-0.126283854 -3.68429685
-3.77374935 -0.507008195
3.79749227 1.28756356
-0.225344121 -4.02711487
-3.06152225 2.70191956
2.87048793 2.66356516
2.88263965 -2.66743875
-3.22749758 2.76411486
2.87175775 -2.65208912
-2.70020437 2.95494556
3.11209035 2.88693428
-3.72085238 0.677201271
-2.64113522 -2.83311009
2.7244525 -2.78491926
-0.507396936 -3.77640438
-4.18305397 0.169021219
-2.58641934 -2.59584451
0.219507694 4.32342291
-2.68640256 2.64451838
-2.71896148 -2.20605993
2.69218922 -3.02900362
1.41596997 -3.11677432
1.51084149 3.22573519
2.84479141 -2.74327779
2.38753152 -3.06952477
-2.98087454 -2.68962955
-2.73310614 -2.98857546
-3.03783274 -2.82673287
-2.71286821 2.90847087
4.2650733 0.0571806282
2.87470174 2.86207747
2.75252223 -2.91633844
-3.94211864 0.201826587
-0.0731548816 4.13990927
2.7599113 -2.77289605
-3.18159533 2.75076127
1.20475292 -3.26177359
2.8373909 -2.85838103
1.87235832 2.91325617
-4.34365177 0.370302647
2.67686844 -2.66044426
-3.53196716 -0.89479351
2.92944384 2.28294683
-3.03087592 -2.97229481
-0.0493720286 -3.66398072
-0.180366352 3.85259795
-1.48188186 3.34895015
3.17868614 -2.82186413
-0.210018039 3.89564252
-0.0120658688 -3.71419668
-2.60046124 -2.46833134
-0.172083125 4.2342186
-0.0415133424 4.22586584
3.7954278 0.109663002
-0.0327500999 3.71592975
-0.3820014 -4.19953442
2.92543316 3.06235123
1.54214549 -3.20403862
-3.62510633 -0.193600714
2.55949473 2.64368582
-2.65454412 -2.63011694
-0.115183145 -4.27745152
-2.92790699 3.02951002
-3.17627573 2.83238745
3.02591372 -3.00090742
-2.95862341 -2.74898005
-2.69940996 -3.03299713
-2.87729883 3.17946553
-0.0359354205 3.62740278
2.66952276 -2.98536396
-4.02642822 -0.265389681
2.97799802 -2.1144681
-3.20857239 2.75591254
-2.5324707 2.66493559
-2.99314094 2.67944217
-0.00961470604 3.65650868
2.96509624 2.69028902
-4.45545006 0.40068242
-2.86864352 -2.67551708
-2.60972524 -2.59085774
-2.6208992 -2.70622802
3.58451748 -1.73263931
2.68348074 -2.86529994
-4.12699127 -0.469274312
3.06137919 2.84954119
-3.74508619 0.0685271472
-2.81366348 -2.84942079
-2.76874328 -2.76114535
-0.0181592628 -3.98842669
3.00664592 2.83777976
-2.99293685 -2.68998098
-3.56061602 0.758152962
4.05759859 0.0329968147
0.0459589139 -3.71806479
0.140008628 -4.32120514
0.0724655986 -3.78276324
-2.66176462 -2.90630221
-0.300693095 -4.28810644
2.98463702 -2.97813463
3.26815414 -2.50639725
-3.04694152 -3.10700321
-3.2277801 2.7649858
-0.143096983 -3.92436075
2.88217092 -2.909091
0.217909679 4.36192989
-0.0940100998 -3.78933549
0.192638814 3.57875872
3.9958415 0.0816551298
-2.06073284 3.45247078
2.98746586 1.75094509
-2.62147737 2.60592413
-2.58461857 -2.54809904
2.58729887 -2.80279589
3.18506527 2.73575783
-3.79830003 -0.1222701
3.71060538 -0.0131700858
4.09376812 0.174187124
0.164555103 -3.91427279
3.72085571 -0.0547041818
2.65775537 2.85670185
2.74343395 2.61040306
2.58594775 2.85031891
4.39444542 0.101011753
4.03338051 0.0509934947
2.95651174 -2.71058655
-2.61672044 -2.64925575
-2.75358272 2.64549041
-3.63901258 -3.02850652
2.83855486 3.02862906
2.66622734 -2.75197363
-0.250332743 4.00492716
2.86019588 -2.64342952
-3.72844005 -0.452528596
3.88727999 0.600260675
-2.92027664 -2.3714602
-2.93379903 -2.69657826
0.577067018 -4.10272789
0.167524353 -4.12523508
-2.89089823 3.10145998
-0.140443116 -4.16610622
-0.0240082461 -3.88881159
0.0178264081 -4.39051008
2.56053162 2.68915558
-2.57645416 2.53500772
1.05426764 -3.40125942
0.0068077594 3.87656522
0.106131837 4.55093622
2.78602028 -3.10038567
-3.06617451 -3.49424648
-3.43259811 0.770966351
-4.63913727 -0.243945152
2.71977639 3.17968702
-0.00922332332 -3.69312096
0.117774449 -4.22822666
-3.9554956 0.224718213
-2.81859946 2.00671124
-2.7630868 3.16720438
3.15129519 3.30941105
-4.44357061 -0.2249998
0.0297686607 -3.73041916
0.227324441 4.32810879
-3.93816304 -0.105823465
-2.60091615 2.63682556
-3.50378084 -3.27125525
-3.66692591 0.0109861456
-0.168571949 4.42400837
-0.353898764 -4.22727394
4.37922239 0.0634777397
-0.348092586 4.17058086
-3.32548738 0.654914081
3.57998681 -1.79071534
3.61491346 1.4618988
3.91115284 -0.0518650785
-0.209387138 4.41053724
-4.36789131 -0.131405562
0.492836714 4.04131031
-0.0930537879 -3.75425339
2.98738194 2.86514044
-0.20815362 3.85882545
0.112095945 -3.8730185
-4.0949192 -0.0203920305
4.27697515 0.0729379207
0.563158691 3.55021214
0.0598564744 4.29534435
-0.0113981357 3.65464687
-3.5145998 0.0468932055
0.0692833811 -4.28583479
-3.90298939 0.163703561
-2.85245991 3.30002809
4.23430538 -0.230100095
-3.67172575 -0.668808103
-2.53835797 2.91547132
2.5142529 2.64155984
-4.00906515 -0.0397568084
3.70105028 -0.021808885
0.0419449136 -3.97632098
0.0145205734 -3.79526424
-0.17402488 4.35793304
-2.74098873 2.67671776
0.101873964 -4.24638033
0.00923683681 3.92902184
-2.58468175 -2.51025701
-0.271695077 -3.95365524
2.45619297 3.01621723
-3.89110279 0.693807781
0.14675273 4.20959282
4.14925528 0.146597207
-0.64977473 -3.47091722
2.67164683 2.72363162
-2.97694063 2.96090508
2.73994184 2.61122537
-4.11923981 -0.0450693816
-3.80286837 -0.493869543
-3.64133501 -0.385416746
-0.0901707411 3.76198983
-2.80012822 2.25975609
-2.7867136 2.63624883
-2.65980291 2.81817341
-3.40395617 2.5470655
3.15812302 2.75200987
1.34435046 -3.27010298
4.01382446 0.381542146
0.288578093 4.05616951
-0.267751515 4.38459778
-4.08258343 0.226597905
-3.08420062 2.92653561
0.167768002 4.09938765
2.5569284 2.66359806
-0.212250561 4.07122231
-3.30672598 -2.48023701
2.68816018 -2.6488781
2.61159897 -2.8456502
2.87105894 2.90968919
2.89119172 -2.96753168
2.61252236 2.48257637
-1.19915247 3.31686759
0.157042533 -4.10630226
-3.07073069 2.99383354
-0.325896919 4.14726973
-2.43293595 3.02594161
3.85840297 0.0843534991
-4.52627468 0.222992539
0.223999724 -4.26234293
2.99789143 -3.21711159
2.63246346 -3.33112645
1.63985884 -3.16049385
3.35167599 -3.521873
0.00795038417 -3.68157673
-0.018945111 3.70223045
-0.164902121 -3.97615623
2.7534976 -2.88415551
-2.69887114 2.93503857
4.24640274 0.32168901
3.97613096 -0.213699892
-3.10817957 -3.07039475
3.65561581 1.09766054
-4.11256027 0.233904555
2.77009702 -3.01988125
-4.11078739 -0.0387028232
-3.93677092 -0.300513089
-3.67806101 0.12796095
-2.58929801 -2.6229794
2.28522396 -2.88172674
-4.35980129 -0.153901637
-2.82141471 3.03918719
3.71571207 -0.0623578131
-2.99395132 -2.74443507
-4.16077042 0.127994865
-3.18894911 2.73673487
-2.59251404 2.59920573
2.60054946 -2.70851016
2.62863803 2.63353872
3.75189424 -0.108445153
-3.0081079 2.68458867
2.95833015 -2.8515029
-2.71767282 2.95295024
2.59732413 2.56462884
0.0671134517 -3.82657242
-3.32222462 -2.96074724
-2.26906776 -3.03646493
-0.170760155 3.98769283
2.88021612 -3.08133507
-3.73169374 -0.00662577245
-3.1345067 2.71292782
-0.260328174 4.35699797
-0.0505011231 3.70900726
-3.99412322 0.171851546
3.228091 2.82647991
3.26314783 -2.93489814
-2.93145561 2.84455752
-3.64902353 0.0409497172
-2.63208771 2.66851711
2.98121119 -2.98943996
4.20100498 -0.234543413
-0.922887743 3.4807744
1.3833251 -3.78290033
-3.844136 -0.241316721
-0.0952929705 -3.78776741
0.11279203 3.89300656
3.83459592 -0.0946385115
0.188498184 -3.99909353
-0.00619514985 -4.09192181
4.22773075 -0.155082747
2.87501335 3.32748127
-3.91978526 0.130740315
0.00238101627 -4.31725311
-0.295786262 -3.88517189
2.67715883 2.76470947
2.69748211 -2.64859653
-2.77945971 2.80182076
-0.282456875 -4.17348862
-0.508845329 3.69118881
2.74024916 -2.7525084
0.0480260886 -4.36497116
0.0367501639 3.86897779
-3.96842074 0.259036839
3.00194216 3.01264477
0.14751184 -4.24497461
3.23676443 -1.15415442
2.686481 -2.74195123
3.70378923 0.837413549
3.61158228 0.206186593
2.70558715 -2.93936181
-2.93076277 -2.79011536
-0.00650983676 -3.71277976
-4.23228264 0.0687824935
1.72352779 3.47889376
-4.25189209 0.018251393
2.83077788 -2.87315297
-0.331195533 4.18940639
3.11931801 2.74538612
-2.51715255 2.62320948
-2.80853224 3.1488328
3.91824269 -0.138847157
-2.70342684 -3.07983017
2.79382944 -3.04541159
-1.29710674 -3.21871543
-3.0752275 -2.7425797
-2.37812161 3.25429058
-2.57752061 2.56200886
3.92511368 0.146025538
3.23141694 2.73098087
-3.13683796 -1.71202898
0.141631663 4.64698839
-2.42094111 -3.06698179
-2.81142116 2.64541483
3.70006704 -0.566228747
4.11999512 -0.111816913
2.72674727 3.05242538
2.86884212 2.70616674
-2.95809555 -2.7195859
1.31236744 -3.61430788
-2.99760628 -3.01609802
-3.3355217 -0.616292119
-0.228286102 3.91586161
3.44211411 2.40973234
2.5651865 2.65229726
4.18524361 -0.0270288661
4.13653183 -0.479784906
2.69207668 -2.97587681
3.00956893 2.85503078
-0.479125649 -4.17884636
-2.59118581 2.60026383
2.92453671 -2.75678205
-2.98187041 2.67207384
-4.30406618 0.177511677
-0.0638304353 3.80204868
-4.1998539 -0.146843538
-2.82775736 -3.30940175
3.00050712 -2.92517948
3.55839348 0.60890317
3.65907121 -0.189506009
-2.99317145 2.58368015
-0.208799526 -3.95301223
-2.23558211 -3.03913045
3.43348718 -1.9543438
-4.33796787 0.440464437
3.09002495 -2.91184974
0.0847211331 -4.10925579
3.54847717 3.60954666
-2.73222733 -2.98131752
0.252891004 -4.29710388
3.2473588 1.41066229
4.0747261 0.241194561
4.48032093 -0.515700698
3.45583224 1.7821362
0.766894341 3.98358917
2.27166176 -1.76762259
-0.32567814 -4.21908998
-2.60848093 2.68517399
3.18803835 -2.72690296
0.0826054141 3.84055281
4.05529499 0.0691483617
-3.82281685 -0.0718666464
2.67575455 2.87366056
4.18933487 -0.0113842804
3.76466966 -0.106407143
3.18282962 1.5561192
0.0541918799 -3.94687462
0.223621979 -4.03616476
0.253187507 4.10826731
2.72002959 2.62718606
-3.67141151 0.423233867
-0.0444332659 -3.74697447
0.250068665 -4.16072893
-0.0407407135 -4.2529726
2.71873021 3.12175918
0.0102988575 -3.85901046
2.93936825 3.03944349
2.54157257 -2.50333524
4.15826702 -0.147371009
-2.74349642 -3.01541948
0.204960555 -4.05611658
-2.54380751 -2.64791179
-4.25351429 -0.31281811
3.15479374 -2.88525128
-2.71230817 2.73450804
-2.82182121 2.32335639
0.0300956704 4.28050423
3.91443729 -0.165032089
3.16796994 -3.00720739
3.21807098 3.07731533
2.72222424 2.85232043
-2.76691318 -2.6473372
-4.0944972 -0.044952374
-0.375462651 3.97179222
3.02423334 3.0114727
-2.82844734 2.76712084
-2.91307116 -3.10516596
-2.45698261 -2.62234616
-0.216947019 -3.59779644
2.77900004 2.63997054
2.64683223 2.70175004
3.89856386 0.0602868646
0.0935419947 4.09564829
-2.59806633 -2.99651122
-3.4465518 0.963872612
1.14173269 3.62280989
-1.12478697 -3.78858232
-0.14990215 4.19223309
3.90394306 0.159635454
0.0620890781 -3.7565794
-2.39052439 3.0885365
-2.57710409 -2.5937295
-0.125838786 3.79539704
-2.6833322 3.04305744
-0.768113852 3.38291621
-2.84956121 2.91419506
-4.002666 0.221405178
-2.99285126 -2.81485987
2.68438911 -3.23306012
-3.71502066 -0.0759844631
3.10855722 -1.08058441
-3.09374213 1.3631525
2.57087207 2.66419578
2.80226684 3.27521014
-2.96690655 -2.02992678
2.49783611 -2.74147487
3.10677862 -3.26161051
2.55186749 2.65637708
-3.26440215 -3.21235991
4.42399311 -0.298431098
0.0971939117 -5.0402422
0.204044566 4.20917797
2.86520982 2.6188345
0.041791454 4.17808962
2.55722499 3.1299119
-3.8237586 -0.160679191
-3.27334118 2.93273211
0.99045527 -3.57009315
3.31226039 -2.8432982
0.0100834053 3.72188687
0.318588316 4.23045254
0.054173395 3.76324081
3.03047919 1.83282244
0.111412831 -3.93728042
0.0224683248 -3.71046948
0.366620034 -4.41048765
-4.11976385 0.259376585
0.117121205 -3.92256403
3.86693454 -0.629513741
0.514565289 -2.91967893
4.41180706 -0.319363415
3.11552978 -2.14199281
-3.66910124 -0.0406166241
0.532103658 -4.80309296
3.03805089 2.75171995
2.85080242 2.61526012
2.86227322 -2.71380496
-2.92973042 2.28825307
3.40286589 0.113304794
1.12856996 -3.72320032
3.78089809 0.0668185055
3.72578788 0.0808731467
0.478163123 3.77431178
0.0284664482 -3.73698568
-3.08201981 2.7215147
4.51781273 0.0567998737
0.166835323 4.3334446
-4.0067873 0.201883405
-0.138013765 3.94575024
0.310875207 -4.02853298
-2.86311197 -2.81526089
3.18194294 2.64559507
-3.71327138 0.185985565
-2.933846 2.86256194
3.08029175 3.06253123
2.46698523 -2.7697196
0.288568676 -4.19112539
-0.0365965702 -4.20379829
3.24565315 2.08077478
4.17544079 -0.265608579
2.74182224 2.75890994
-0.0950004607 -4.08115673
-2.68329453 -2.6329391
4.10193825 0.127830118
2.98732114 -3.15552473
-0.0811750889 4.80199242
3.71208954 -0.0289445166
3.08196592 1.38371372
-4.31875706 -0.0447346456
2.83917642 2.9629488
2.75975919 3.27265358
-3.02836037 -2.89839697
4.00330544 -0.265960097
-2.78280735 -2.93473887
4.04487991 -0.0899700597
-3.04376817 -2.73450041
2.75187731 2.74060988
-0.366833597 4.20821142
-2.94534445 2.70288539
2.80130935 -3.02209377
4.3375864 0.431502849
0.356537938 4.30549335
-2.98980021 -2.59697795
4.18178892 -0.0880608708
-0.0399246216 3.98607278
-3.43059874 3.32186794
0.197132826 -4.17361736
-1.56916654 3.00722051
2.57645464 2.84568858
3.3822155 0.898697257
-1.33126366 -3.10856366
2.95102668 2.92614222
2.71843266 -2.88750196
0.364708215 -4.40873623
3.32192779 1.36985636
3.70092916 -0.0297081191
2.73846388 3.01862597
3.73662233 -0.0240502134
1.4243021 -3.58883238
-2.91967344 3.13911772
-3.07644939 2.87534142
-4.02564859 -0.0377929695
3.74200177 0.331826478
-3.8965838 0.148756862
3.09788871 2.940938
2.73333788 2.55246186
-0.0266904663 -4.14805031
-0.41613704 -4.19471169
3.64246488 -4.22621298
0.866346478 3.36664915
-3.15823555 2.55325508
-4.34803247 0.359927744
2.61709881 2.94412446
-3.45223165 3.56889319
0.0570370927 -3.9323678
0.075878948 -3.82335496
-2.65376353 -2.63683605
3.02136421 -2.84330273
0.0153671559 3.71599388
-3.06077909 -3.15730429
-0.0913866237 -4.24139977
0.0778421387 4.16774654
1.9614321 -2.91822124
4.09799862 0.152744085
3.68436217 -0.514955997
3.06110358 2.70937395
3.007442 -2.68224382
0.543718815 -3.94660044
2.55123997 2.71411109
-2.74440861 2.86253977
-3.0294385 2.80265808
3.02839184 -2.7657373
2.81143379 3.18311691
2.72179747 2.63868117
-2.94069672 2.85958815
-2.89578485 -2.6841681
-0.641049385 4.06134224
3.00444365 2.73108578
0.0376778543 3.77671361
0.696580052 3.5098362
2.62696266 -2.73846722
3.57751727 1.19474792
2.84457779 3.07576537
4.15332127 0.131636158
0.0205421671 3.74485779
-3.93785024 -0.0792121142
2.59944201 -2.73743105
-3.33519459 2.81571269
-2.82832527 -2.66414976
2.93021798 -2.92129159
-3.13928032 1.68874848
-2.74180079 -2.6567688
0.0659533963 -4.2291255
-1.32034659 -3.20670557
0.292106569 -4.23561668
0.11794275 4.31049061
2.75370693 -3.16310978
-4.09993219 -0.103139207
2.80711961 -3.05657244
-3.8471365 0.0637354776
-0.177324131 -4.58813334
-2.71265078 2.91937828
2.39310789 -2.60773063
-2.6174221 2.61369061
-0.243880808 4.21620512
2.5997746 -2.67108154
-2.70451093 3.07866955
-2.58267784 2.81087565
-2.67481089 3.21886373
3.02262092 -1.8532064
3.11851883 -2.98788738
4.18054247 0.291904986
-2.73739123 2.89548469
-0.0794537291 -4.03988457
2.74426937 2.33252072
-0.814718604 -4.0146246
-3.94618511 0.133941352
2.04964375 2.83652067
4.01214981 0.0225035623
-3.05421305 2.8932395
3.2447691 2.2539444
-4.069695 -0.303889334
2.63284731 -2.66086888
-3.51439047 0.33982414
-4.1748476 0.00168655161
2.83761215 2.67981386
3.00400686 -3.15932441
-3.5159843 -0.530798078
-3.70999575 0.0929050371
-2.61704659 -2.63273954
-2.76382899 -3.23229027
3.77418804 -0.0964422971
-3.92400289 -0.20166859
-3.0049386 -2.71952009
2.86042595 2.08992386
0.264734209 -4.14306307
0.214929089 4.35211563
2.79498386 2.67017913
-3.93966436 0.26536727
2.68674088 -2.65135741
0.683068037 3.98612642
3.61543941 -3.47354221
-2.48098874 3.12968159
-4.19658661 -0.305971652
-0.860136688 3.26581287
3.71256232 -0.894724846
0.250337601 -4.35000086
3.77784944 0.402001262
-3.61532927 -1.51584613
-2.66327381 -2.91833305
0.049465742 -4.3262434
2.74809265 3.15891171
0.763372898 3.88384628
0.10936597 3.94683552
3.18942094 2.81207108
2.58798909 -3.01410341
2.53988957 2.65829849
0.116240576 -4.32217407
-0.130184084 4.17599201
2.86376595 -2.97894001
-3.09152627 2.99439526
-2.97595167 2.89736986
-3.12175703 -2.7502985
-4.16027832 -0.112384193
-3.11443305 2.94410753
2.91861963 -2.71542263
-2.89769936 2.6482861
-0.104006968 -4.08599281
-0.250721455 4.1061573
-4.29084253 0.421744645
-0.893312514 3.65482521
2.69114161 -2.7431674
-3.13843012 -1.11521876
-3.55861235 -2.38515139
2.52345252 2.87156963
3.92531276 0.161026776
-4.24565363 0.0468175001
3.93787241 0.154826984
-2.60971284 2.83819485
-2.58075356 2.61267591
2.90422845 2.792202
-2.81406236 -3.20263815
-0.043238163 4.42063999
-4.05804682 0.085313946
-0.139696777 4.04851055
4.09021521 -0.0893522948
2.80844927 2.67372131
3.04520893 -2.62866116
0.615651488 -3.64356732
-3.23100042 -2.8802247
0.211828113 -3.67014098
2.69174123 -3.03897381
-0.0354628488 4.11251163
3.20099115 2.67585516
-2.65674472 2.88811707
2.93723416 2.62161803
-2.82361746 -2.54820633
-4.17620134 -0.285378933
3.11710811 2.65887499
2.55721426 -2.81009054
0.0974521562 -4.35152292
-2.15592313 -2.76635218
-2.69106674 -2.43997908
-2.76798391 3.20674753
-2.46857595 -2.61030102
-2.83407307 2.35312533
0.0882261097 3.74626017
-3.03401995 2.691818
-2.99090457 2.62518764
4.13652134 -0.0122645032
-0.085288316 -3.71805644
3.50097299 -3.03630257
0.75120163 3.70342255
3.23389769 2.72924662
-2.76831532 3.22964549
-2.98327112 3.01685596
2.78457761 -3.23750591
2.7474339 2.79606819
3.01514149 3.0728364
0.0243231189 3.8452673
4.06553221 -0.233621448
-4.098701 0.257583201
2.598068 -2.66292381
-2.92823529 -2.71430779
-3.91306472 -0.309298217
-2.59881139 -2.58907843
-0.00187600777 -3.66128016
2.63429546 2.98740435
-0.525208831 4.51208782
-2.56573296 -2.57981324
2.85627365 -2.96862864
2.93669724 2.93277693
3.16048121 2.31450438
3.11742496 3.13342142
3.12645411 -2.81189108
4.04508686 -0.556329787
3.5455637 0.941764176
-2.8337183 -3.27206421
3.71859407 -0.0722137243
2.77082825 2.80656195
-2.83235526 -3.23468614
-0.291050106 4.10772181
-2.89805937 -3.06880569
-3.04733324 -3.13039112
-0.036830809 4.2477169
3.06760335 -2.40263176
3.17323804 -2.57536459
-3.29920864 2.44968057
3.79984331 0.251144886
-2.82650566 2.98169518
2.53987002 2.88084817
2.8799665 3.1927371
-3.33942914 -2.93743134
1.91995382 3.0252676
3.32503772 1.7607193
-4.10033274 0.0119177867
-3.96749473 -0.0980088189
0.168847293 3.95069933
0.288437366 -4.27733421
2.70311785 -2.64690828
2.74741173 -3.19338489
-1.05040228 -3.99912834
4.52884483 -0.214689553
0.12580055 -4.22031546
0.00315548107 -3.69843864
-4.34065247 -0.218900725
2.31566668 2.78973651
3.15985203 -2.84097123
3.1745851 2.76885438
-0.655330181 3.40109992
-2.75655317 -2.89832163
3.81519556 -0.0642106459
-0.303326786 4.09140635
-2.68734503 -3.15944195
-0.0630154461 -4.27049923
3.26673698 -1.06393778
3.72858453 -0.0384134427
3.62853122 0.363838434
-2.92538142 2.83402586
-4.26358986 0.259279728
-0.0231887437 -3.68922734
-0.0444777086 3.78726649
2.84313989 -3.16367674
0.404671669 4.42042685
-4.24908829 -0.0958892927
3.87463474 0.0372975841
2.98280573 2.87167048
-2.86618352 2.67516279
3.54313087 -1.76192999
3.0052228 -3.03420734
0.295624226 -4.18652248
1.6012305 3.02207971
3.96158266 -0.253217489
4.08030224 0.328827709
2.8247962 -2.79866171
-0.229179084 4.00437403
3.69256306 0.194127992
0.66421926 -3.31032324
-3.34999967 3.01897717
3.86719775 0.0763174593
0.0775445849 -3.85088158
-3.11717606 -3.15664577
2.96452475 2.63085222
-2.59715462 2.59574866
2.59676456 -2.73165154
-4.15531778 0.199739635
-2.6080122 -2.58044672
2.62763357 -3.07705736
-2.83256364 -2.93137455
0.0651044548 -3.76861572
-2.83942771 3.06039572
3.95645189 1.0937947
-3.03772569 -2.83761811
-4.2128315 0.291378438
-0.243764207 -4.13501358
3.74219704 0.251977146
0.00767395645 -3.66516757
-0.263268024 -3.84381366
0.21579811 -4.11879349
-3.1542244 2.67654181
3.52807379 2.1148169
3.90875769 0.156448409
2.76742244 -2.64296675
3.28577805 1.66098702
2.68040133 -3.08049297
0.1145344 -4.19839811
3.30163598 -0.170214832
4.34846878 0.457279652
-4.04846811 -0.244818062
-2.73615789 -2.92587185
2.78074217 3.15379715
-2.85246682 -2.73023605
-3.25920105 -1.01158547
2.9629395 -2.90086842
2.59440708 -2.79236078
2.97029448 2.58976603
-4.19519854 -0.240889117
3.7663672 -0.0676499754
-0.077195622 -4.13968372
-2.86735106 -2.68295741
3.47700953 2.92863989
-3.1490345 -1.33692181
-4.516994 -0.253819019
2.62160897 -2.92675376
-3.91481447 0.150446445
-0.0197261088 3.66884446
-2.73009539 -2.54112697
1.54596996 -3.20762014
0.129866749 -3.93811512
0.00285117514 -3.76142454
-2.85732102 2.55502748
-2.72899199 -2.64091063
-3.48182344 1.41140294
-2.92586923 2.65890288
0.208324313 4.12060547
3.07671762 2.70208073
0.0486692116 4.18458939
0.0955972597 -4.37914848
2.99526858 3.21562839
4.45792627 -0.0719723776
3.44711542 1.0074662
-2.5991528 -2.59490824
-3.0820179 -2.83947134
-4.23242903 -0.0329396203
2.83819294 -2.80730295
1.27145469 3.17421365
-2.98322463 -2.96084595
2.80760932 2.7071979
-2.90419674 -2.09226704
0.311759174 4.21124411
2.73680401 -2.81923652
2.67118025 -2.89506388
3.07019734 -1.64128661
4.54776287 0.0207715333
3.95164728 -0.110112175
-2.81918049 -2.72626877
-3.69669104 -0.027879931
3.90251946 -0.171406463
3.06065512 -2.98436666
3.00791121 2.52142978
-3.79840541 0.10051167
3.86296415 1.44858956
-3.79843879 0.128234014
0.0729703158 4.01017237
-3.60671306 -0.202931792
2.72042203 -2.84657574
2.77646875 3.35833836
-0.0182985179 -4.39361763
2.75724673 3.10501575
3.8405304 0.414636612
-2.79301786 -2.7358427
2.98588824 3.06263351
4.0951314 -0.0371159278
3.12545609 2.7488091
-0.114734747 4.14381838
-3.14539003 2.73094201
-4.05183554 0.178371295
2.98018456 2.9256103
0.125792131 4.15747309
0.320283532 4.07594395
-0.0283516087 -4.3420248
3.19674754 0.882945836
2.59412313 2.76551032
-2.96399498 -2.7312541
-3.74474049 -0.070317708
0.113446809 4.24691534
4.2559495 -0.282852232
4.02817345 0.132280886
-4.23755693 -0.197484151
2.67945027 -2.96831775
2.71681213 2.60778379
-2.90054011 3.19732904
2.36714578 -2.76461124
2.95613813 2.77474618
-2.90680552 -3.18948555
-2.88093066 -3.27555346
-2.72309661 -2.5337038
3.0902586 2.7533946
2.66244221 -3.05750561
-4.17305183 0.156046212
2.65231228 -2.77543688
-1.99376953 2.78305745
4.33809614 0.446728617
-3.02642059 -1.97344863
-2.96347427 -2.71688008
-2.90623116 2.61069798
-0.136554122 4.18911791
-2.84249878 -3.10099268
-2.86670399 -3.45805287
0.0764075145 -3.79422021
2.79007483 -2.72328401
-3.9896512 0.224572003
2.86038113 -3.09427309
2.71985912 -2.91384625
2.94379854 3.11166859
4.18858051 -0.34184429
-0.0942485854 -3.9906168
0.0736407042 -3.83403921
0.0718883201 -4.03179264
-4.11693382 -0.261806726
0.0386523791 -3.71402597
2.97260618 3.0519793
2.94766331 3.3127532
2.83849931 -2.91874743
2.5627501 2.6742866
-1.83050776 2.86130691
-0.252120733 4.09552288
-2.92554951 2.94591975
0.322827309 4.06150103
0.156059414 -4.17356491
-3.99991417 0.033091262
-0.162875712 -3.78764248
0.0949013084 3.86443901
-2.90281153 2.94080019
0.0373962112 -4.28855181
2.98442364 2.90140057
4.06759548 0.00719832908
2.84804916 -2.84970665
-3.69725633 -0.0403288789
2.94086647 -2.73728752
2.5691545 2.57279682
-3.25266981 2.9962678
0.181255385 -4.18387413
-0.0839331597 -4.06326294
3.24787569 2.25599527
-4.16273928 0.185994327
3.11368847 2.67719102
-0.125434071 4.18046284
2.64401221 2.68910432
-3.26768208 3.00695229
3.23624396 3.00261497
3.93954372 -0.0852630809
-2.90971184 -3.22875571
-4.55002499 0.0729520023
3.85307217 -0.14170441
-3.87497663 0.0120935496
0.0300295725 -3.73535538
4.36548042 0.567550302
4.38443708 -0.449109912
3.63553667 -0.213476658
-3.5874362 -0.542631388
2.71077347 3.15276623
-0.322571874 4.24543095
-3.02457738 -2.9382391
-3.66850877 0.939821959
2.55802202 2.64115405
-2.65178871 2.96900129
4.09045887 0.262991935
2.75151396 -2.99025011
-2.0687952 3.46290827
2.87468624 3.16578913
-2.67800045 3.04380131
-1.11362708 -3.28177714
0.291835636 4.18758869
-0.0106557626 3.66218448
-3.10509157 -2.61059141
-3.02161717 -2.72874928
0.000926228939 -4.29659748
3.12282872 -2.2028954
-2.66796422 -2.63275957
-2.66992855 -2.85102463
-2.94636297 -3.08517885
2.75881338 -3.05035043
2.45523906 -2.978585
-3.01535964 3.01845074
2.95328093 -2.94301581
-0.340478629 4.17166615
-4.10073853 0.153369278
4.24721289 0.0190128572
-0.00928409956 4.11254454
4.17901421 -0.176652089
4.02926445 0.149266243
-2.80741453 -3.16001415
2.61329174 2.92653394
2.80121756 2.90225911
3.75260615 -0.0919168144
3.03207016 2.56566811
3.09185195 -2.5451355
4.18945789 -0.14422664
2.66800857 2.99729061
-0.876591861 3.25629902
-2.94819736 -3.06500578
-0.328457654 -4.15240479
-0.0459524952 -4.09730291
0.263676941 4.30535698
-2.81225514 2.93787241
3.88281035 -0.166147709
0.0200850274 -4.09011984
-4.00675106 0.214732081
0.378004611 -3.77797461
-2.69499326 2.89201307
0.697957039 -3.67752171
-3.71515203 -0.0471037291
-2.63907623 -3.13270378
-0.0501567423 3.92231655
3.71571255 -0.0360888541
-2.52411151 -2.61930275
-0.038501095 3.8299067
-0.0270976797 4.07058525
2.91920161 -2.9068749
4.35174084 0.454703599
-0.141562104 3.7164104
2.60270166 2.61219549
2.88933086 2.68118119
-2.81401277 -2.56870317
2.7911911 3.00224304
2.68190646 2.61020207
2.54932737 2.82313204
-0.142763272 3.93684649
4.19219589 -0.133824721
2.58581066 -2.81014514
-2.71710205 3.03382349
3.49124384 0.967569947
2.69911361 2.6725347
0.0311653335 3.76301384
-4.21803761 0.140081808
-2.69998932 2.91671515
3.08532286 2.47007489
0.372700572 4.03433752
1.81035173 -2.75237298
-3.98745775 -0.0429861508
3.70208335 -0.0520437807
3.80087018 0.0633630082
3.22228003 -2.77121091
-0.333524644 4.14991999
-0.180686608 -4.04130459
-3.7819891 -0.0646159127
3.90930438 0.0525075831
-3.97379708 0.00541923195
-4.40432119 -0.267141372
-2.96484804 -3.10605311
4.05397081 -0.191954941
-2.6655612 2.99603724
3.33502483 -1.18516493
2.60437489 2.8573935
3.74923539 0.0052844584
-0.20159632 -3.87632394
3.15009809 2.71793079
-3.94142199 -0.217952371
-2.62625337 -3.30296946
-2.61981869 -2.77170563
-3.04389811 2.68646669
3.96175671 0.110473134
2.90407443 2.93306732
0.000454733148 3.94644809
2.91128445 -3.00821733
-2.90177774 2.90455008
-3.98616886 0.0109718489
0.33245486 -4.32545471
-2.50033903 2.29932475
-4.21601248 -0.00677312165
2.58240843 2.7726922
-2.64070559 -2.72769213
0.323597103 -3.61552739
2.9696455 -3.17126608
4.13216496 0.101241335
4.03045464 -0.191798434
0.349651068 3.74043322
-0.27192089 -4.27183533
-0.0913546234 -4.23874664
-3.06869984 -2.31796789
-0.13289611 3.54607439
0.0309676528 3.7544775
-4.06759262 -0.122958019
-2.64901805 -2.74310875
-0.313055217 4.18713427
3.12056351 -2.77470684
-3.49269652 -0.240105927
-3.60221958 -1.02734673
-3.15392256 -3.02027988
2.71219635 2.5523088
-4.25327778 0.0860154256
-2.79900646 -2.08660173
3.93521166 0.0449659973
2.73813367 2.94806886
-4.25862598 -0.117266826
-2.82680655 2.56550527
-4.15416241 -0.00746174902
-0.0131750861 -3.97462273
-0.303634316 4.07680893
4.58519363 -0.498783588
0.044070296 -4.11350679
0.134970322 4.26699448
-2.62407088 2.72585416
2.97458434 2.72616434
-3.67038369 -0.036795117
-0.10360267 4.0603466
-0.246207654 -4.23993349
-2.99250698 3.0100019
0.0602941141 -3.74935102
-3.17097831 2.95166302
3.70951033 0.53115654
-3.5920279 -0.551568508
2.83516932 2.38619089
-0.0353941694 -4.4879775
-2.75272274 3.14633226
2.96041894 -3.08630085
2.74193525 -2.6631074
-3.1477232 2.7774539
1.28783166 3.52023244
4.2254529 0.334831417
-3.00059628 -2.73093271
2.61377263 -2.66274452
2.18891764 3.02142763
4.08031273 -0.136132851
4.35664272 0.0702237412
-4.20151138 0.0225526635
-3.93517685 -0.013642841
-2.6612711 -3.01013517
-2.56713605 2.53992724
2.7623353 -3.03913331
0.19088088 4.51783752
1.74514925 -2.04689097
-2.93709612 2.83293009
-3.3361001 -0.705587685
0.0477772951 4.02221298
2.7110796 -3.33998442
-0.753282309 -3.98325062
2.74901462 2.20842147
3.7971251 -0.0916515514
-0.035158582 3.69745374
3.1246357 2.72278476
-3.04904556 2.94656134
1.19522214 3.55906606
-2.74464846 2.69468141
0.0831239298 4.02175045
3.8235333 0.037329793
-0.208270326 -4.1059351
2.14091206 3.25464201
2.81063986 2.60588908
3.58512783 -1.02180195
0.0597471595 -4.05635023
-2.8213079 2.64689779
2.61879683 2.89426422
3.10998869 2.97596312
2.71547651 -2.64361334
-3.00581121 2.74051952
0.0963027552 -4.05409718
-4.13375998 -0.000582631677
-2.80972242 -3.2447958
-0.114936799 4.6233387
2.67642379 -2.91644168
2.72108197 -2.74315023
2.80444431 -2.64417839
2.95127249 -2.25046563
-2.78028178 2.99671555
2.68359423 2.81088686
-3.30442929 -2.83546209
-3.12824106 1.81765544
3.08114004 -2.73893738
-4.28826904 0.353210807
0.124444209 -4.03966093
-2.25626683 2.94124079
-3.13717604 1.73582149
2.90048265 2.81214881
-4.23301506 0.0125024449
4.18456554 -0.118801326
-2.90743971 2.86536193
3.5076077 -2.94941711
3.02756691 -3.03290367
-3.48531055 -0.719563007
-2.79053831 -2.7733779
3.94645405 -0.795605242
2.65048742 -2.71160674
-3.88422728 -0.0533199757
4.10421419 -0.271160424
-3.06045723 -3.08740973
3.86293077 -0.106146932
-3.09745026 2.95944095
3.11104155 2.87083983
-3.53182316 1.52566063
-3.68303967 -0.0210134424
0.14954865 -4.2055006
4.11450005 -0.12311548
-3.68519258 -0.0255345125
-0.248079062 -4.39173841
2.94406962 -2.67891073
-0.0619446188 -3.84406328
3.04903078 3.11393166
4.14861965 0.156094253
2.85742569 -3.01821184
-3.245646 2.75962734
0.0107317418 -3.68712997
2.68301296 -2.64376211
4.14710808 -0.0785768628
-2.68015194 -2.62659478
-1.67057157 2.95595193
-2.77802205 2.89807749
-2.68348074 2.63651085
-2.97832036 2.97633052
-3.11390519 2.83991456
-3.58772898 0.402692109
-4.17905855 0.19702296
0.314656794 -4.29371452
3.71416521 -0.00927824154
-2.8592124 3.02861428
1.8933326 3.09627652
-2.57674551 -2.56197834
3.14193487 -2.78307533
-4.11613607 0.0756348819
-2.84434795 3.05621624
-3.9632597 -2.93515301
-3.09627986 -2.79235482
0.0415056869 3.78579092
-3.14796591 -2.65261841
2.65866089 -2.86591649
-0.0965519696 -4.07645178
2.60225296 -2.67084527
-3.18778062 -2.12872481
-0.0265751239 -4.02480888
3.45455217 -0.62154144
-2.89020038 3.23480988
1.89910138 3.0045495
-3.10151124 2.71277213
3.13777423 2.70949006
2.92710876 -2.81996059
-4.21523762 0.033390969
-0.0950465575 -3.9939189
-0.60591054 3.48483014
-2.6290164 -2.6248486
3.59880114 -0.413991302
2.91467428 -2.63571644
-3.40624094 1.40931034
-2.69422841 2.89587998
2.73349047 -3.0007391
3.8483541 0.193665117
0.366436481 3.75569057
-0.445422232 4.18348551
0.20277819 3.95619988
4.30900764 0.0906404778
0.296624482 -4.24516773
3.76566362 -0.102350719
0.271523178 -4.23838902
2.65701842 2.69096088
0.454712331 -4.96755457
-5.04327011 0.338450611
4.30658293 0.00479912059
2.98975301 2.68750477
-2.93412971 2.66531253
-3.06949425 2.93618631
-3.25871611 -2.77256894
3.90529704 0.172686845
-2.62292838 -2.74914074
0.0833886787 3.84679055
-3.85827565 -0.112359121
-0.0610258132 -4.13047028
0.196225703 4.69808197
-4.51451588 0.565146267
-2.86822462 2.58961892
-1.24534774 -3.28009081
2.93272758 2.90932393
-2.59365439 -2.61958957
4.00489712 0.0549127758
0.353598326 -4.44027948
0.27317971 4.1741209
2.20262599 3.33105731
0.524781108 -3.8785758
4.06305695 -0.129633069
-4.05094242 -0.27380234
-2.77768564 2.64314342
3.06168103 3.08126926
-3.01233673 -2.25154114
2.69493651 -2.88280106
-3.9381361 -0.215894878
-3.52178764 -1.44236565
-3.78878641 -0.10707023
-3.9805541 0.197711617
-4.09847689 0.106189325
-2.58251882 -2.51777029
4.27382374 0.220994025
-2.84043193 -2.96595478
-0.150783062 4.26575279
-2.7234838 3.08125877
2.23541355 2.87124658
2.60120845 2.75999618
0.252315879 -2.34927678
3.87977791 -0.856004417
-3.98601866 0.00331587251
2.6912837 -3.06102371
0.01534505 -3.90138865
-2.61910844 2.65673113
1.37656379 -3.55585551
2.93307972 -3.02668405
-2.67223549 2.91328812
4.84244394 0.126287103
2.75084972 -2.94214678
3.15715313 2.54005909
-2.62661648 -2.62894773
3.16791105 2.73649883
-3.8495121 -0.152674332
2.67784405 -2.86518478
-4.2626915 -0.000934395473
3.50888753 -0.542588055
2.57065916 2.69470835
2.61517286 2.66532969
-4.12244558 0.132086813
0.0429161564 4.19574213
-0.646431148 -3.5015192
0.312300503 -4.29024029
-3.35571432 2.79242587
-1.75540125 -2.94416094
2.62411451 2.88390541
3.83363724 -0.0929396152
-2.74445772 -3.14016867
-4.2365427 0.181365669
-3.98190403 0.0761063993
2.7456255 -2.61923671
-3.30188417 -2.27877331
-3.49329472 -0.421229541
2.71668315 2.89121962
-3.00182343 -2.48184061
2.5807209 2.73526955
-2.98728633 -2.72233868
4.18653488 -0.284004509
3.19714975 -2.80443835
0.382401556 4.04606915
-0.00922864862 4.15420675
3.82189512 -0.136058882
-0.125879824 4.00132561
4.0391531 -0.185538828
0.46441415 -4.02923203
0.272168159 4.18898869
3.83675098 -0.1549353
2.90879798 2.95003343
3.25608683 -2.84144807
2.59840965 -2.6628077
1.58248806 -3.72696185
0.0949561447 3.90192294
-3.09550595 2.78977418
-3.98314548 0.643928707
3.9885211 0.159669429
-2.72826123 -2.88133144
-0.308505416 -3.92135668
2.90414476 2.97593403
0.0341645069 3.76158953
0.0812938064 3.84918618
-2.90105653 2.70545578
3.76803493 -1.3073473
3.88104129 0.122036271
-4.07664013 0.118189648
2.54426599 3.06629252
3.53770018 3.33180189
3.27190638 -2.84425831
-4.3338933 -0.057026837
3.91425419 0.132760927
0.266531289 4.28994656
4.18063974 0.0325560048
3.19364929 -1.64248025
0.0481104478 4.35994673
-3.79583955 0.0922224373
-4.14490795 0.113765746
-2.7399416 2.64809799
2.66649342 -2.64483404
3.25450706 -1.54633307
-2.86096096 2.67625642
1.94253051 3.45126677
1.62703991 -3.30498648
-2.83928537 3.12387753
-3.208534 1.02188241
2.61276841 2.72032261
4.27505589 0.343112379
0.0112053715 3.93320155
-2.9246943 -2.82796144
-2.61382341 -2.68525386
-1.11676514 -3.60592461
-3.73340917 -0.0672900379
3.04327917 -2.13028097
-4.55499029 0.0292473063
0.00420526601 3.6949358
-2.58966756 2.58541942
0.044668071 4.07073402
0.304229856 -4.2672143
0.675601721 3.76720691
4.16735601 0.251444399
3.01882553 -2.7433908
3.70369053 -0.0335346684
2.68092942 2.74836922
0.110032313 3.95165348
2.63936257 2.68902254
4.42975664 -0.105649337
-4.0142355 0.054458309
2.3764565 3.27629614
2.858675 -3.25606632
2.08984971 -2.72658753
2.97795558 -3.21685982
2.80868912 -3.12355876
-1.0227747 -3.49285364
2.78698444 3.23238897
-0.224007145 -4.42436552
-4.37064171 -0.214487404
2.86535048 3.1422627
-3.22194958 -2.7814362
3.93432975 -0.198025793
-0.0103921816 3.65551496
-2.60015821 -2.62105274
-3.86214328 -0.185846075
-2.81328559 2.73217392
2.92812395 2.7306447
0.445708871 -4.12613392
-2.82554293 3.00503016
-2.85766721 -2.6818552
-2.57480621 2.55517697
2.74319363 -3.12634897
2.96559429 3.07629824
4.44069433 -0.127743974
-3.01029778 2.68475175
-4.10835886 -0.0264718924
3.12735415 -2.71194792
0.00657918863 -3.78748155
-3.91850805 -0.103933401
-4.34742498 -0.148685545
3.14548302 -2.69196558
-2.82235765 3.28969908
-1.27810431 -3.797966
-3.13667917 -2.99143076
3.44752121 2.05992246
-2.74511647 2.75995779
3.17801476 -2.77051878
0.243872777 -4.10168171
-4.19044304 0.203830719
4.20775127 0.0736102834
-0.458363116 4.50611305
-3.1429491 2.86167526
4.16661501 -0.204446867
3.98640394 -0.139348
4.12170696 -0.733477473
3.60714197 0.244159251
-3.7293005 -0.923521996
3.81887603 -0.639930069
-0.00194164924 3.71844578
-0.19976896 3.89621925
-2.82247114 -2.85257053
-0.0711141527 3.97839332
2.07834506 2.82424927
-2.80997658 -3.23800945
-2.34108543 -3.17500281
-4.14810467 0.277995884
-3.10387731 -2.74622059
-3.21701527 2.24302149
3.62156415 0.972488701
2.72847438 3.35601616
-0.882337987 -3.5626843
-3.4723711 0.279640436
2.7093904 -3.00261688
-4.1347456 -0.346840322
0.274120718 -4.21278524
-3.12935305 -2.99353552
4.14708328 -0.163778156
3.79451895 0.0777089596
3.5767312 0.711738765
-2.57150745 2.60017085
0.108070619 4.15070105
2.63385248 2.77485037
4.16611767 0.289085567
2.68127036 2.66081166
2.81832695 3.37757444
3.18437147 3.07504416
0.216605783 -4.05321884
-3.97084427 0.0687560737
3.45755911 3.39136362
-3.0684824 2.97889447
3.01498842 2.43235493
-0.0515375659 4.57095432
-0.0554491356 3.73837757
3.04754162 2.24075413
-0.131929487 4.25673914
-2.99562669 -2.56088519
-1.58909893 -3.1242156
0.348648638 4.22332191
0.0173102561 -3.68222094
0.26386857 -4.21615124
2.90463996 -2.88826108
3.1506567 -2.83085632
3.05425525 2.64082813
-0.140727907 3.89097738
-3.92981529 -0.200710207
3.24814844 -1.79010475
-3.68265009 -0.0107082436
1.2393055 3.17747164
-0.086926423 4.33774185
-0.00511670113 -3.78111601
-2.75596094 2.66515708
-3.63384581 -0.244774729
3.26962113 -1.10045981
-0.0184091572 3.65186357
-0.0358147249 -4.08497334
2.72342205 2.77028418
-3.58068419 1.46262157
-2.73215938 2.32690644
-2.69324875 -2.98709226
-2.87575579 2.95022798
3.03878975 -2.42888379
2.90207267 -3.14051104
-4.24076509 -0.121943854
2.48120284 -2.71295881
3.10059142 1.78755438
-2.61165571 -2.67280364
2.59774876 -2.67160988
-3.58430839 0.122745655
-3.08969641 -2.76234627
0.0545135736 3.79889202
-3.74830914 0.0718113706
-3.8702116 -0.183953613
-3.06430912 3.21480703
2.75660539 2.6531527
-3.01726413 2.90908098
0.227027297 -4.04921293
-2.96512175 -3.04648495
1.48443854 3.30051398
2.71800947 -2.61281729
0.909987807 3.88046265
-0.440987796 4.33261538
2.64286137 -2.659693
-0.0141526163 -3.68788528
0.14228344 3.93849468
-0.0337340198 -4.06196499
-2.80635595 2.77386761
-4.11898804 0.214853153
0.0268512778 3.74158621
-0.177676916 -3.93794417
3.01491594 -2.53137636
2.87492132 -3.04386091
4.15588617 0.153256997
-3.03396559 3.01652718
-3.08810806 2.86508107
2.74970007 2.67951727
0.0616714209 -4.06931782
-2.97817087 -3.03911304
-0.319702953 4.15090752
0.063005805 3.81276274
-2.41589093 3.12915039
2.73966074 3.13976407
3.98065853 0.316168845
4.24660254 0.054719802
2.82594609 -3.06415558
-0.172218651 4.12177658
-3.69498062 -0.0383138135
0.0248987749 -4.13006258
-3.05700684 2.68408942
2.97540569 2.83647823
4.07096767 0.0796180144
-0.060064882 4.10578585
2.69029832 2.60554767
-0.13984406 -3.87526751
-3.77717686 0.0671344548
-0.0941787511 4.0200491
-2.92745686 2.96781969
3.76826811 0.0450567827
-4.05834961 -0.22535938
-2.67921495 2.63571954
3.16927338 2.87201953
4.19141817 -0.619625032
-3.97288752 -0.0180113558
-0.0269754063 3.98715711
4.1183691 0.154177517
-4.2356286 -0.170093909
-1.50304401 -3.42344332
4.04145813 -0.222328275
-3.96041155 -0.0795285553
-2.8811655 -3.14745903
2.84978437 3.10261631
-0.0173781775 3.85860229
-0.105824739 3.78379202
2.7688303 2.76355886
-3.91182494 -0.190799624
3.89436293 0.209511012
4.06553125 0.223287046
2.56596661 2.63750529
-3.45747876 -1.43943655
3.89425826 0.275001854
-2.83326077 -3.27052307
2.38801432 2.7211237
-2.78011417 -3.07186437
0.0754521489 -4.08485746
-0.103607625 3.56126237
-0.118641727 -4.20879412
-3.05470228 -3.23365879
2.77853107 2.76045132
-0.225541875 3.92249775
-3.39411736 2.96301031
-4.17826176 0.0854209885
2.80367303 -2.64230418
2.76286936 2.74767494
3.40665102 -1.03066218
0.0245054141 -4.33798027
4.15336275 -0.321494162
2.7825346 2.78716445
-0.380241334 -4.42829847
-2.78840518 2.81419802
3.64831448 -1.19043899
2.772156 -3.15902233
0.989617527 3.51043081
4.21103382 0.130374387
2.70801401 3.00632048
-1.88843453 2.56628656
-0.658656538 3.513767
4.06976986 -0.0615094043
-0.663475811 3.42680717
0.00109400786 4.44302607
-4.08541489 0.23806119
-2.98875022 -2.96392751
-3.70115495 0.101896524
2.86917663 2.98038673
3.04330111 -2.91269469
2.87036347 2.88598609
3.82861137 -0.0500785932
2.67032957 2.96666002
3.79014254 -0.127258256
-2.76370311 -2.69130898
3.83608389 -0.141681373
-0.0120767625 3.73560309
-2.86053658 -2.70178866
-3.7930584 -0.109096929
-2.97834325 2.90987372
-2.89803934 3.03733516
3.62377357 -0.373618186
-3.53168464 0.205970779
2.43421268 2.93451118
-2.999542 2.7119956
-4.07213354 -0.207029328
-2.73093629 2.68388391
2.92446995 2.84035492
3.71226549 -0.0402723104
-3.7401948 0.050989341
4.17447662 -0.0767600313
3.19942045 2.93883395
4.57835531 -0.0988416821
-3.18529892 3.12798619
2.95382357 -2.931988
-3.76707935 0.00229788758
-2.86903405 -2.68088436
3.12565207 -2.72878671
-4.15629292 0.124176778
-4.1582613 -0.189435571
-2.64285731 -2.63384199
-0.0489343256 -4.29978371
4.00338268 -0.253315628
0.101907194 4.16695786
-4.33101082 -0.32787165
-0.388683289 -3.93620658
-2.77881002 2.64228249
2.86795378 -3.03670502
2.78046894 -3.11543369
4.13403273 0.276195109
3.11616755 -2.33654547
-2.97603035 2.77907443
2.72449923 2.63201642
3.19561243 -3.15386868
-2.08433628 -3.38100195
-3.79074478 0.106214881
2.94549561 -2.78746128
4.4377656 -0.0705149621
2.77084827 -3.03288794
4.06169558 0.0835442692
1.89853668 3.38466454
2.70859337 -2.64909053
2.60818028 -2.65159941
3.33410645 -3.01258659
0.584945381 3.65311933
0.739097834 -3.68544483
4.15842819 -0.25647974
-4.02305698 -0.156748369
-3.0513196 -2.82524085
0.857307851 3.13999319
-0.0521268286 4.12370682
-3.80270171 -0.0431299247
-2.00869989 -2.83860564
2.90145087 -2.29722881
-2.04937315 -2.88182092
-2.51536322 -2.65652561
2.93491793 3.04703236
-0.214787751 4.03526306
0.212816879 -4.06816626
0.0662163049 -3.83741474
2.94470739 -2.97128344
-2.81068659 -2.81316376
4.16724777 -0.731668949
-2.81373763 2.98424625
3.7928288 -0.772721291
-2.84234285 -2.75678086
0.0237892326 -3.73166084
-3.00367117 3.04524755
-0.099080272 4.17520952
-4.63570452 0.125276223
-0.918763757 -3.44428492
2.81968188 -2.36325359
0.171427161 -4.0157671
2.93076563 2.64257097
0.140598953 3.90391588
-3.6772449 0.0101537853
-4.68894243 -0.268994749
0.082459785 3.63684249
-4.36898136 0.091762498
2.37674928 2.76267457
-4.85388374 0.0592773706
2.56350064 2.64755487
0.0594670996 4.08691788
0.162812382 4.06843901
3.64934254 -0.210681871
4.07995176 -0.249434769
-2.19565415 -2.93351746
3.70759439 -0.0320560522
-3.80926371 0.105324984
2.43237472 -2.76803446
3.74795055 -0.674308419
2.58678222 2.74968624
2.60476685 -2.66852188
2.6075592 -2.86710787
2.98774457 -2.75575209
1.35530746 -3.23903918
4.2469964 0.184615597
2.91859245 -2.98656559
-2.9470005 2.8850584
2.0252738 2.84611797
3.72177529 0.0348990113
4.02032661 0.167615056
0.903817654 3.46893001
-2.73939347 2.73151565
3.13712597 2.51694632
-0.0966930687 3.98755026
2.97781754 3.0095129
2.75954127 -3.01914883
-2.71664906 -2.6332376
2.62246728 -2.6639967
3.72780848 -0.00908788294
-1.99424458 -3.06275487
3.04499793 2.05313277
0.0268296003 4.07604074
0.109622642 -3.93348026
3.16478133 -1.62872529
2.98522377 3.04059505
3.15253735 -2.83548903
-0.180399969 -4.19307804
-0.293771803 3.79002142
-4.26445484 0.391557217
0.03999082 -3.73816729
3.09800434 3.10058975
2.62909651 -2.70009756
-4.15998459 0.580472946
-0.24563098 -4.20025539
-2.91761804 -2.84506893
3.15636539 -2.89026928
0.0774120167 4.00233507
-3.08016586 -2.74304914
-0.0660323873 -3.78359938
-0.225424454 3.99514723
-2.94467592 2.98676729
-1.82125807 2.8932879
2.50207973 -2.94997549
4.10592985 -0.115500696
0.142277628 4.22145176
-2.71728253 3.09315729
-0.211731568 -4.14717674
3.20420885 -3.18499303
0.202932462 4.05719662
-3.98327661 0.021782143
-0.214825392 4.01971054
3.84990525 0.0819686651
-3.69735241 -0.580923975
-2.86218882 2.87392735
-2.6195159 2.71871376
-0.0469947718 -3.75220585
0.324445516 4.2010026
-2.9839654 2.81083155
4.39429665 -0.123548314
-2.87273598 -3.09630442
0.150468484 -3.90938711
-0.638034403 4.02761459
-0.275838226 -4.25203991
3.93350601 -0.133675128
-3.97743559 0.0471799262
1.75456762 3.15304995
-0.113613494 -3.69498348
-3.17412424 -3.33475828
-4.39910698 0.413007408
0.1240367 -3.78358388
-4.45670176 -0.396707296
-0.142284572 4.30130816
2.74070072 -3.25653219
-3.92385912 -0.567182899
2.64405632 3.02952671
2.69327831 3.26264763
-0.0346402377 3.93246174
4.53170872 -0.143973649
3.09004641 -2.81461668
2.56703234 2.76382256
2.53379917 -2.71585369
-4.24740458 0.0548002683
2.60179377 -2.87724209
2.96754599 3.06521988
0.320087224 3.55416322
4.19043589 0.0182886645
3.37127137 0.782320738
-0.269151241 -4.06799173
-0.000263045542 -4.3951087
4.24591398 -0.182870224
-2.51495385 -0.377601683
2.13361073 3.12076569
2.69370413 2.61474562
-2.81918669 3.1652627
-2.58337402 2.57756162
-4.01721048 0.22950694
3.33663559 0.720507801
-2.71757674 -3.08914351
-2.69378519 2.70169592
3.96434426 0.187727511
0.162883207 4.44686365
-2.80320072 2.87639141
0.273609221 4.09834576
0.0655725449 4.12298632
-0.386838317 3.45251989
3.79423141 -0.0610721111
-3.82171321 0.127044797
-4.18075466 0.00314137107
0.52641803 -4.18561554
-2.49358344 -2.82310629
-0.176688433 -4.3190794
-2.80901146 2.64518499
4.32534409 0.201099068
0.196726024 3.90237522
4.13599443 0.286455184
2.98447132 3.01588988
0.0932251364 3.87122083
0.754188359 -4.06408453
-3.82990789 0.128480196
2.98510456 -2.69522572
-0.0636669919 3.87543631
-3.15440822 1.7608068
-2.57150269 2.75411272
3.06323147 3.02287316
2.89372802 2.75867438
-0.541889191 4.35639954
2.99850011 1.71728528
-3.11530423 2.71910739
4.12495184 0.0267871432
-3.0337348 2.51750827
3.86942482 0.127010167
-1.24292088 -3.31233263
-2.95361662 3.22720718
1.99379826 -2.98429513
0.0815285295 -4.05132484
-3.03320503 2.77687836
2.85718727 2.74456573
-3.36031914 1.00998282
-4.20969105 -0.287602454
-0.0588843711 -3.84860516
-3.69447851 -0.0365081839
-3.75455856 0.0375913642
3.74152708 -0.100494571
-4.18844032 -0.266758978
-0.0950652957 4.11813498
-4.35086155 -0.000655844808
2.70515728 -3.15937233
-2.68540764 2.87362552
2.67361832 -3.0008297
-3.14486694 -2.81723809
0.768839121 -3.62064672
-3.45615458 2.03427052
-3.29291248 1.05705392
-2.92541552 -2.7294929
2.66185999 -2.61534357
-2.68937278 2.67792678
0.0100133047 4.0758996
-3.33380175 2.78318501
1.76776612 2.98750734
2.13663101 -2.9855144
-0.369484842 4.13575935
-2.61890388 -2.71010351
0.0535056442 3.99053764
4.47792053 0.87757194
3.04713726 -2.8565011
3.32436585 0.482147276
-2.95189071 -2.64644527
-3.7616272 0.0387514792
0.55867362 3.59932375
-3.73879957 -0.07048361
-2.98480558 2.84513617
-0.24601379 -4.09836483
3.96224976 -0.179483116
3.88248777 0.0806548968
-4.25507259 0.157369956
2.60479045 -2.65425777
3.23864317 2.76396132
-3.49305773 -0.26670295
0.329152137 -4.33148813
0.131924391 -3.8945117
-1.24307597 2.89310098
2.26315141 -2.85139132
-0.0752343386 4.12184525
-3.0696516 -2.77321815
2.77685618 -2.6479187
-1.07909584 -3.86994457
0.18167004 -4.14723301
-3.77040505 -0.0927909836
-0.273368567 -3.87904048
2.80281687 -3.32514858
-3.12961102 2.81659532
-2.98105812 -3.11688447
4.17118883 -0.273150384
-0.0781976879 3.97239399
-1.85536122 -3.0567677
2.68789959 3.0114212
-0.0827349648 3.57253075
-2.58116865 2.5678134
-4.30979061 0.12239337
-4.24655962 0.22727707
4.74915981 -0.00270178029
-0.0239094999 -3.84823632
-2.63521099 -2.58958387
-0.269067734 4.03307581
-3.01001716 -3.44273305
3.93304086 -0.0396809876
-4.03930569 0.139596462
0.133754089 3.92608285
-4.50874138 -0.404877335
-2.6742506 -2.78590155
3.24694467 2.99837923
-3.89911509 -0.38999331
2.81022501 2.6632905
2.80186749 -2.65912437
2.65054536 -2.65679741
-2.74234247 2.09033561
2.87922573 3.0950644
-2.70016766 -2.99444056
4.03815651 0.343199015
3.26970768 -2.81459713
-3.03129959 2.68863726
-3.89229727 -0.198335186
-0.0564609542 4.01320839
2.59913874 -2.71608639
3.73060799 -1.61480796
4.06073666 0.218757093
3.87543678 0.107395247
2.67708445 -3.0394311
3.864223 -0.145908624
-2.8219676 2.64095998
2.59440351 -2.70665097
4.0647192 0.224875256
2.60650635 -2.72696209
0.251322508 -3.97696161
0.0652938932 -4.10058594
2.89702606 3.61387992
-1.94148517 -2.89448476
0.107308313 -3.88611674
4.04675674 -0.000751135871
-2.85883331 -2.73907232
3.67434955 0.0392678306
-4.13816738 -0.133492708
-2.83526015 2.88982868
-3.62583971 0.51556462
-2.90857172 -3.2260251
-2.53793359 2.55461764
-3.07551336 -3.00903416
0.0952204391 3.95622516
-3.90416861 0.195797667
-2.74801016 3.12340355
3.12661028 -2.7850852
-3.11597633 3.39607477
-2.84440207 2.65379953
-2.79959846 -3.20783091
0.0343951806 3.84989238
-2.57122326 2.57707214
0.0208036937 -3.69553065
-0.0723911002 -4.26688242
-3.0804944 3.02185011
-0.653500736 3.39157867
-3.70242548 0.0315945968
-0.155689478 4.00859356
-2.07094502 2.79283834
3.71195769 -0.0491188169
2.81123066 -2.6482923
-2.75196004 -2.77104473
0.152323619 -4.02955675
3.69348264 -0.101822414
3.20484543 2.74390388
3.18510199 -2.74153137
2.85023355 -3.43312144
0.116972983 -3.87968636
-3.71906853 -0.0462803133
2.25971651 -2.90015936
-0.0288222879 3.63776207
3.91103077 -0.26088056
-4.2300148 0.100480013
3.00681233 3.10732174
2.77419376 -2.87648988
-2.93421888 -3.06182671
-2.78809381 -3.09314656
-0.295251846 4.22879744
-2.93537855 -2.88550115
-2.58407974 -2.54752421
1.02298224 3.32861996
2.94475842 -2.94916058
-0.0499994159 -4.15556717
-2.94989061 -2.87382317
2.78972006 2.88944459
-1.69550323 3.15148115
0.262152284 4.30852413
-4.2727046 -0.0255795158
-0.0832206756 3.93020153
2.578825 2.73865819
-0.375446141 -4.25281811
-2.84299779 2.66235209
-3.15206051 2.72309589
3.73306036 0.0718735382
-2.89757276 2.65482092
2.95986462 -2.74558878
-3.20904827 3.07158995
-3.56342387 1.25864041
-2.6675992 -2.97099137
3.76454163 0.0358163379
0.0299344398 -4.35373497
0.185353905 -3.87642193
3.71626878 -0.0412644595
0.747142673 3.80264401
3.77014637 -1.0841012
-0.793774962 -4.05614424
2.81657982 -2.59902859
4.20007229 -0.680201352
3.8618803 -0.128156543
-0.312917888 3.93859291
3.12200904 2.43654871
-0.34432736 -4.2178793
-2.78616214 -2.65360236
2.70456886 -2.64918256
0.847353339 -3.96320963
-3.10767531 3.08418846
-0.133763999 4.07858753
-4.16169214 -0.274383962
2.13929844 -3.37486839
2.99978542 -0.819081008
2.99156594 2.91806626
2.95759821 3.13040614
0.807576001 -3.50069761
2.8972311 -2.70234537
-0.0732648075 3.90047598
4.22752523 0.00321873091
-3.27858639 0.884808421
2.21220422 2.76510358
-4.04364967 0.104666129
3.90628433 -0.245095551
2.96422529 -2.9756074
-3.1971159 2.83390999
-0.0316070504 4.07810068
-2.99751186 -3.07604408
-3.19500017 2.84042645
1.35345316 -3.25399804
2.97487593 -2.78881335
-2.86635637 -2.67416239
3.79774308 0.0542910211
3.74076033 0.10903579
-2.37101817 -3.19433355
-3.13094425 -2.75607657
2.88229513 -3.07686424
-3.06366253 3.16683054
-0.240268096 4.2783823
-0.0440382026 4.08760786
-2.81122637 -3.2321856
-2.60533595 2.67752695
-3.90853119 0.06709636
-3.30829 -2.78358841
-1.57510018 3.61299181
0.780250728 3.53520226
-3.93297768 1.23251355
-2.72706842 2.80911016
-0.0484950542 -3.64595985
2.8485415 3.15994048
-0.170035496 -4.28684235
0.194910765 3.90082979
3.01473689 3.16189194
2.50601554 2.26556015
-2.86546612 -3.39449859
-4.1842618 0.137685582
-0.0289477557 -3.73032856
2.23376322 3.1999979
-3.7542088 -0.0448109508
-3.02805066 2.90491056
2.83847427 -2.64740109
-4.14127636 0.161073849
3.9252224 0.0433655232
3.35222888 1.12569082
4.06946373 0.0941752642
0.126876295 -4.04919577
3.37989902 -1.6777668
2.02822351 1.21010232
4.41526413 -0.0777207464
4.13534355 -0.0974857137
-4.28566504 -0.259560823
-2.7094698 3.06803799
4.05920362 0.319612116
3.71162367 -0.0528406128
-3.05964613 -3.02138543
-3.8619194 -0.0334732197
-2.56223249 2.59548116
-2.99093032 2.78947997
3.69226575 -0.0779239088
3.98228288 0.326471299
-3.81363654 0.232419908
-3.86771297 -0.115034819
2.7296803 3.19464087
3.92434812 -1.53042519
-2.42630577 -3.26871395
-3.17485976 -2.97462606
-2.45057964 -2.61190319
2.64479542 2.63004637
-2.80378461 2.60008931
2.90353537 3.25513172
-4.05450439 0.00750921853
0.059068542 -4.04421186
-2.74518967 3.34849691
-4.41683102 -0.383538306
2.45320344 2.4425292
0.140410542 4.34353256
2.75541782 -2.64648509
2.74846506 2.99240613
-3.56631017 -0.85163331
-0.0656884015 3.93238997
2.76915598 2.7702651
-2.63344359 2.78189325
-4.21582651 0.0956142619
-0.0957509577 3.92496157
0.562688529 3.81334496
3.00587201 -1.17907047
4.39143515 -0.0422912464
2.9685483 -2.7369535
3.02691007 -3.08261013
2.83238387 2.79587841
-4.25985336 0.410924613
-2.65504003 2.67102098
3.12325621 -2.59489202
-4.41460514 -0.180032104
2.57709837 2.65057111
-4.25034904 0.448863328
-2.56809688 -2.92946386
2.65143228 2.77163672
3.83283854 0.106923975
0.332699358 -3.69030404
3.12698126 -2.77096367
0.0189719461 -3.70715857
-3.51776505 1.67690527
0.0685912073 -4.37897348
-3.03262424 -2.82808089
-4.24456882 0.127652451
3.31447577 2.78281021
0.10674008 4.19388103
-2.81822395 2.81732035
0.0332588032 -3.96647692
2.84455538 3.06135917
2.72296429 -2.64447999
-0.323161483 4.15300274
1.73329592 -3.63498378
1.97749949 -2.83089089
-2.99657583 -2.76811099
3.14042425 -2.74359107
4.08113766 -0.221850634
-0.162097588 -4.14718914
-0.24137862 -4.09033298
3.15941477 2.72109509
-2.71873522 -3.20212197
-2.71492028 2.61245751
-2.82146025 -3.04912758
3.87287307 0.678177059
-2.92582655 2.66365266
0.0489663109 3.80190277
-0.105154455 3.74152398
2.95929909 2.94163966
-3.77162457 -0.0520481393
2.69481087 -2.78404522
-3.16552496 1.2590915
0.658259094 -2.70548987
-2.93926096 -2.90345955
-3.78172445 -0.712199926
3.44370985 -1.26821554
-2.81923771 -2.66006303
-3.98417521 0.18153289
-2.92269993 -2.63427424
3.15559578 -2.87659073
3.29146934 -1.41575289
3.15873241 2.31958008
-3.64360428 0.048499126
3.7462635 -0.129744634
-1.07001925 3.18632174
2.88715625 2.63957191
-2.80231428 -2.72114921
0.108220443 4.05226135
-2.87317657 2.96052933
2.79961848 -2.98626375
-2.56977367 2.58041215
4.26280642 0.068462193
4.08329773 -0.0873061195
-2.73958588 2.88672161
0.0676870123 4.15270185
2.848351 -2.81219339
-0.318727791 -4.18844604
3.97593784 0.135175318
0.504997015 -4.53123379
3.01472664 2.89619112
-2.76247311 -2.19917965
-2.63670111 -2.75609875
-3.69570112 0.123282716
2.516922 -3.18958712
3.02932954 3.16570354
-0.157912701 -3.87924409
0.0129175335 3.73116064
-4.39567375 -0.38036117
-2.66918421 -2.6960187
-4.0711298 -0.191564441
0.289355278 4.15015745
0.0579737164 -3.9706459
0.098591201 4.16376638
-2.92670393 2.53885365
-2.58510518 2.49421883
2.77903986 3.30281401
-3.77968836 0.0558637604
-2.69086146 2.55963278
-2.8221283 -2.86459446
1.36798906 3.60704756
-2.91978264 2.68177342
-2.9009409 3.00451422
2.94303513 -3.22478867
-2.14409852 3.32351017
3.46603942 -0.211188763
2.88580871 2.58044434
-2.77305198 3.13772035
-0.0850334764 3.87018824
3.39439535 1.16068518
-2.60846376 2.70487928
2.90546751 3.41779184
3.00922036 2.92672801
4.47705078 0.111851111
-2.97521019 2.95371246
2.96395159 -2.8295567
-2.79748392 3.12883091
-0.976555228 3.7206974
0.275718331 -4.08574486
2.95896435 2.93531919
-3.01373911 3.0957489
-3.11422157 -2.73906231
2.90122032 2.86788869
-3.66147184 0.00979288295
-2.31197309 -2.62014127
0.0951963142 -4.08789539
-2.58289337 -2.596205
3.7295506 -0.106179595
-4.24729443 -0.0702657849
-2.82351637 2.9765389
-2.72716618 2.73184037
0.0786133558 -3.857898
-2.8678453 -2.84542131
-2.69906664 2.94694376
-2.27767611 -2.60997796
-2.82428694 -3.13339472
0.19855836 -4.0146122
-2.76614738 -2.67771983
1.96038723 2.25629163
4.34268951 -0.363807619
2.90911031 -2.97352839
-2.5812602 -2.59264088
-4.4452877 -0.00812048651
2.93553877 -2.98621273
3.25786257 3.18650556
2.82878971 3.0595181
3.89487886 -0.0538685992
3.43782663 1.9025116
-2.93037701 -3.07634735
0.0525774732 4.03093243
-2.65642762 3.04077387
2.57333946 2.73977876
-0.267861068 3.93840218
1.54934883 -3.1768527
-4.4050827 0.293531448
-2.82523108 2.00531459
-2.85591793 3.34783268
-1.10522902 3.26709366
2.64792585 -3.1536932
3.78883767 -0.119799025
-3.02681088 -3.28605485
3.04709959 -2.80086112
-1.04779971 3.55745268
4.19350863 -0.343816966
3.86232758 -0.139913455
3.0494647 -2.90006924
0.022333255 3.62613368
2.26863074 3.21936274
3.11416745 3.06927443
0.0711172447 4.03673267
-3.27154255 2.60836887
3.15088654 3.08003259
-3.67189217 -0.00723180734
0.184639752 -3.99096584
-2.6415 2.77912426
-0.142653659 3.99736929
3.22218132 -2.79726815
2.27092171 2.83864975
2.87670088 -2.86190343
2.99635839 -3.10990262
-0.0539806224 3.70841265
-3.26344752 3.25228453
2.63493872 -2.65437102
-3.84568787 0.163345173
-4.2434597 -0.153963864
-2.15987802 -2.91760349
-0.0644081235 4.0868578
-0.0662720799 4.07072258
3.83234286 1.12109053
3.13716698 -2.95053244
2.77517056 3.30572581
2.48493528 2.95025754
-2.8597784 3.03269553
0.142782003 -4.20148659
2.68649912 -2.89594889
-2.99445462 -2.86597967
2.70022464 -2.70056415
-3.671983 -0.723977447
-3.09346294 -2.76006317
3.70785189 -0.0376736708
-2.98493242 -2.7129972
2.59635472 -2.7099247
-2.89642096 -2.74360991
-3.83621335 0.0710484907
0.209519222 4.09955692
-3.03661394 -2.90008378
1.49516511 -3.72955561
-0.140299708 3.92001295
4.08270931 -0.056688033
-2.79492688 -2.76294255
2.55575109 2.6470871
3.74461436 -0.0978403687
2.66822147 -2.64313173
3.19339371 -2.80470419
-4.11167383 0.224443495
0.039409779 3.85847926
-2.62385726 2.75194597
-4.40594959 0.311982274
3.17158508 -2.94564724
2.66523457 2.88705587
0.317960143 -4.24591637
-4.40590191 -0.217827544
3.28462315 2.79039192
-0.186826468 -4.11279631
0.321828365 4.23778009
2.71602988 -2.64794874
3.40313458 -3.07024002
2.98159885 2.71460676
-3.06419826 -2.95979023
0.546579957 -4.22271681
-0.224942535 4.48345852
-4.11111641 0.198783904
-0.0415445045 3.93652105
0.588709116 3.55077124
2.74962831 0.38816908
-2.92173386 2.71000266
2.72994471 2.6268096
0.166265652 3.835531
-2.65437412 2.41737008
-3.78930116 0.0989564657
-2.5946126 -2.42989707
-1.71801507 -3.95437479
2.6530056 2.79334664
4.05891514 -0.00771059841
2.82699776 -3.19127631
-2.70418429 2.73855352
2.99251223 2.78860855
-3.32152319 -2.77052307
-0.851564884 3.87285376
-4.40424967 -0.358086348
3.01126623 2.96463227
-2.93099546 -2.92273736
3.2587707 2.77862549
4.10851479 0.253373504
2.92739367 -2.63031363
-4.2816124 0.416985631
3.15521955 -3.14063072
-2.87712145 2.87696791
2.87074232 -3.12539148
2.65686941 -3.07869768
0.0436994284 -4.36061668
-3.80754161 0.121105671
-2.73405814 2.78587055
0.192430884 4.12215519
0.0379059985 4.18647957
4.0078907 -0.041822046
-3.07987571 1.73711455
3.25956511 -2.8623693
-3.08791947 -2.93938994
-4.3240056 0.0540056601
2.93167663 -2.75538874
-3.16982365 -2.95707846
-2.70448637 -2.63075042
2.85800219 3.09197712
3.00556755 2.78280783
3.82668018 -0.141245633
-2.63081694 2.78078699
0.545347273 -4.15350628
-0.123850808 4.23555183
-0.155600727 -4.19930696
2.32442927 2.75464249
2.60866737 -2.66216516
4.10019875 -0.583327353
3.10191178 -3.08486247
3.14933777 -2.02920604
-3.18150496 -3.09280062
0.0697653219 3.82177496
-2.44505978 2.99493527
-2.53749418 2.81399226
-0.361667246 4.45307684
-3.87572813 -0.140636504
-3.14605618 2.51532888
-3.01801157 -1.35498738
2.31888533 2.72025323
-0.145148486 -3.77216244
3.24410772 2.89933634
2.92936325 -3.14527321
-3.15930748 1.34889185
-2.79173136 2.81745386
-1.94851196 -2.87481689
0.155062854 4.12807846
-2.61288762 -2.64187694
-3.05928802 -2.90576363
0.086942181 4.08060932
2.40500903 -2.81779552
-4.11543798 -0.15164268
-0.177933186 -4.11024046
3.71460128 -0.114341922
0.172326982 -4.09435606
4.14588833 0.134474322
-0.187496319 4.18398952
4.05879354 0.119747564
2.59320569 3.17429972
3.10575819 -2.74091482
-0.5741207 -4.09183216
-4.55870962 -0.439005196
0.0250368416 -3.93687129
-2.63063526 -2.50181103
-3.87918329 -0.135610715
3.73155951 0.0370710343
-3.9226203 0.0388852842
2.39704299 2.51011205
-3.74953318 0.0188781843
-1.47203135 3.6208477
-2.86231732 2.91750026
3.7593503 -1.58795452
2.28137875 -3.18554282
0.307499737 4.18656635
-3.16092658 -2.72187233
-2.61754179 -2.6908884
0.0840100795 3.85729456
-2.92641854 -3.00881553
3.20925903 -3.02693558
-0.0199348368 3.72244859
0.00534549868 3.71938443
2.84915853 -2.48760843
4.06847191 -0.227951676
-2.65045261 -2.78485417
2.8420012 2.8273735
2.6208241 3.02676344
-0.244252399 4.00587416
2.00747037 -3.52811193
3.05121326 -2.96278334
3.79520869 -0.0312058143
-0.19110918 -3.98085308
2.38773775 2.92176008
-3.8935535 0.144987524
-0.61995405 -3.93417931
-0.341410756 4.13340282
2.67627668 -2.65058327
-3.23605251 0.997393191
0.104572989 4.24522114
2.86607981 -2.6944294
3.22072554 -1.43237257
0.0319127515 -3.69612741
-2.9039526 -2.91557693
-3.04314399 2.97750282
-0.0939958766 4.08128262
4.19003963 -0.315209329
-4.71391153 0.1859487
0.157377496 -4.22000742
0.000945921987 3.91165733
-2.60181737 2.65569258
-3.07650018 1.87260628
0.489748716 -3.60580039
-4.11623144 -0.221073627
-2.99259901 -2.69076943
3.08843517 -2.71063471
3.86836481 -0.0928473398
-2.90546036 2.66207457
1.55528903 -2.95017076
-2.61715937 -2.62129951
-2.31227684 2.92310977
4.11953926 0.0731862187
-2.85922241 -1.97583508
-0.2493653 -4.03534412
-4.24571323 -0.0890448242
-4.22582483 -0.110961907
2.89721775 2.81469297
-0.0623298921 -3.63756418
0.14696537 -4.14058781
3.14648104 2.73368311
4.14511204 0.285123289
2.35909486 -2.99688244
-0.0440942124 3.84805655
-0.236727431 4.08142948
2.6987834 -2.68677711
-2.93383789 -2.75436473
-0.11022713 -3.98429394
-2.60157776 2.86142039
-0.126666471 3.79303288
-4.16759729 -2.99288034
-4.24953461 -0.0432393104
-0.226724684 4.08229685
-3.00894642 3.0025301
3.06187201 3.01133442
2.51381063 2.34984279
4.21193504 -0.0769968405
-2.90912533 -3.18519545
-3.02043581 -2.80288172
3.23768568 -0.463056058
2.8717165 2.79572892
2.8013196 3.2560153
2.67875171 2.89749908
-4.06423759 0.00528636016
-4.25708485 0.216087639
3.70755196 -0.0319255367
-4.15877151 0.255891263
3.70259237 -0.412279427
-4.33007526 -0.324304134
0.106021896 -3.65329051
-0.0525092259 4.05695438
2.65806437 -2.74289107
2.89019227 -3.01318359
-0.402338356 -3.88791037
-3.75377607 -1.16613424
4.21521473 0.271302283
0.155885696 -4.02061844
2.81715059 -3.17502356
2.83991194 -2.68620181
2.60475421 -2.60009265
-0.102536358 -3.98109674
2.59986472 -2.65927148
3.80184364 -0.1045781
-0.113220841 3.77791357
-2.99098349 2.71095657
4.17297983 0.246697098
-0.476359189 -3.92424607
3.65820551 -1.33692217
-4.27312517 -0.321312428
-2.96276665 -2.99256778
4.1309247 -0.259545028
0.147349417 3.60056376
-4.1968174 -0.166776299
2.73392272 2.77327299
-2.57746339 2.56733847
-2.77359915 -2.70977402
-3.12999749 2.03745055
0.72642231 3.44019389
-2.94437456 -2.80355334
-3.98656511 0.200510114
-3.01966763 -2.39945197
2.53378725 -3.07200003
-0.173316598 3.83807755
-0.282931745 -4.13814735
-4.47505283 0.436073929
-3.66548753 0.0104171876
0.168121487 -4.1028738
-2.80745244 -2.87935376
-2.84339094 3.08703232
3.59530234 0.295035124
-2.79639149 -2.64737439
-0.233368963 4.08425903
-4.27607632 -0.117299974
4.22604227 -0.306354016
3.09327626 -3.1532197
-3.90984583 0.0719032735
-3.45155263 -1.86949539
2.74952126 2.75185418
-2.98490572 2.97134089
2.74915195 3.15181947
3.11425662 2.8437767
-3.9968996 0.168290168
2.76628518 -3.04733014
-0.887644529 3.98730087
-3.04012895 -2.82889175
-2.69019103 -3.24336672
0.293463826 -4.1346817
-4.23382473 0.199969232
-3.31070447 -0.759565949
-0.00749222934 3.67650318
2.907655 -2.2230978
-3.07933569 2.98130393
-3.87618327 0.32833752
-3.30729151 0.90844363
3.09272623 -1.92508376
-4.20785618 0.268634439
3.08038235 -2.79273248
4.24908924 0.060814321
-4.12804699 -0.276353061
2.77368236 3.17900229
-2.93204737 -3.07555771
-2.62084866 -2.73485827
4.37213182 -0.315998733
-3.64822125 0.00631769747
-3.66863346 -0.0003971681
-2.94288588 -3.25400567
3.00335622 -2.98721218
2.93647647 -3.26141524
-0.100004651 -3.82033205
0.770554721 3.94300127
-2.60196114 2.59475565
-2.72272897 -3.07003927
0.292736143 3.73459268
-3.57495165 -1.28766608
-3.94740963 0.157163188
2.60634089 2.65747523
-3.16178942 -2.73671484
0.4311755 -3.57709384
2.84705114 -3.1835382
0.00312745571 -3.70197868
-4.32316494 -0.0809255689
-0.0528098047 4.19166613
-0.245662868 4.01972008
4.34260082 -0.121371567
-0.300225705 4.08673477
-3.95154715 -0.229423285
-3.02475381 -1.70506465
4.06740999 -0.858250678
2.55492949 2.64147902
-3.79985642 -0.114583619
2.70052743 -2.83743143
-2.81869841 -3.16574311
-4.09633303 0.196340188
-2.95197153 -2.55328989
3.55973864 -3.08691144
-0.00580986217 -3.64962363
2.69310808 -2.65452552
3.86769032 -0.127268046
0.254848212 4.23775434
2.68004084 -2.64965868
-3.14672208 -1.42919326
2.72870135 3.18175793
-2.62282705 -2.38698816
3.97006464 0.215606287
-2.84217048 2.20219588
-2.99592257 2.68056059
-4.25451851 -0.431802452
-2.7513299 2.817101
-0.0152827976 -3.68539453
2.57134986 -2.90871096
2.7897296 2.87321591
-4.02697182 0.197694972
2.9962492 -2.67225456
-0.131308511 -4.27298021
-2.77988672 -2.52012825
-3.91120338 -0.176085368
-3.73797131 -0.596367776
-4.22009706 -0.110081226
-2.79379153 -3.0951004
3.70478415 -0.0248434544
0.292806476 3.56493115
0.125559181 -3.93505716
-2.77431488 3.2804296
0.312816203 -4.28545189
-2.61602712 3.28822041
0.419349164 4.00099945
3.70955753 -0.00256833062
-0.355693072 -4.21007824
2.55814457 2.64367795
-0.0131270653 3.74603844
-2.81980705 3.28605294
2.97727227 -2.67980123
-3.23213625 3.30023909
0.0436010584 -3.75684214
-4.04338169 -0.178100139
-3.22714043 2.76294541
4.24976349 -0.323741049
2.68467593 -2.75585794
-2.77632713 2.57640696
2.65318441 -2.79846501
4.18673706 0.0675852895
-2.2013669 -2.70043373
-0.0509225652 3.96058416
3.62465715 1.75874496
-2.86376023 2.27797341
2.72213387 2.61743951
3.06002092 2.97129416
-4.17828846 0.0293762181
3.89102507 0.0828128904
-4.02247953 0.177349687
2.62985921 2.96126294
2.70434403 2.67773485
-3.05287647 2.57311296
-3.57031202 -1.32556069
-2.94305229 -2.7467289
-0.0688591078 3.59360623
-0.0854800195 3.90748024
-3.73337889 0.20199734
2.7605145 -2.9262619
3.58238506 0.960198998
4.27108192 0.110724807
-0.072558783 4.33953953
-3.73947835 0.0654662475
-4.07555151 0.00235395227
4.05544138 -0.0810483694
2.94596958 -3.10582185
-2.83502531 -3.18679476
-3.77282286 -0.0931042582
-3.0941565 -2.79338264
2.92999649 -2.51654291
-3.02016449 -2.70402098
-2.9649775 2.67207575
2.67251611 2.8741641
-2.75932717 -2.7092061
4.23445272 -0.0846253112
4.18218136 -0.460759044
0.0158346519 -3.92087841
-2.3417685 -2.68160129
-0.0355875306 3.60315871
-4.06206179 -0.264342725
-2.98326468 2.67653847
-2.37417483 -2.82725811
1.93868768 -3.38904285
3.28550887 -1.25228179
-2.67156291 2.91187906
0.176317289 -4.01773071
-2.85433292 3.30971265
-0.0209390968 3.8996613
2.75617862 -2.36136007
3.03266287 3.06147385
3.00111198 2.86907244
-0.136370763 3.97384238
-2.86733007 3.22809124
2.60369205 2.79687929
3.02729177 2.86090088
4.11172628 -0.0524046347
-0.363661766 4.25422812
2.65412378 -2.73625875
-0.0417828523 -3.93355298
-2.9318924 2.88100433
-4.15867376 -0.0084921848
2.93039465 -2.87231445
2.7383821 -2.416394
2.73374891 3.17314124
-0.122005537 -4.31834316
-0.171760604 -4.2602644
2.58324957 -2.71492219
-2.58212829 3.27606678
-2.68989325 2.98701644
0.884962916 3.4681921
-2.95730472 -1.61217546
-0.625234008 -3.5399766
3.82940745 -0.142446727
-3.89794588 -0.310174376
-3.31642246 2.60177922
3.58946323 -0.404727817
-3.14764285 2.6776824
3.25951529 -2.79142022
-0.228105605 4.31344414
-2.9613781 -2.91004038
3.75966978 -0.0631064251
0.135107055 -3.92239475
2.59503388 2.52821445
-3.90191579 -0.173182502
4.23481274 0.343506634
3.72894382 -0.0936718583
-1.79574013 -3.09201312
4.04784012 0.081249997
2.69852066 3.02147174
2.9281323 -3.093894
-3.31181622 -0.953711033
2.62716198 -2.65024257
-3.32849836 -2.46086049
-2.66559839 -2.90391874
2.77676868 -3.20481634
0.411275029 3.6663456
3.70948458 -0.01662031
-2.95183897 2.67261147
-4.42325115 0.313523829
2.9109652 2.81234527
-2.91362786 -2.98359919
-3.47089505 -3.52593946
-3.79085684 -0.0415580384
0.350216389 -4.38320351
2.99135351 -3.00065279
-4.49875784 -0.228829801
-4.00464249 -3.08481976e-05
4.15819311 -0.967481971
3.36226368 -3.12977552
-2.99747968 1.74930418
2.95220613 -3.09492683
-2.7252934 3.06386471
4.17026377 0.298705012
4.09557629 -0.106601194
-3.09839725 -2.74471855
-2.81904316 -3.30382943
-2.994663 1.58425176
2.62850952 2.99013329
2.66093922 2.71812439
-0.0385883637 4.17969656
-2.76371193 -3.15078783
0.650808096 3.78180599
-4.2699666 -0.15999575
3.42180657 -3.19757748
0.0426870026 3.78249168
1.76386094 -3.15621114
-2.22130394 -3.44027138
0.291567743 4.07220078
3.91617632 0.816445291
0.0841905177 3.89364457
2.59461355 -2.71347904
-3.05429554 3.11541128
3.71655965 -0.00867049024
-0.220284387 4.07116127
-2.92871547 -2.74297094
0.218648538 -3.84632111
-2.54325438 2.65879631
2.5946846 2.68744755
2.80894113 -2.93810463
-4.05386209 0.185715109
-0.0505117401 3.73633671
0.00905296672 3.8476429
-2.788445 -3.15838528
-4.17876768 0.135474324
-3.04310751 -2.78196645
-3.77341723 -1.35161853
3.22255325 -2.8894434
2.13398528 -2.3410027
2.27318525 3.22823143
0.0996637791 -4.0093441
-4.21875715 0.418464005
3.87770319 0.135697037
1.94985366 -2.7884202
0.10516905 -4.19340897
-3.83890772 0.0204473566
4.22140121 -0.0123921186
4.25371313 -0.0278011262
-4.1918354 0.298410773
-3.01508713 -2.90676212
2.80322647 3.05617929
2.77718067 2.62977147
-3.14637494 1.61600661
-1.54328513 3.90643549
0.120598905 -4.26684761
2.75271749 -3.11574078
2.94084024 -3.06212139
0.0860819295 4.12082291
-2.78408623 -2.81778717
4.03258801 -0.141247466
-2.74121737 3.0097518
4.17930889 -0.0816102624
3.68215227 0.299867928
3.84155488 0.00351005793
0.145800531 -4.1530509
-3.27125216 2.1135757
-0.346714914 -4.2209034
-3.82238436 -0.132594928
-2.78809094 -3.19453716
-0.877940953 3.65920591
2.75386858 2.82065153
2.79560661 2.75178647
-0.0532643087 3.69908404
3.21024275 -3.10827351
-2.59438682 -2.60870767
2.79116249 3.3634851
-0.0487772152 -3.72414303
0.266161323 -4.14749384
3.62425756 -0.27364552
-4.36389923 0.0722956657
-3.11419964 -2.85828257
2.65354085 -2.65529203
3.20811558 2.74722981
3.69443965 -0.273128122
0.101894692 4.29623175
2.70749426 2.83421803
0.0540304407 4.11290503
-3.19666314 2.87228632
3.39767528 0.979475617
-3.03873348 -2.7174089
0.0483280011 -3.7162292
-3.8752203 -0.000540771522
-2.59417248 2.62620354
2.64134264 2.66946125
-4.39671803 0.412607908
2.82105589 -2.78719091
0.0571899638 -3.77749038
-0.271864712 4.08902931
-0.223853007 -3.98848963
4.01135731 0.161041051
-0.918896556 3.65324378
0.0325225443 3.76276565
1.64203715 3.01737618
2.78708792 -3.11772108
-4.20866919 0.169062778
-0.0302166268 -4.3652544
-3.38276029 0.789901376
-4.05268955 1.00887871
0.0723600984 3.90816784
-0.283371031 3.87620211
0.16057083 4.72809172
-4.20882273 0.324242145
-0.0943638012 3.76330853
-3.75824928 -0.0944723636
-2.73768139 3.18288612
0.0100184744 -4.22149277
0.554796457 -4.11419964
2.58916664 -2.67068243
2.64857578 -2.6587615
2.83214092 -2.75210905
3.93364525 -0.0479797982
-0.0699441582 -4.14326239
0.0805336088 -4.01440525
-0.0290126912 3.8918817
-2.60458946 2.59740996
-3.34862709 -1.93775964
0.0750102103 -3.99881697
-2.50067449 -2.74825382
3.01341867 3.11821222
-4.03196287 0.200670019
2.65537953 2.61210966
-0.192448884 4.12789488
-0.491855979 3.86569881
-4.30526447 0.0242520124
3.40238166 0.916597188
-2.91870832 -3.14864349
-3.24065685 -2.76546288
-0.620454133 -4.61647701
-2.61777735 -2.55129194
3.11893368 2.02090549
2.00936747 -2.73021746
2.5783658 2.62786055
-0.566891849 3.94278955
4.1384778 -0.246156245
-2.62092948 -2.36226749
-2.61241436 -2.66808939
-2.92268133 -2.88843966
2.73748493 -2.92681408
-3.28902745 -1.44729102
3.25623798 -2.8400979
-3.00401878 -3.76556301
-2.71102023 -3.05658102
-0.0594194308 4.21121407
2.72532153 -3.14593387
-2.86927652 -2.86906362
0.171862513 -4.15705729
2.6581707 -2.84892941
2.77023029 -2.65593719
-3.92492604 0.165174693
-2.87823844 -3.10721874
-2.66090393 -3.03589272
3.83423209 0.0313898474
-0.0623586215 3.72712255
4.12718153 0.0101809651
3.70002103 -0.00875641126
-3.33028531 2.4261837
-0.0847155303 -3.84420586
-0.00250942819 3.73532438
3.7551446 0.823367834
0.347818851 -4.21936607
-3.86075664 -0.158999845
-4.14115191 0.202020228
-2.56457281 -2.3549583
3.0401566 2.59440565
-0.10927739 -4.00799656
2.59593296 2.76038766
-0.0422693044 4.24755287
-1.82396865 -3.00491881
3.70998192 -0.0484928191
0.13824743 4.00947857
-3.89584231 -0.0225213282
-2.79025578 -2.93185735
3.1583159 -1.70646298
2.71753645 2.90181637
0.0131657831 4.16602659
-0.0058414042 -4.17050648
-4.14163685 0.0614585802
-2.73602414 -3.09841156
-0.182807893 4.08673334
-0.0816320479 3.90071487
-3.05966091 -3.02819872
4.03638744 -0.321959078
-3.90212083 0.0155308601
0.469461054 -4.42316389
-4.08513927 0.228597343
2.65921712 2.904603
-3.16808105 -2.76048136
3.04535866 -2.91468382
2.80334949 2.79062033
2.77763247 -2.96315742
2.67753267 -2.71070433
-3.24719024 2.41461635
3.72098589 -0.077080518
2.94396067 2.77513361
-2.88061857 -3.27320814
3.43168306 -0.726819575
3.09004784 2.80246973
-2.58311033 -2.53247929
2.70611906 -2.6489017
-2.70443702 2.91208196
-2.93596792 -2.82368636
0.231229931 3.96860504
0.069117941 -3.79722571
3.39686394 0.972981632
2.73095989 -3.2199471
-3.59381223 -0.648881376
-2.31915355 -2.85207057
-3.74824071 0.0525747277
-3.94309282 0.284999996
-4.22681141 -0.0825906396
-3.06121993 -2.83817863
0.172125563 -4.0226779
4.16105795 -0.222172067
0.88285464 -4.15959311
2.55072832 2.88727856
-0.239040375 3.87371469
2.74260855 3.11687756
2.94701171 -2.68540573
2.8854413 -2.66414165
-0.285316229 -3.84578848
-3.80677509 -0.143160701
-3.16755009 2.75367713
2.66857958 3.1083765
0.0206746589 3.90939426
-2.75864053 3.16185451
3.66928315 -0.199160904
-3.8240695 0.0392715372
-2.99353361 2.24531412
-3.41048622 -1.40253913
2.90023899 2.72357559
2.91387391 -3.14367604
3.97750092 -1.89618516
2.64847064 -2.69463015
-3.15686417 2.73657608
-2.80914807 2.93541121
0.0997884572 3.94387269
2.36926055 2.86452579
-0.0881353766 -3.79503298
-3.07078552 -2.71534991
-4.2407217 0.0870122388
0.349607199 -3.65211201
2.60421801 -2.66959167
0.154201835 3.96586847
2.51842785 2.65416288
-3.06735563 2.7540369
2.85037327 -3.00740194
-2.19478655 3.04101443
-2.90079713 -1.79289448
-2.81468916 2.60670519
-3.2117188 -2.94241405
3.70295048 -0.632460833
2.97458458 2.98273516
4.87676907 -0.076433599
-2.97231603 -3.01315832
-3.89903879 -0.252435982
3.38951588 -1.27473283
-3.86572194 0.307209492
-0.401077449 3.61908746
-2.69378471 -2.62986493
-0.0541027337 -3.84181118
-2.12614703 -2.90250635
3.00887156 2.70074558
0.14613241 3.93590999
-3.11686134 2.67288637
3.031672 2.52770615
-2.93174267 2.72137833
4.30545568 0.243623793
3.07430744 2.78487301
3.52686143 -0.842872441
-2.98516893 2.96489644
-3.72290611 -1.34822989
2.77746654 2.3724854
-3.18028903 2.74533558
-0.0390332416 -4.43622589
-2.63399625 -2.98270893
-3.7071979 0.00199566502
-3.06570864 -2.8601923
-0.0825332999 3.63649845
-0.0385329239 -3.74488688
2.86868429 0.00860237516
-2.82259941 2.73920846
0.0189871714 3.7396276
3.94786644 -0.114987329
4.09199286 -0.0343734622
2.8320601 -3.31744099
-4.60404873 0.239467591
-2.89019775 -3.14090347
-0.242864326 -4.23081875
-4.22496605 0.141393423
2.8879354 -2.98435712
4.22312212 -0.230727404
-0.196474776 4.38110352
3.2028861 2.7445972
-0.256649464 4.07543373
-2.78097296 -3.17024136
4.25120926 0.342445552
-2.67497015 -2.91214252
3.33074951 -1.25935292
2.8896699 2.61431885
2.88147187 -3.00704288
2.79728937 -2.84383488
-2.65783811 2.69259691
-4.25643921 0.139931321
-2.63780713 3.30401778
-4.2755127 0.337780267
4.28581142 0.0188481156
-3.43938541 -0.975879729
3.54802227 1.0127188
3.40894961 -1.39539111
0.494887412 3.75652432
-3.12952924 3.02260232
2.85163021 2.30993152
-3.21434402 -2.90873432
-4.28266621 -0.214560851
-3.11220956 -3.04706407
-2.73279238 -3.04713583
0.00118765607 -3.67844725
-3.24501467 -2.56385016
-3.17223215 2.82334614
2.6106298 -2.54646707
3.73273969 -0.0409631431
2.6269803 -2.8381114
3.91624212 -0.164893806
-2.78995752 3.21188068
0.00448141992 -4.15594578
2.6006701 2.62559152
3.86787391 -0.114664093
-4.17783356 -0.210889399
-3.40375948 -2.84038806
-3.05182838 2.97334981
2.6714592 -2.69239569
-2.82211542 -3.2009728
-0.0104389116 -3.68909311
0.372898221 -3.71735072
-4.19749737 0.208528697
2.86859465 -3.15026712
-2.90389347 2.65818357
-3.78844166 -0.123499632
-3.14324617 2.8737154
-0.0319508389 4.40941525
3.38306379 -1.27576041
2.70924044 3.18869686
-0.359335482 3.54873586
3.82646561 -1.24831533
2.87363577 -2.74608159
3.05389023 2.96685266
3.47312164 -0.662720621
-3.93526149 0.123749472
2.91512871 -3.21368194
-0.615433931 -3.76243973
-0.135077432 4.31196928
-2.90940714 2.67643332
-4.11391687 -0.116744757
-2.96321177 -2.82915449
-3.06701422 2.708601
2.80707455 -3.07821369
5.1040616 0.442371577
-2.7650063 2.63201046
-3.87875605 0.102651067
2.53012943 2.90856957
3.65137887 0.751029313
-2.6168704 2.68361354
2.5815258 2.63917756
-2.70881677 3.03778076
3.77502203 0.209411964
-0.319428384 4.2245903
4.08650684 0.170547724
4.10290909 -0.247774482
-3.08581448 2.15159869
-2.50765467 -2.29138422
-3.67611885 -0.324100345
-3.91572213 -0.112013385
-4.28139496 0.0927684903
-0.0704356134 -4.22244549
-2.91981602 3.03048372
-2.2746675 -3.06980658
3.61329722 0.00344418362
-3.75854349 -0.105015263
-0.265915781 3.98257875
2.65705323 -2.71978712
2.78937101 3.1749773
0.176799089 4.15972424
2.86981988 3.06435513
2.63459969 3.00553322
4.10086012 0.0291771945
3.00017166 -2.99852395
-3.85486746 -0.263421655
2.5973084 -2.6688261
-0.074199453 -4.04372644
2.61118412 -2.81708384
4.10158205 0.0413568616
-2.73468447 -3.04763675
-0.067485258 -3.81403756
-2.69820309 2.99251342
2.77180767 -2.85846782
4.12409496 -0.105249718
3.93407822 -0.22572048
0.402416319 4.47679663
2.42477036 2.85953999
3.50484753 -0.977876306
-2.6526897 -2.61790705
2.96473432 2.67677879
4.03655672 0.0740838423
2.71488714 2.29896212
2.56053734 2.67176771
-0.152791768 -4.23965931
-0.0369615294 -3.74013758
-0.024777893 3.99509716
0.0554852001 -4.09065676
3.11390662 2.97922325
3.29624128 -2.85349655
-2.68628049 -2.63780403
-2.8961153 3.21131229
-2.82818651 2.6502111
2.76415205 -2.80599999
-3.07563496 2.99438953
2.68751121 -3.14238119
2.8269155 2.79089642
0.0737122744 -3.87666464
3.1597662 -2.69429445
-0.0207931176 4.73857832
2.69275355 2.79979467
2.9263308 -2.76689625
-2.60746574 -2.64937401
0.593741179 3.70524192
-4.16469336 -0.289880335
2.53689432 2.65352201
-0.0257757343 3.65794134
4.03244781 0.513258874
3.08577394 -2.74893212
-2.77594423 3.199018
-0.302409947 4.15174723
3.7069931 -0.0126189161
-2.9956367 2.95082855
3.80433846 0.268234015
2.54036045 2.7050066
2.83871603 -2.8381331
2.75958109 2.60530853
4.06471539 -0.0668195188
4.18488359 -0.038087178
-0.0342915729 3.87587333
-2.82759619 -3.21883678
-0.424767077 -3.81445122
2.95933533 2.74196625
0.2766563 4.26350498
2.6762259 2.63735104
-1.99614906 -3.53916216
2.60146141 -2.8150568
-3.01625204 -3.22263002
2.83414984 3.17292738
-4.26875687 0.33106181
-3.22876811 -2.86810637
-2.55893064 2.55863643
-0.353473127 3.79224205
2.85814428 -2.65380597
-2.63639617 -2.76610708
-3.38592553 -3.35572481
-0.0410616621 -4.01892948
2.76218319 2.5967052
2.68125677 -2.7116425
-0.0649511963 -3.83412814
-3.91282463 0.144979954
-3.09384584 -3.03423095
-2.93706751 -2.96629715
-4.75609255 0.399632633
-4.28224754 0.19168292
-3.83029532 -0.211044297
2.62453461 -2.72798443
-2.85583067 2.78292298
-0.0364602283 -3.96580076
4.56782675 0.0077894656
3.49392366 1.18863189
0.29808718 4.16246986
-2.71991205 2.64745998
-4.00387955 -0.243789896
-0.101007663 4.24993753
-4.10221338 -0.277548522
2.67058039 -2.95474005
-0.0619468577 -3.83446121
4.04332495 0.206241161
-0.406943023 3.79800892
-0.302960873 -4.06861544
-2.76146293 2.96729636
2.52353406 2.8825531
-0.0033494106 3.875916
4.04281425 0.20191063
0.0780407786 4.12390327
-0.242614955 3.49672508
2.76852393 2.18523383
-3.93339753 -0.024299819
0.0393364504 4.25057173
3.00532722 3.17657185
-3.81315804 -0.756768942
-1.24858606 3.11885023
-3.8609283 0.126536906
3.19590712 1.12137198
2.70936155 -3.21065497
2.61124921 2.94255757
-2.09915328 -2.79426193
4.23733377 -0.310762107
2.60471106 2.63439846
-2.77563262 -3.16812372
-0.00250311987 -3.97263527
-4.01838732 0.0695762336
-2.72131705 -3.09903336
-1.04466867 3.68029547
-3.9767909 -0.129845217
2.82705569 -3.13487673
-4.05970764 0.0694091022
2.92927957 -2.87849045
-2.77332973 2.87451267
-0.100208439 4.39920235
-0.621879101 3.77316594
-2.99381304 -2.83956146
2.58529854 2.65639901
-3.88305283 0.190098852
-2.84632397 2.64981842
3.0340414 -2.51315832
-0.121659264 -4.16399479
2.9065814 -2.67500687
-3.44518304 0.355185807
2.71589422 -2.66301441
-0.0424516052 -3.68053675
2.79627466 -2.95269585
-0.226579577 -3.94489312
-2.82124424 -3.19550276
2.97117686 -2.73345327
-3.68538356 0.142169967
-2.71383429 -2.97172952
-2.83843398 3.06860948
4.02580643 0.730252385
4.10544443 0.166839242
-4.36884499 -0.292065293
2.52811217 -2.48882771
-3.6458292 -1.85758948
-1.15835285 -3.38915062
-2.84939885 -2.80852509
2.82958317 -3.10583186
-2.37728596 2.8619709
-0.314995587 3.47523379
0.23531878 3.91857982
0.00513053313 -3.68820548
0.0979533792 -4.38618135
4.25477123 0.0380503796
-0.042312108 -3.99178076
0.0294252709 4.21661854
-2.61713719 -2.69607568
0.00161495805 3.71287322
-3.95145631 -0.257708281
-2.68335032 2.78696823
2.78650045 -2.72713614
2.92331457 -3.08716536
-3.80859756 0.00238863844
-4.15247154 -0.0527245961
3.72958517 -0.0913253576
3.79747343 0.07202968
-3.98378515 0.113248207
3.15470266 2.72956324
3.32464314 0.96262306
-2.92861462 -2.80105853
-2.11142612 -2.73936272
-2.82072163 2.93485522
-2.4690299 -2.72916937
0.395241708 3.80275011
-3.83091092 -0.000931512564
-0.371632934 4.26662445
2.93041372 3.05231261
3.74744201 -0.0986224562
2.77407241 3.24325895
-3.53122616 -0.601872265
3.99337935 -0.197323024
-3.11216545 2.72493482
-2.78007698 -3.18165207
-3.28836107 1.73986828
-2.6553812 2.30005264
2.74391627 -2.52807188
0.162177667 -4.17490959
-2.58284593 -2.61742091
-4.06683922 0.201634079
2.54129434 2.6504693
-0.1110484 3.85522079
-0.0498051643 -3.9235003
4.11909962 0.148431063
2.86885452 2.90374756
-4.24478149 0.352828443
2.06858945 -2.94784975
-3.38383532 -2.32426429
-3.0804472 -2.51377296
0.00271382928 -3.79292917
-2.60817671 2.59899545
-3.95511222 -0.257507563
1.43212676 3.66923332
-1.16161728 3.31510139
3.09334397 3.05681443
-1.889961 3.48071718
-0.0779017285 4.25439596
-0.0691442564 3.71904612
-0.0613339171 4.14886713
-0.106076673 4.45464945
2.45172739 2.82768631
-3.42815256 -2.80531597
0.384987295 3.63580871
-0.00703813601 4.32793617
-3.27464199 -2.48858714
2.74038553 2.21208787
-4.16062498 -0.135503992
-2.77834415 3.16477633
-3.68484139 -0.016233135
4.1342783 0.0204989761
-2.63594437 -2.83828092
2.71788883 -2.71232462
2.73640108 -3.12791371
-4.0101552 -0.407821208
-3.13801885 1.43567383
2.50534081 -2.49108601
3.7630465 -1.19608521
-2.09317517 3.27236176
-2.74188972 2.68922186
2.96011615 2.86728263
-4.24697351 -0.243252873
0.667113185 3.61198139
-2.95762253 3.02268004
4.00090218 -0.162637711
3.9908638 0.861917973
-0.0316943713 -4.27102804
-3.7931726 -0.0240635481
4.30583858 0.04309991
-3.38297224 -0.703225315
3.76443052 -0.037628442
-0.124572553 4.18363237
-3.09857154 2.71265936
2.71978951 -3.20634413
-4.24820757 0.18165192
-3.76130867 -0.84313345
-0.0645850003 -4.1808486
0.0530677922 -4.07546949
-3.68020511 0.00881279446
3.21851254 2.50445724
-3.012182 -2.80367374
0.0329410322 4.14038181
2.68366361 2.60998607
-4.18940401 0.120216936
-2.84523678 -2.66834855
-4.27304459 0.202257097
-2.81748629 3.07796907
-3.80017376 0.0985355228
2.98848486 2.03126717
-0.20851934 4.07824707
2.9490099 2.98932457
-2.6505537 2.78513455
-0.0309755746 4.20559883
2.81462193 -2.69304347
-2.80441332 -2.14575768
-2.78122115 2.96907687
-0.263706237 4.27313137
4.05739117 0.162606955
1.39247012 3.21127963
0.3588956 -4.30125666
-3.6565876 0.00479565561
0.0421274081 -3.76192355
2.71562195 -2.64323378
-0.308821529 4.41719818
-0.332965434 -4.18251848
3.68215299 0.0754877776
3.1871233 2.97735739
2.76689816 -3.25127983
3.12542224 -3.07016659
3.0860076 -3.01367927
-2.55176401 3.34712625
3.07742596 3.05044937
-0.29655695 3.97270012
-3.06302834 -2.89448404
-3.07200861 -2.9475193
3.00109506 -3.27428627
3.99081659 0.565441012
-2.72554779 2.93367767
3.98378468 0.112565681
3.20222831 -2.7659781
2.66793418 -2.80995584
-0.52110213 4.00066233
3.43078637 -0.690370858
-3.4853673 0.364718765
2.88219976 -2.11634636
-2.76204967 -2.65883827
4.11258221 0.283765197
-3.26311874 0.798315048
-4.05987024 -0.21366708
-2.70009851 -2.74102068
2.59589696 -2.73855448
0.263308376 -3.98627949
-2.6270299 3.22196913
3.33569527 2.39757204
-2.59580016 2.63728285
-0.657335401 4.18128109
-0.0575449504 -3.96974993
0.229110375 4.06478691
2.60571718 -2.65703726
0.127279013 4.13966465
2.82468128 2.72580743
-2.65658355 -2.91504836
0.195500091 -4.07449436
2.97901058 2.9212923
3.25614572 1.56156802
0.212306082 -3.85547543
2.77689981 2.91345549
-0.226825416 4.07191944
2.84691191 2.19241357
2.63764811 2.61566782
-2.6000123 -2.6136508
-4.5597353 0.108778849
-0.033426553 3.75308967
0.0507986806 3.81616378
3.92743635 -1.21382976
-2.62275481 2.55211067
2.59164953 2.84711719
-0.33544451 4.15169859
-2.92600203 3.16376781
-0.223864734 4.16977644
4.00828648 -0.192088902
2.68421435 2.80525041
-2.68245149 -2.62789726
1.9680804 2.93428016
2.59769344 2.76704431
0.0491548888 3.79979491
-0.227836072 -4.02497816
1.09057653 -3.40250945
-0.00808217004 -4.33899355
-0.149854392 -4.28883171
-2.92693734 2.79138875
-0.362531126 4.11842203
2.74247169 -3.07261109
4.03560734 -0.0924217552
-2.49492598 2.66180801
-0.336560249 4.33446884
2.87426591 3.06711674
-0.0353198722 -3.68864107
-4.29414749 0.418219596
3.15107226 -2.97860098
4.18853092 0.105005689
-0.0341217704 3.6444931
-2.91062808 2.95454097
3.97767544 0.163848281
0.283531427 -4.29527378
3.17709255 2.87808037
-3.69712996 -0.0163268931
-2.8516655 3.26022744
0.155379564 3.97477841
3.15554476 -2.91290808
4.23798847 -0.216682896
2.63015223 2.62573576
-4.04479599 0.0234820284
-4.13196135 0.189961731
-0.133847892 3.80073595
3.70684147 0.0302718021
2.67956734 3.06948614
0.182723433 -4.28272104
3.07258272 -2.57792354
-2.76021528 3.18923545
0.120867051 -4.25286722
-0.210726425 -4.42710972
-2.8745203 -2.67997336
-3.61706877 -1.64115167
3.87988019 -0.157871634
-2.94905281 -2.77085686
-4.14044333 0.41710037
-3.15047121 -2.92540359
3.09376383 2.70763135
2.71596694 -3.12176728
-3.94780159 -0.0486821346
-2.74760151 -2.07920074
-2.78364944 2.7609551
-3.74269772 -0.623854518
0.066937916 -3.96291828
3.01943779 1.83345938
-4.26603413 -0.007937124
-0.228188157 -3.56282759
3.14702153 -1.91315913
3.73742032 -0.120557755
0.0839695185 3.93227291
-3.56366014 -0.0984298736
-4.15845776 0.333916485
2.82670832 2.4893198
4.20686436 -0.267023981
2.94009638 -2.03311849
3.47532272 1.89977551
2.59937835 -2.67785597
-0.0602784753 -3.71019149
-1.02138233 3.61218929
-2.49312139 -2.8184247
-3.82507706 0.139606729
3.28833151 -3.07038355
-3.02674556 -3.14324021
4.08330727 -0.220648915
-2.7320919 3.10181475
2.83888054 -3.39540911
-3.31301761 0.744317591
0.111911625 -4.0146637
4.2355051 -0.214824677
0.0140508376 -4.25573158
-0.228203386 4.03980398
4.13012314 -0.0667650402
2.81191158 3.09766483
4.01412487 -0.295510054
-3.15991712 2.8293519
0.231391251 -4.08974981
-2.51152182 2.56516528
-1.15662456 -3.76761389
3.85158873 -0.40832299
3.03457832 -2.5626452
-2.73770523 3.10667849
4.10821152 0.00399145205
0.0124699753 -3.99165821
-4.41691303 0.761082411
-3.67153788 -0.00711834151
-2.65145683 3.06425953
-2.6357193 2.79695153
0.13317658 4.30259085
-2.8449688 2.95845747
0.0495460443 -4.09327221
-2.71186924 3.0478754
3.59855318 0.222956508
-2.90600491 3.07621193
-3.86516786 -0.0287473723
3.04470038 1.70172763
-0.181745723 -4.20890284
-0.0410044268 4.26434612
-2.25866842 -3.42776823
-3.83649683 1.17394912
-0.107129827 -3.80790424
1.25948954 3.62735605
-4.12595844 -0.287183762
4.21949577 0.306360841
3.97352839 0.0695040375
-3.22368336 2.94533324
2.64729071 -2.64645791
3.14403629 2.9636519
-0.105809085 -3.78590488
-0.116660312 4.51600409
3.77442241 0.0239708312
-2.60224986 2.74779534
-0.155697316 -4.0084219
-3.05548 2.70448732
-3.180233 2.74457121
4.02035189 3.49195528
2.95313787 -2.99588609
4.36572456 0.431655049
0.00519467518 4.07905817
0.134373218 3.98920417
1.86077738 -3.04626465
-2.69976974 -3.18896294
2.63786626 2.89021063
2.88973498 2.97280693
3.89145708 -0.26038608
3.10293102 -2.94711471
2.8892827 -3.11510825
0.577742875 4.02830696
3.13267517 2.98973989
3.455405 -0.661289513
-0.0078810975 4.05552197
0.0932486132 4.07754755
3.62080741 0.671261907
0.0475268252 -3.72677135
-2.58533907 2.61529374
-2.74681973 2.63962698
-0.0403627157 -4.02997828
0.14187327 3.89032888
-0.284404516 4.1032052
-3.05954862 3.00215197
2.82079172 -2.88838911
2.10732388 3.33236265
-0.659512043 3.41527843
-0.142465115 -3.87225413
-3.00721359 -2.862113
0.777386725 -3.72452331
-0.196948007 4.25978184
-0.118446484 -4.20040798
-3.47804379 1.35433519
4.29910564 -0.0992911309
1.78892589 -3.5594821
4.03181648 0.161757544
-0.0688786432 -3.63770199
-2.43262362 -2.83599567
-0.0408524051 3.70903683
2.85476327 -2.90645504
-0.243563011 -4.1765728
0.00180320069 4.1132226
-0.154039249 4.12533617
3.12004972 -3.00364256
3.75698853 0.794834316
3.04459429 -3.30657721
-0.220897958 4.29170322
-2.76199555 3.18066692
3.7617631 -0.243737161
-3.75819564 0.031760484
-2.37793756 3.29692292
4.36364031 -0.323028684
2.59690356 -2.65217066
-4.12484407 0.465841502
2.74200487 -2.66088152
3.04098797 -2.88762617
-2.85334444 2.50748372
-2.87145901 2.08667207
0.0551492162 -4.15113354
-0.284576714 -3.57919502
-2.70414257 -2.80551696
-0.0672585517 -4.17975235
-3.92523146 -0.770564675
3.26729012 -2.74174714
2.85085273 3.02190971
0.655277908 3.93353701
-2.89182925 -2.84180069
-2.93632221 -2.94544649
-2.79168606 3.15792608
2.70167112 -2.68050456
-4.51590919 0.217238456
-0.138795972 3.54156566
-2.80040836 -3.08924913
4.37774658 0.0831108093
-3.14454722 3.01579762
3.93780422 0.0453613847
0.289683074 -4.33140516
-3.24779224 -1.53513122
-4.12947893 -0.283672094
2.84326982 -2.9977212
2.9931109 3.0029068
-3.34498239 -1.83545172
3.85713601 -0.0815254226
0.849909127 -3.49762964
2.60410404 -2.79777265
-3.74795437 -0.0729907751
3.01007032 2.73469114
2.72846293 -2.8879149
-2.57005596 2.56138206
3.54595423 1.47055268
-2.78418446 -3.18530941
-0.0139018791 3.70416188
-3.09381747 2.01528502
-0.144646421 3.91268635
3.92205691 -0.17020902
-2.61684585 2.63815999
0.259209275 4.06135607
-3.78245783 0.0994043499
3.18624067 -2.721138
2.9727149 -2.82221842
-2.78371978 2.64322329
3.15475655 2.78060508
-2.60643435 -2.81026483
2.70207334 -2.65356612
0.237138972 -4.29512691
4.42714691 0.27708441
-2.57551122 -2.59900761
0.187495708 -3.95814776
-6.15487806e-05 3.87209773
2.59449959 -2.68741655
-2.72301006 -3.04832149
3.87180829 0.0808613822
-4.17326927 -0.0287691597
3.06674147 2.74070978
2.54985213 2.64821005
2.6876514 2.64763689
-0.205795631 4.36088991
-3.66568661 0.00885951053
2.72956252 -2.64598274
3.95251679 0.272472382
-1.94315434 -3.38795924
0.120776922 -4.67516088
2.56492662 -3.25532961
-0.172954842 4.13774109
2.92381954 -3.13586092
-3.23888683 2.7026701
-3.66250348 0.00813474134
-3.0058794 -3.03018236
-4.15760756 0.304309726
-4.31574726 0.327577293
-3.0626545 3.10072327
-0.0133290347 3.66862559
-2.65538168 2.79796791
-3.42623353 -2.88663101
0.0152252614 4.01379299
-2.78097725 1.99624979
2.77933145 2.63636327
0.118333191 4.09568167
-2.40689707 -3.35584688
-2.92674613 2.95428753
-4.02321148 -0.757422328
0.414206892 3.50665426
-2.60107732 -2.61180782
-2.9092803 -2.96254992
-2.6391902 -2.85201478
-3.78491783 0.0760055855
2.80024552 2.6125164
-4.0488081 0.14232856
-2.79659081 2.82720876
-2.88241124 -2.9788928
2.65072727 2.95825887
2.38271832 2.53790402
3.47921038 -0.80956918
4.13153791 -0.0777148381
0.0513104908 -3.80676675
4.11809492 0.252027065
-2.8956933 3.08500457
-1.14543092 -3.70595074
-0.212046504 -4.26311731
4.19460487 0.301246911
3.02722621 2.84603238
-4.14711666 -0.247919023
-0.0706257671 4.04950762
2.86808395 -3.12128425
2.91137934 -2.82118368
0.0441672802 3.78335261
3.0455327 3.1140511
0.672490478 -4.26102686
0.0785228461 -4.18064404
2.5910399 -2.58911252
-3.02404499 -3.01293492
-2.52516675 -2.34218884
2.72752237 2.94941568
2.80720782 -2.91853523
4.0643816 0.218698576
2.70568442 2.9639914
0.219395161 -4.22687721
0.580634236 -4.16924238
2.72582293 3.02247214
-3.977005 0.0784015507
-3.97815251 0.238398492
0.448667765 -3.69920206
4.33767653 0.403417647
-1.25172627 2.07567334
2.71192431 -3.18359876
4.10660267 -0.0520895831
-2.86923933 -2.7396636
3.92689943 0.128833428
-4.35255051 0.543230712
-4.23649931 0.237386301
2.81616735 2.77281785
2.59049988 2.69329906
-1.07006633 -3.59551477
-3.19503307 -2.72083926
-0.147394836 4.25318527
-2.77616811 2.84348965
2.90367222 2.48799229
4.14799023 0.279010415
3.66870618 -1.26450169
-3.05934381 -2.98351812
-0.0650826991 -3.77674413
0.242747381 -4.23835802
3.9533143 0.157603472
1.32644963 -3.30642104
3.04158187 2.9371109
3.85205793 0.0495864376
2.36423635 -2.8750782
-0.0553903431 -4.28868484
-0.196427181 4.38075829
-4.08873367 -0.172572479
-4.1042695 -0.246832117
1.70500863 -1.20513082
-2.80033374 -2.29738116
-4.15199947 0.184280574
-3.94049168 0.691305459
-3.83018303 -0.150196165
-3.84956813 -0.00972908642
3.92081451 0.131283998
-3.19199371 -2.81462097
-2.76534033 2.79507685
2.6217978 -2.88655615
-2.8079834 -2.68650937
-3.69942188 -0.0272815321
-3.84439778 -0.015047431
0.14008677 4.85288143
0.015656352 -3.71550512
-3.41315818 -0.554360926
0.455895066 -3.63049459
-0.142179862 -4.05963898
3.45793152 -0.517051339
-2.58507323 2.57947469
2.723176 2.89827943
3.94549894 -0.0434995368
-0.00216295966 -3.9862771
0.406059921 4.2069416
-3.03618336 -2.9272995
-2.35030532 2.88346767
-4.13293552 0.387470484
-3.08187294 -2.97826576
-4.29330778 0.416878164
-3.36535168 2.32483768
3.07215452 -2.82014322
-0.113792799 4.16207409
2.92262387 3.08637357
-4.21902037 -0.297511429
2.79464149 -2.87494612
3.02655411 -2.64652133
-3.02469254 2.72923422
2.03582191 -3.14076829
-2.98122072 -2.90497923
2.73108387 -3.19714165
4.11929274 -0.186307013
-3.6199286 0.0488442332
2.62953806 -2.63955259
-3.02597094 3.18855429
3.30631804 2.4919858
-3.66270351 0.44948107
-4.30033112 -0.237354606
2.99294782 -2.71544313
3.99911451 -0.107278012
0.135457963 -4.00298977
2.92976284 -3.06667089
0.0680804178 3.81717539
-3.82068777 1.06088448
-0.71402657 4.05667877
4.25635386 0.0293022115
4.14668655 -0.138981715
3.04548311 2.13680458
-3.71880245 0.0128888525
2.91082454 2.57096887
0.164275408 -3.83415151
2.86560512 -3.54129028
-2.15521049 2.77592897
3.15252471 2.80245256
-4.47373009 0.358332723
-2.56683731 -3.31057143
0.299172997 3.65290904
-3.70521331 -0.041738905
2.59025121 -2.87067842
-2.99546957 2.96051502
-2.6877439 -2.96868896
3.207932 -2.89972496
-3.17150378 -2.07730556
-3.55397582 1.42547321
3.95068669 0.179237574
0.272305012 -4.27042007
2.43536472 2.80129361
4.03946781 0.382608235
3.01995993 2.64551497
2.39977646 -2.54641151
3.86846256 0.11305882
0.0331840776 4.08288288
-3.04256916 2.9283669
2.7422173 3.17605114
-4.05947304 0.0586450845
0.210291579 3.67133617
-4.2472291 -0.335753053
2.99570322 -2.88264966
3.21598268 2.69375324
-3.51481128 0.180356994
0.0727741346 4.05599117
2.94151402 2.90560889
-4.23408556 0.226869896
-2.57694626 -3.05636215
4.25509167 0.445030421
-2.65334821 2.71155214
-2.89307284 -2.68654966
-3.48866487 -1.31427884
2.56697822 -2.85936236
3.08041787 -2.9409914
-1.45803869 -3.06910372
3.10720348 -2.74621105
3.7332077 0.0486257821
2.65289545 -2.97263908
2.90584326 3.06603265
-0.00571589917 -3.69343495
3.11641932 -2.74085498
3.65186548 -1.3806479
-4.19129515 -0.0344977938
-0.00748491287 3.71902418
-2.59736872 -2.61155415
-3.35902548 -2.91643572
0.0675235689 -3.76442528
-3.87983656 -0.245711282
-0.0554498844 -4.08493805
3.11860561 3.19534588
-4.1711874 -0.0763953477
-0.287192434 4.09447956
-2.67318487 -2.86590719
-2.80179644 -3.13195801
-2.87834263 -2.76694775
3.91609812 -0.0753791034
3.80903006 0.236829773
-2.9670856 2.99324417
-0.171925455 -3.82852316
3.93334413 -0.173010826
4.33555412 -0.0365648419
4.13874531 0.177714303
-2.60564256 2.6827302
-0.00962029956 -3.77902651
2.75465584 -3.14392877
2.56186438 2.45753169
-0.032159023 -3.90252495
2.91699362 -2.92981386
2.71923995 -3.22786713
-0.222268447 4.51604271
-3.46696758 0.940059543
-4.04020309 0.0285314079
-3.82559204 -0.0749902129
-0.184941888 -3.91692495
-1.10995042 4.23614883
-4.04943228 0.126676753
-4.04883862 0.193072975
-0.109024286 3.9942956
-0.266349852 -3.87480593
0.0206887946 3.87505794
-2.77992654 -2.7884593
-4.16845179 0.0666883737
-2.79841375 3.22151089
0.05267388 -3.96102166
-0.0488381013 -4.34002876
-3.83056068 -0.0186299346
3.10328102 2.82760477
0.0274316184 3.74466038
0.176120073 -4.06775379
2.76661611 2.6704123
0.00856903661 3.87235069
2.69877672 3.01434493
-4.19718027 0.182574555
-0.133358151 4.16998386
-3.20854712 1.58292413
-0.0241563469 -3.95428276
-0.0392915383 4.20785809
2.80215836 2.81901217
2.50544214 -2.8856318
-0.00789753161 3.9414432
-2.65549898 2.90789056
-0.168821052 3.75713873
-0.321515441 4.11779261
4.00690413 0.195225865
0.341855705 -3.97999811
3.71073604 -0.0473470539
-4.44203091 -0.398860097
-3.74593592 -0.0741597638
-4.3284626 -0.274334848
-0.293438196 -4.15058994
-2.89416504 2.87830067
4.22839069 -0.304622322
1.33313441 -3.27930117
-2.62848091 2.64006782
2.82385206 -2.40425301
-3.47157598 -2.90862536
0.346914947 -3.9966023
-0.026418345 -3.6524117
0.2159044 3.59081507
-2.94302821 2.76547074
-3.06383538 2.78416061
2.76389861 -2.82307649
0.154496238 3.4836278
3.0002389 2.78222132
-0.414596796 -3.69537187
-3.41486859 -0.995723784
2.657125 2.7330513
-4.02924728 0.214318573
-0.0406454206 4.56734276
2.55768251 -2.40224028
4.1784296 -0.215650722
-3.88297844 -0.94670403
4.4994936 0.137359634
1.67997575 -3.1446619
1.64791453 -3.16958141
2.95722103 2.72974706
0.0640613958 4.2320075
2.66720748 3.04960346
-0.219280824 -4.02419519
3.08798409 3.1491766
0.317574859 -4.17773342
-2.62574434 2.60923839
3.50816488 -0.809790909
-0.266504705 -4.2478199
2.97975159 3.01656961
-1.58379889 -3.56516743
4.24902964 0.321672648
-1.31333506 -3.19264698
-2.68463302 -2.92260742
-4.14269161 0.0599191636
-3.57657909 -0.323905736
4.10887241 0.499687642
-0.403927386 -3.90071344
0.263628989 3.78940988
0.150247306 -3.97127008
-4.1239481 0.233919054
-2.97587204 -3.00447869
2.82011032 2.62546587
3.02099419 3.15023994
2.97216773 2.66469288
4.59181738 0.314229101
4.05628443 0.0514686331
0.32027781 4.23372412
3.63056159 -0.152868062
3.68723726 -0.08315254
2.87681508 -3.06105518
0.0540604778 4.04529667
-3.7447052 0.0737900585
-2.17241693 2.96235061
-3.65600634 0.037430428
2.72370195 2.93393087
2.84786463 -2.92701125
-3.93628263 0.804432571
3.9076457 0.928693652
2.56716108 -2.74003744
3.97548056 0.203748733
-0.218360156 4.23804808
3.07625151 2.5612731
-3.03946757 2.67851973
3.28842688 -2.81401205
-2.6910367 2.67750883
-3.66510439 0.464401066
3.968431 0.0808725879
3.0939312 3.05843019
3.29873419 -2.80021453
-3.8896451 0.0812008306
2.00031924 3.17125106
3.1661005 -2.8904357
3.23452997 1.39110911
3.31312704 2.55360794
-0.446657568 -3.63683605
2.88926244 3.11307812
4.30825043 0.187488273
-0.803340912 3.35776901
0.899877489 -3.38622284
-0.141537428 -4.11791182
4.09757996 0.530152678
0.17239812 -3.97276068
-2.92795491 -2.93405724
3.74964762 -0.105395593
-2.99882388 -1.56574059
-3.70694256 0.0391122811
3.73973274 -0.0106249135
3.07689857 2.74364257
-2.5480504 2.76758027
3.79919815 0.0984522328
3.73703909 0.0120509677
4.05187559 -0.0797432289
3.07641125 2.83925176
-1.08237314 -3.39365697
-2.90677929 -2.80685759
-3.20425987 -2.7609272
-0.610115528 4.05890465
2.91416907 -2.77214837
-3.69094324 -0.269891262
0.233047977 -4.19201088
-0.289691269 -4.14638281
-4.18494844 0.365905941
4.1162343 -0.0507527702
2.88485599 3.64936328
-2.97749138 -3.06282687
-3.184587 2.63176465
0.269408941 -4.09226513
2.65799594 2.60283852
3.03602552 3.10110092
-3.05702567 3.14521456
-2.37303925 2.64718199
-0.0732781962 -4.09014034
4.32061052 -0.0339397341
0.0658554733 -3.75279117
-2.71375895 -2.64165974
0.246668994 4.18845272
-3.50992393 2.88739443
4.17541361 0.237190008
-1.09325027 -3.74943399
-2.61512828 2.71901202
3.96316147 0.0475751087
4.47856236 0.10662064
-2.70053291 -2.6291461
2.9483881 -2.84914255
4.02042103 0.0445580333
3.87700415 0.13365595
-2.31698179 2.67607045
3.13053823 -3.0236764
-4.03493118 -0.120820373
3.0934763 3.08067751
3.73766136 -0.0978875831
-0.244084477 4.2155118
-0.465999246 -3.79561353
-2.66843677 -3.24534225
2.22308517 3.29526663
-3.00376439 2.71879053
2.80104089 3.13545728
-4.39703369 -0.349204928
-0.273014367 4.00125313
0.0463979319 -3.84920096
-2.82504082 2.6708672
-2.47818589 2.83528662
0.503768384 4.08584023
2.7165823 -2.69629383
-0.0228633583 3.67073369
-2.14406347 2.77962255
2.69408369 3.03429365
-0.132081509 4.17368031
0.720868349 3.41866398
2.46011639 2.69062304
-0.190135747 -4.11450815
2.84499145 3.13854074
3.14057803 -2.88797235
-4.28744698 0.119912334
-2.87093306 2.86905718
4.08041716 -0.118561149
3.20582986 -3.33969402
2.80710554 2.75957704
4.20265102 0.251354575
2.74745369 -2.75344729
-4.16876841 0.211824313
4.27186394 -0.275204301
-4.11932087 -0.228103459
-3.21361899 2.98926783
-0.141494393 -3.75838614
-3.04504943 -3.10562134
0.349637717 -4.27041531
3.99105072 -0.282640219
0.263633907 -4.17419243
2.82723236 -2.83582044
-4.45051289 0.0957171768
2.89083433 -2.68920636
3.72124481 0.189736307
-0.194434285 4.0201354
-2.37881804 2.8160882
4.15133905 -0.0397298746
1.34080625 -3.301682
2.58084655 1.06065774
-2.88480186 -3.05082297
3.82307005 -0.159203917
2.5926137 2.62042737
3.71107793 -0.0429200456
4.13826704 -0.156359479
4.04747868 -0.322610259
-2.73214889 2.9982748
0.253180087 -4.21686363
-2.5959909 -2.58777618
-2.78491354 2.6427331
4.20384216 -0.0919001102
-4.24126863 0.146515459
-3.8554039 0.586652756
-2.7589736 3.18012905
3.78309798 0.037837103
3.27541947 1.15392923
2.9699831 -2.552037
-0.00147300912 3.31959772
2.74634314 -3.18447375
4.06021214 -0.994001389
4.71174049 -0.535207987
2.69234085 3.06583166
0.307410121 4.66849756
-0.0248743258 3.68522072
-2.18776321 3.06189775
-3.69056439 -0.0285499301
-3.15553141 2.74146914
-2.96841764 -2.72293711
2.84928083 3.15644717
-1.92263854 -3.29269075
-0.0954868421 -4.08832932
-3.07475424 2.49430895
-2.48621559 -2.80486679
2.78004003 -3.07384372
-0.316170394 4.29050589
-4.24002886 -0.473975897
-0.0396350957 -4.17906284
0.632947206 -3.51559377
-1.55193162 3.13770509
3.76651573 1.02767825
-0.0474448092 -4.2668457
-3.9887588 -0.933333755
3.01725149 3.14797354
2.63162208 2.97057867
3.14758658 2.74599361
0.253259212 -4.24311113
-2.92062831 -2.72374701
-3.5152247 0.744683802
-2.6150012 -2.69216371
2.82905555 -3.08773851
-0.174999684 3.84726286
2.55816245 3.02258372
-0.0474409238 -3.67382073
0.363324463 -4.0658741
-2.54684687 2.53759837
0.0167876519 3.90923285
2.62447977 -2.98127937
3.26017284 -0.982723415
-3.08902216 -2.89306784
-0.24530077 -4.36047411
-0.122031972 3.82398081
2.73648882 2.9605217
4.72437 0.0109955929
-3.72047496 0.069766216
-2.68494344 -2.93198752
2.61428308 2.75704598
-2.58117247 -2.57401323
-0.289577216 4.06363583
-0.152945831 -3.88295174
4.29470301 -0.330585986
-3.39462876 0.0135549186
-5.02469778 0.790858507
2.76961422 -2.64813685
0.0713969395 4.45484781
-0.0640128404 -4.05349445
4.00956059 0.0848664492
4.04314232 -2.94683003
-3.09139252 -2.84271812
-4.13008451 -0.257681847
4.04258251 -0.74325788
2.85396767 3.10523844
4.30412006 0.19147718
-3.15524721 1.45943153
3.59607625 -1.42219758
-2.88643408 2.76501703
-2.72069311 3.04699373
-2.62184525 -2.94730854
-4.09643078 0.192497298
3.02917528 1.91787791
3.21559644 -2.7570765
3.01277018 -3.18295717
-3.56600142 0.81083411
-3.02359438 -2.81947899
3.28560829 2.17515206
-2.83134961 -3.20297861
0.212991521 4.10820293
-0.182737127 4.18254519
1.76568222 3.05609012
3.08414936 -3.20946693
-3.63098454 0.202479541
-2.86655617 -2.75245523
3.72705173 -0.0854216367
2.83555365 2.7934835
-4.27751923 -0.0808078274
2.73246002 -3.11587691
-0.0868142694 3.85433388
-2.69183946 -2.60254526
0.282595813 4.12430286
2.55851555 -2.88337731
2.96728039 -2.4949522
1.32049358 3.32832193
-2.77158284 2.65041184
-2.65643907 -2.80268931
-2.64198589 2.63191676
2.42919254 -2.73458529
2.86472273 -2.93617916
-0.0277066026 3.69124794
-3.06162477 -2.86333466
-2.58447433 -2.55641532
3.79618454 -0.925987363
4.30978012 0.0712286234
-2.90344477 -3.20941353
2.58960867 -2.66837549
-4.04823065 0.112026364
4.38201189 -0.408416927
3.74404645 -0.0856875852
2.2344408 3.25322819
-2.95331645 -1.81049562
2.83225513 -3.01258326
1.15529168 -3.75064421
0.0019749254 -4.07630491
2.84614134 -2.76956248
2.51383209 2.65648556
-2.89078617 3.1686976
2.79249668 -3.23645234
-2.85977864 -3.24103856
2.71754265 3.17414761
2.59083414 -2.65574074
-4.16055441 0.00361588597
-0.0309089664 -3.68930793
-3.76485419 -0.0857900679
2.97414017 -2.99308872
3.04998446 2.99113083
-0.218470037 4.05102634
-2.73316097 2.83496118
3.84098959 -0.0677161291
0.845733762 3.37858486
3.47924685 -1.99636436
0.366848916 -3.86163902
-3.06108093 -2.76668906
0.14464432 3.91524816
2.89294553 2.64044642
-2.90767264 -3.20144057
-3.98416138 -0.0578038841
2.80115032 3.09690619
3.97746515 0.0815335512
-3.69210482 -0.597691774
-3.97104931 -0.0419371538
-2.68160152 -3.06492233
-2.41584516 -3.30173635
-3.24844122 -2.77800798
-2.74394369 2.48291564
0.182527125 -4.01878452
-4.06978989 0.048502747
3.5169673 -3.08780265
-3.89830208 0.168024212
2.86494374 -2.68193388
-0.260048509 3.9129107
-3.02989888 -2.7270627
-4.1528945 0.306387961
0.343773961 3.88842297
-3.7724812 1.1120832
-2.43241787 -2.91734695
0.38322854 -4.4711771
-0.0168179125 3.68092418
-0.13446933 4.03610134
2.82605124 -2.95205069
-2.93569827 -2.40082741
-2.69282246 -2.63990307
3.02628183 2.96348619
2.99018931 -3.0024116
-0.420005381 4.3168993
4.06047058 -0.225485265
-2.71707582 2.82443571
-2.98236203 -1.56380856
2.77609754 -3.20651817
-2.29528952 3.11621881
2.90247154 2.7703526
-4.335145 0.104079112
-2.69214916 -2.97701073
3.07852077 -2.89653587
-0.0722023919 -4.11853981
-2.11339617 3.47230864
0.343339592 4.27099609
4.10865498 -0.14939028
4.014534 0.238938242
1.28835583 3.34855175
-3.05632401 2.7003243
-2.86261177 1.80414915
-2.9728086 -2.91056681
2.8214922 2.30283999
-0.148993269 -3.9332726
-2.78878284 -3.0334785
2.89838552 -2.91342998
-0.0764903873 3.74474812
0.272605658 -4.16910601
-2.80054617 2.86603069
-4.3016758 -0.331861943
-0.0570298731 -4.05444336
-2.77318645 -2.02678776
-0.0742342398 -4.13500929
-2.61645436 2.66230273
-2.83486986 2.96257734
2.73100448 3.20538473
0.251049042 -4.02531433
2.47588468 2.41182709
-3.15253448 2.87990952
-0.0161953028 -4.03153563
0.814374089 3.38940167
-2.63668489 2.85044146
-0.0318491273 4.1313839
-4.17706156 -0.282164812
-2.83531046 3.13485408
-1.96276581 2.84045482
-0.469336957 -3.79495859
-2.80387187 -3.09095764
-2.72556543 3.01793814
-0.2015917 -4.05733633
3.79305744 -0.107571565
3.60177684 0.137388781
4.2022295 -0.145708799
3.09224749 -1.81116056
-2.61162424 -2.77341342
3.04057407 -2.90712976
-2.59074259 -2.73269272
2.70458603 -2.76241708
-0.186120719 -4.18143225
-3.84427118 0.109200649
0.181577966 4.17619514
0.0828099623 -3.85681939
-3.67780614 0.00668168627
4.26867867 -0.20735617
4.27428246 -0.15726912
-2.76492143 -2.95868993
-2.59338665 2.60721922
0.341709018 4.16639566
-2.82470036 3.09009743
-0.0335174128 4.18492222
3.02449179 2.76956463
-3.5223012 1.9148407
-3.44435692 -3.28723717
-2.76133561 2.86528587
0.131400958 4.1970439
0.0176843591 -4.12642002
3.13583207 -2.74252391
3.25293779 -3.06809855
-4.18445778 0.0386197269
4.09834909 0.198363453
3.32913518 -1.22342551
-0.360762268 4.26295137
-2.60412025 -2.57533693
3.04025793 3.07207203
2.5058372 2.99538016
-3.98184562 0.16230242
2.87837815 -3.00937676
3.14867616 3.13415003
-0.61526674 -3.46808529
-0.537557125 -3.45843983
2.80236793 2.85389876
-2.82810378 -2.66483688
-0.568993628 -3.71029449
3.79738522 0.0413904861
0.204233989 -3.79986048
4.09078884 -0.100649931
4.24674416 -0.260916501
0.193337291 -4.38174009
-0.253331542 4.00994778
0.236128122 -4.06037998
0.0388798267 3.7686975
-2.78760195 2.79784393
-4.01503944 -0.232198715
3.06764936 -2.80196524
-2.65828586 -2.98135805
3.74595165 -0.072910592
-2.590698 2.55773211
2.66011238 2.75227475
-0.0749475807 4.25077009
-4.0860548 0.247379705
4.09589529 1.31180048
-2.76005173 2.6407907
-0.285752535 3.95643187
3.58843565 0.448065013
-2.86284494 2.83138061
-1.48864388 3.51626921
0.011650648 -4.03899145
-0.00217753835 4.07209206
-2.95178199 2.88195467
-2.6617198 -2.66568136
-2.93400002 -2.7848196
3.24216318 -2.48974276
-4.24315786 0.0634831339
-3.12564516 -2.75259447
3.44996881 2.24764442
-2.63824058 -2.71498299
-0.860875487 3.57773924
3.90447426 0.22502026
2.62270904 2.76169252
-2.61878324 -2.69945359
3.02870035 -2.69350362
-2.90837359 3.04708719
-2.58715892 -2.56047487
0.609781861 3.24054837
-0.00138656795 4.46547222
-2.36775589 2.87116528
-3.17155266 -3.00404501
0.051335454 3.924613
0.269975662 -4.23426819
-3.96925879 -0.254439056
-4.17481279 0.148597211
3.69420528 -1.12336874
3.09799814 2.97946024
-3.90459728 0.202235356
-3.42198277 -0.606256306
3.92503452 -0.0791024193
-2.71351314 2.84994316
3.04387093 2.85094094
3.07799172 2.91053486
0.147432357 -3.94687414
-2.79749012 2.86884212
-2.65335584 -2.89215994
-2.65499139 2.87428236
0.0365219079 -3.70865512
-0.269642115 3.84383678
4.04073763 0.160324842
0.0832502842 3.85508728
3.19554377 2.7317698
1.82114923 2.93302655
-0.117804818 -4.23560619
1.87583828 -3.14363647
2.59917974 -2.64564395
-0.14995423 -3.86489534
3.05363584 1.84793985
-2.84164715 1.8842119
2.88016438 2.82131624
4.54201221 -0.350310922
2.67120099 -2.60962296
1.81023443 -3.0842557
2.52928138 2.84079456
4.07386541 0.0249035265
-3.83914614 0.13336727
-2.99913788 -2.9918828
-2.89524937 -2.84857106
-3.09872413 1.39763474
-3.11239815 -1.36029637
-2.92548633 -2.89228487
-4.091537 -0.089065887
-2.86175561 -2.95617414
0.101843171 3.84424758
-0.000691592693 -3.69430947
-4.03525686 0.0380940698
0.0266670287 -4.24979782
3.09897661 -2.32790375
-3.8171556 0.0233122651
-2.58461237 2.57815862
0.0651681647 -3.8001461
0.322950363 -4.31912756
4.24935532 0.0243783537
3.09719038 -3.42310572
0.242620558 -3.91469383
3.15175748 3.15303516
-0.275844514 -3.91086173
0.275055438 4.24318838
0.00412599416 -4.29287815
3.00591755 2.77100182
2.92683411 2.65619326
-3.38281012 -2.89534807
4.2904892 0.30486992
-2.40163231 -3.5567348
4.27005768 -0.343562722
-2.7126987 2.86011839
-0.104534082 -4.096838
2.2982657 2.98215413
3.72661638 -0.0702703148
3.66645479 1.31447101
-3.66780496 0.00250005722
-2.95448327 -2.71597838
4.18515587 -0.804880559
0.0519949421 -3.7425952
3.0841074 -2.74393439
-2.78307438 -2.66388059
3.16577888 -2.96030903
-0.069812566 4.20298386
-0.267341763 4.07947159
-3.59217644 0.991775274
3.54803896 1.51048219
2.60607791 -2.66805768
-3.0370903 2.62042761
3.76299286 -0.0215599574
0.340026468 4.26540565
0.143647775 3.82119346
-2.9318223 3.08866572
-2.35509062 3.05908537
-4.23359203 -0.302183121
2.81577063 2.91997147
-0.197545826 -4.1401782
0.0800476745 4.02472115
-0.301681995 -4.18522978
2.71932173 -2.66398621
0.152738661 -4.00042152
-4.0360651 -0.257431269
3.06546211 2.65536189
2.67596626 2.63392997
-0.0118033867 3.6752398
-2.77761388 2.85761118
-2.80822659 -2.85525155
0.0398525298 -4.16056299
-0.0476613715 -3.62334061
-3.99632049 -0.149400979
3.25886607 0.616119385
0.208354816 4.00617552
-4.29457712 0.0629674643
-2.83279753 2.71611214
-4.28001118 -0.0493086055
3.15614104 -2.90658832
-3.32235837 2.78057718
2.84863257 2.69065809
-2.94701982 2.83727932
0.138366461 -4.22302198
-0.0288367011 3.64808846
-0.0808999613 -4.09386396
-2.84695864 2.86259413
3.03729486 -1.73637295
0.0770188868 -4.31825447
4.33337975 0.17010574
-2.80401874 -2.844522
-2.83677912 2.8145256
-0.899822652 3.45481324
2.71711993 -3.16032696
2.98544192 2.94396687
-2.98286152 -3.0251379
3.71442842 -0.0557759106
2.97405267 2.64792967
1.89784324 3.54031849
-0.394243807 -4.25341415
2.72140622 3.15893006
2.66218615 3.04457879
-2.86404943 2.73601699
0.422874212 3.50851512
2.85252452 -2.99359655
-0.0342238471 -4.05079985
2.64319205 -2.68981719
-0.0592503473 3.84659553
3.74055481 -0.0998044237
-2.61862826 2.64592075
0.31318292 -4.2943573
2.67342401 -2.37813067
-4.59135008 0.865710258
-3.57995009 -0.0618052259
2.91113806 -3.37364316
-3.95757198 0.946402729
4.36098766 -0.378573745
0.00120204873 -3.82486343
-0.0432796031 -4.04502201
4.08731794 0.224789858
-3.85609937 0.0358282179
-2.82912326 3.20761204
3.84094739 -0.117774479
-4.2270546 -0.1454871
-2.86715508 -2.67385054
3.95925283 0.0513972193
-3.94525671 -0.190148279
3.17130852 -2.91726255
-0.350851715 -3.81732368
-2.45416975 -2.84616995
4.23527718 -0.02300179
2.82263041 3.03082228
-2.69847536 3.15509272
-2.85217476 -3.14328194
0.309034556 -4.12618637
2.90576577 -2.66522169
3.23040414 -1.49862027
2.38082862 -3.2171309
2.82135868 -3.07169962
-4.0589118 -0.0454358794
-2.83609676 -3.22214031
-2.82160163 2.9802165
0.17354849 4.29988575
-2.67959499 -2.93874288
3.18083668 -2.67789412
3.02513385 -3.12449598
3.33777404 -3.07748365
0.102118574 4.04090977
-2.9574852 2.99409723
2.81550574 -2.87473536
0.187933892 -4.1584754
-2.53046727 -2.57901621
2.77792525 2.59959602
2.50308514 2.6102953
-3.05113792 2.70720053
-0.397610724 4.30038166
3.1743679 -1.68434286
0.0161367282 -3.66944814
2.63425779 2.90547919
-2.56416059 -2.66883826
-2.70036077 2.99326205
3.38900089 -1.53497517
3.67568231 0.0373433605
-3.01222014 2.70583296
2.55376649 2.64365339
-2.27996707 -2.83825493
4.18046713 -0.0284441598
2.47077799 -2.6753006
-0.109556511 3.9983182
-2.66576624 2.88230586
3.0004797 2.69336891
0.865757585 3.68249559
2.66716838 -2.49990559
-3.16075516 -2.76108193
-2.27784014 -3.45522881
2.97782898 -3.07920551
3.90832901 0.368437886
-2.89667082 2.94343686
2.55167127 2.6022923
-4.34058189 0.297674268
-2.73781562 3.14934778
3.66448069 0.10642425
2.73213696 -2.22453713
-3.79736185 0.0947069526
3.55403852 0.508850336
3.78446054 0.0638354868
0.116570756 4.27292633
-2.95989013 3.08893442
-2.85667729 -3.11607623
-4.3730092 -0.164258048
-0.091979295 -3.80237103
-3.77494478 1.41858506
-2.84292126 3.16621208
-0.10381449 3.77791262
2.30916166 -2.83755755
-3.0453043 -2.78673077
-3.0131588 -3.27343941
3.79352093 0.306906432
2.77861023 -2.76097465
0.0627054349 3.8143332
2.61308718 -3.22526789
4.19069672 0.224305674
-4.07829714 -0.257263333
-3.08310652 -2.87632608
3.21419072 -2.08977365
-2.5385983 2.59644961
-2.85624337 -2.89172339
3.36483717 0.894791186
-3.66708207 0.00239327364
-4.07110929 0.123768479
-0.321719617 4.09983349
-3.06936121 3.0012989
2.87909937 3.16036439
2.88435459 -2.9009378
2.59385157 2.82438993
-3.79026937 0.0323628522
0.118269801 -3.73777533
-2.81005001 2.8911562
2.79441667 -2.79378891
-2.31949067 2.81770635
-2.6929934 -2.63005757
2.94952059 1.79442787
2.58962226 2.00397515
3.82354856 0.612208009
2.99250746 -2.86350131
-0.0106878569 4.29057407
3.05464983 -2.94084048
-2.5911746 2.59896898
2.59535909 2.89860821
-0.00901258923 -4.14088249
-2.76157594 2.64419127
-1.81106758 3.13054371
0.118905179 -4.07917881
-2.69184446 -2.96896696
-4.27337217 -0.318710238
-2.77602935 -2.39442396
-2.82309508 -2.74921608
0.117368631 -3.87758541
3.7797327 0.0517393947
3.86650109 -0.327787429
-2.81425643 2.69450307
0.296718895 -4.2035675
4.07003117 0.219432518
-3.72046947 0.48785609
-0.234644949 -3.85601997
-3.69890308 0.0910606384
2.09392881 3.22139835
-2.90134764 2.93821859
1.00576127 -1.55082977
-3.88149476 0.252815604
3.13031077 -1.87879777
-4.25003052 -0.0778532326
4.00698853 0.179320395
0.0547967441 -3.8052876
-0.229518175 -4.02020454
2.99463558 2.9470439
2.95445371 3.17061949
-2.69882798 2.69591904
0.0458536446 -3.75321984
-0.0342249721 4.09083557
-0.569606245 3.49153781
3.69679713 0.0122643048
2.86680174 3.04899454
-2.87277842 -2.67814136
3.81484723 0.215776995
-3.01844501 3.03444672
0.285181582 4.09693956
-0.0496760011 3.8922205
3.0886693 -2.90194702
-3.84965324 0.123485714
3.98859501 0.0273643453
-3.60255241 0.05158934
-0.573616207 4.19763994
-3.94651723 0.193013683
0.0654232353 -4.21716261
-1.14233768 3.26652169
-4.26942348 -0.305437833
3.03942561 2.83926678
4.0460372 1.1405468
3.30847168 3.19535041
-2.94405127 -2.70868158
2.83550119 2.85315418
-2.42612386 -2.62566853
-2.9512291 2.9880445
-4.31392193 -0.254977643
-2.82930779 3.12448859
-2.62953067 2.74571109
0.0927044004 3.52139187
-0.433704495 3.83385992
2.77426767 -2.58072948
-4.12390566 0.141414538
-1.83965778 2.91927838
-0.124368593 -3.86560822
-3.77432418 -0.0824281275
-0.0428672284 4.25704098
4.17207575 -0.0707600415
2.59194922 -2.87611794
-3.57444477 -0.0870483369
-2.79933572 2.95056391
-0.58302027 -3.94142413
2.89227581 2.69508076
-0.509697497 4.04919386
-4.09124231 -0.679263055
3.11715555 -2.91646528
-3.06760645 2.79440999
-0.140296802 -3.89551282
2.94380426 -2.74066877
-2.67967796 2.64327645
-4.35581636 0.00138229132
-4.09176731 0.270509899
0.107187808 3.96918392
2.7140274 3.08579373
4.44641638 -0.189396828
3.39715123 1.95722437
-0.122867607 4.12526751
-2.71158838 -2.34441304
-3.67048359 -0.00219452381
4.1230092 0.127366364
-0.502929211 3.51708078
0.0488229059 -4.03747463
-3.00582981 2.9431963
0.125952244 4.50672197
-0.0367776416 -4.28305197
-0.0316458195 3.69480228
2.68892813 -2.86444998
-2.73828912 3.00953388
4.39940262 0.510826468
-4.22333622 -0.0118850404
0.320596755 3.71008062
-4.69317389 -0.314508229
2.90671253 3.12635899
3.1601851 -2.94228792
-2.91170382 3.05206537
0.696726978 -3.70180273
2.88927126 3.15006542
0.236099243 4.04882431
-0.115187608 -4.14473677
4.15249825 -0.201868534
2.75241947 2.45097017
3.1419692 -3.05141234
-2.89597273 -3.311656
-2.6479826 -2.8857913
3.06385946 -2.96891832
0.0363575369 -3.69232416
-3.0327034 2.85595322
2.86739326 2.51212215
-3.13715792 2.69859648
4.23637581 -0.180551738
-4.17772198 0.0847876817
-2.96412206 -2.8062644
-4.36011124 -0.165889606
-2.01657033 2.86088228
-2.83372712 -2.77180314
3.87438679 0.536500514
-2.93792748 -2.79002547
0.325333416 4.06707382
0.958918869 -3.47101855
3.70924878 -0.0248332769
-2.96242714 -2.93049145
-3.242589 1.45657074
0.324635267 4.23577404
0.112570524 -3.86774778
-3.06484938 -3.04057789
-3.13662004 2.73128939
-3.48940182 0.249886408
2.89801526 2.65873909
-1.43888676 -3.04284763
-3.21943069 -3.51742029
3.27997041 -2.7089572
-4.21472263 -0.0322883539
2.69254923 -2.963274
-0.15102917 -4.01956749
2.96784687 2.81123209
-1.75245893 2.96710086
0.05674427 -3.78111649
2.89697242 -3.15551805
-3.20048761 -2.15519428
-2.13718557 3.36269832
2.76213908 2.99481201
-2.77754164 3.02568197
-0.176696613 -3.83213091
-2.60353231 -2.5734036
3.91208339 0.116044581
-0.227424562 -4.15545559
3.15053225 -1.50560355
3.09533715 -2.98978281
4.15475368 0.366730869
4.09732199 -0.166480705
0.0416969545 -3.75511193
3.18866682 -2.72703886
-2.71556497 2.66397285
-3.00773978 -2.7211678
2.67098951 2.76228952
-2.75074339 3.22117186
3.00882483 -2.68879747
-3.16617823 2.89729404
2.9633007 3.18170929
4.09738111 0.153051972
2.72246408 2.60039186
-3.31827068 0.723381758
2.63088036 -2.77719975
0.517175138 -3.87906265
4.06920528 0.0927224457
3.4506526 -0.453644335
-2.93254471 -2.53021812
0.223911911 4.05198431
2.77218056 -2.67431355
2.62435603 2.66402268
-2.73304009 -2.71607208
4.145051 -0.0109955613
2.81875849 -3.14641714
3.79515719 -0.0205092095
4.01535892 0.114325315
-2.83078384 3.3055644
-0.15544793 -3.77348661
2.69292879 -2.88572979
4.48978043 0.210782856
0.317450285 -3.96335411
-0.0828184783 -4.30636549
-2.56017256 2.58110905
3.88836336 0.101106316
-2.81478739 -2.79696894
2.66944528 3.1222322
3.90055037 0.0550392717
4.39121771 0.627690077
2.75352645 3.15361691
-2.93834758 -2.69353056
-3.32895112 1.1337105
2.63794422 2.98719501
-0.00584405288 -3.71908569
1.99606824 2.98792124
-0.633454204 3.77949381
-3.22620678 -2.60528517
-0.0265063569 4.17262983
2.68862152 2.87647772
2.74204731 -2.86650658
-2.87925196 -2.7215991
-3.34622359 1.08317065
2.78154254 -2.90823984
2.72740841 -2.8023417
3.84932995 -0.0331512094
-2.94560194 -2.98483706
-2.76526499 2.86319733
-3.03734708 -2.94812441
-0.0751667917 3.61088276
0.186559409 -3.98926735
-2.62850571 2.63274431
-4.2516489 -0.314744681
-4.27451372 0.116933234
2.75820923 -2.69485664
-0.335957587 -4.20908976
-0.141746163 -4.11730194
-3.40012503 1.78345394
-2.51720691 3.09094191
3.83995152 0.235086605
-3.83479452 0.0664936602
-2.97671747 2.94519496
-2.84663415 -2.66865039
2.99281049 -2.74997163
2.58414054 2.66819644
0.143719748 -4.22792053
-2.60662746 -2.63559794
-0.0311038718 -4.28274918
-0.218519166 4.49141788
3.0132134 2.80922508
-3.76450253 -0.0890553668
-2.72495985 -3.09759283
4.40477848 -0.0490225106
-1.9162395 3.00717187
4.09000874 -0.220131308
0.155669779 3.8823936
2.84688568 2.69190931
0.396798909 3.68952799
3.2092433 -1.56968653
-3.72853827 0.060023278
-4.02096128 0.173002794
0.0283172056 -3.83747149
-0.00884479471 -4.12526131
4.22312546 -0.300444454
4.26548481 -0.00915923156
1.51012635 -3.38703895
2.66507697 2.86393619
2.68709135 -3.08104587
3.91978693 -0.176129282
4.19165945 0.0971406922
-3.19507885 -1.06033623
-3.86808372 -0.0741481632
2.82357979 3.09802055
-4.1032095 0.0514248461
2.88856316 -3.08187866
0.044416748 -4.110219
-2.15430784 3.10502982
-2.80117798 2.97685313
-2.99012399 2.39461017
-2.80832887 -2.87547398
0.17103298 -4.16290092
-3.70821643 2.5469451
0.0816300884 3.70155144
-0.239333838 3.80232692
-3.96340418 0.531386495
-0.0303107426 -3.90005207
3.07564306 3.0625658
-2.86330009 -2.76912236
-2.74046421 -2.9397974
4.02613544 0.034698166
-0.516257405 -4.4475131
2.54754758 2.72892785
0.0822483972 -4.09465742
-0.0527390391 -4.23683405
-3.04855537 2.83624268
-0.0121212453 3.65312147
2.38051987 3.40718865
0.774851441 -3.52709818
-4.04036951 -0.00470451824
2.74689078 -2.78303409
-3.77278113 0.0181740914
0.0024393443 -4.0501647
0.679275513 3.40206051
2.82775021 2.79983616
-3.6941843 0.204708561
-2.84347486 -2.92877173
-3.69920683 -1.01117277
0.66732049 3.89682722
3.78591752 -0.105971865
-0.110715821 -4.26580191
0.0796927065 -4.16167307
3.13798857 -2.66939211
-2.66116309 -2.64992166
-0.0760154799 -4.54374075
0.0729083642 4.16657448
-2.6638968 2.64982891
4.46379042 0.0359484404
-2.81858015 2.22439003
0.00705681928 -3.69498491
2.3467145 -2.84652328
2.58303094 2.91435885
3.74835205 -0.00999638811
-2.6858201 2.63071752
-2.59779596 2.62758541
